fecha_escaneo,item_id,titulo,marca,precio,moneda,favoritos,talla,url,foto_url
2026-09-30T11:30:53,10190842646,New Balance 9060 Brown Size 7,New Balance,80.33,USD,1,40,https://www.vinted.es/items/10190842646-new-balance-9060-brown-size-7,https://images1.vinted.net/t/05_02001_xf9uGHtbemPUd8unLc6midfT/f800/75880794.webp?s=82ab48fb695709f179fe760562c22d98bf807cb8
2026-09-30T11:30:53,10190416773,UGG Lowmel Trainers Sand,UGG,133.88,USD,6,39,https://www.vinted.es/items/10190416773-ugg-lowmel-trainers-sand,https://images1.vinted.net/t/02_001a3_j2U5BdHw9qfF82SnQwjkvpmF/f800/4b5a3bf7.webp?s=c7c27aeb9261bad890dc4a83323efdc9b0e00753
2026-09-30T11:40:40,10190842646,New Balance 9060 Brown Size 7,New Balance,80.33,USD,9,40,https://www.vinted.es/items/10190842646-new-balance-9060-brown-size-7,https://images1.vinted.net/t/05_02001_xf9uGHtbemPUd8unLc6midfT/f800/75880794.webp?s=82ab48fb695709f179fe760562c22d98bf807cb8
2026-09-30T11:40:40,10190416773,UGG Lowmel Trainers Sand,UGG,133.88,USD,6,39,https://www.vinted.es/items/10190416773-ugg-lowmel-trainers-sand,https://images1.vinted.net/t/02_001a3_j2U5BdHw9qfF82SnQwjkvpmF/f800/4b5a3bf7.webp?s=c7c27aeb9261bad890dc4a83323efdc9b0e00753
2026-09-30T11:50:38,10190842646,New Balance 9060 Brown Size 7,New Balance,80.33,USD,17,40,https://www.vinted.es/items/10190842646-new-balance-9060-brown-size-7,https://images1.vinted.net/t/05_02001_xf9uGHtbemPUd8unLc6midfT/f800/75880794.webp?s=82ab48fb695709f179fe760562c22d98bf807cb8
2026-09-30T11:50:38,10190416773,UGG Lowmel Trainers Sand,UGG,133.88,USD,6,39,https://www.vinted.es/items/10190416773-ugg-lowmel-trainers-sand,https://images1.vinted.net/t/02_001a3_j2U5BdHw9qfF82SnQwjkvpmF/f800/4b5a3bf7.webp?s=c7c27aeb9261bad890dc4a83323efdc9b0e00753
2026-09-30T12:01:08,10190842646,New Balance 9060 Brown Size 7,New Balance,80.33,USD,23,40,https://www.vinted.es/items/10190842646-new-balance-9060-brown-size-7,https://images1.vinted.net/t/05_02001_xf9uGHtbemPUd8unLc6midfT/f800/75880794.webp?s=82ab48fb695709f179fe760562c22d98bf807cb8
2026-09-30T12:01:08,10190416773,UGG Lowmel Trainers Sand,UGG,133.88,USD,6,39,https://www.vinted.es/items/10190416773-ugg-lowmel-trainers-sand,https://images1.vinted.net/t/02_001a3_j2U5BdHw9qfF82SnQwjkvpmF/f800/4b5a3bf7.webp?s=c7c27aeb9261bad890dc4a83323efdc9b0e00753
2026-09-30T12:10:54,10190842646,New Balance 9060 Brown Size 7,New Balance,80.33,USD,25,40,https://www.vinted.es/items/10190842646-new-balance-9060-brown-size-7,https://images1.vinted.net/t/05_02001_xf9uGHtbemPUd8unLc6midfT/f800/75880794.webp?s=82ab48fb695709f179fe760562c22d98bf807cb8
2026-09-30T12:10:54,10190416773,UGG Lowmel Trainers Sand,UGG,133.88,USD,6,39,https://www.vinted.es/items/10190416773-ugg-lowmel-trainers-sand,https://images1.vinted.net/t/02_001a3_j2U5BdHw9qfF82SnQwjkvpmF/f800/4b5a3bf7.webp?s=c7c27aeb9261bad890dc4a83323efdc9b0e00753
2026-09-30T12:20:43,10190842646,New Balance 9060 Brown Size 7,New Balance,80.33,USD,29,40,https://www.vinted.es/items/10190842646-new-balance-9060-brown-size-7,https://images1.vinted.net/t/05_02001_xf9uGHtbemPUd8unLc6midfT/f800/75880794.webp?s=82ab48fb695709f179fe760562c22d98bf807cb8
2026-09-30T12:20:43,10190416773,UGG Lowmel Trainers Sand,UGG,133.88,USD,7,39,https://www.vinted.es/items/10190416773-ugg-lowmel-trainers-sand,https://images1.vinted.net/t/02_001a3_j2U5BdHw9qfF82SnQwjkvpmF/f800/4b5a3bf7.webp?s=c7c27aeb9261bad890dc4a83323efdc9b0e00753
2026-09-30T12:30:55,10190842646,New Balance 9060 Brown Size 7,New Balance,80.33,USD,32,40,https://www.vinted.es/items/10190842646-new-balance-9060-brown-size-7,https://images1.vinted.net/t/05_02001_xf9uGHtbemPUd8unLc6midfT/f800/75880794.webp?s=82ab48fb695709f179fe760562c22d98bf807cb8
2026-09-30T12:30:55,10190416773,UGG Lowmel Trainers Sand,UGG,133.88,USD,8,39,https://www.vinted.es/items/10190416773-ugg-lowmel-trainers-sand,https://images1.vinted.net/t/02_001a3_j2U5BdHw9qfF82SnQwjkvpmF/f800/4b5a3bf7.webp?s=c7c27aeb9261bad890dc4a83323efdc9b0e00753
2026-09-30T12:40:40,10190842646,New Balance 9060 Brown Size 7,New Balance,80.33,USD,36,40,https://www.vinted.es/items/10190842646-new-balance-9060-brown-size-7,https://images1.vinted.net/t/05_02001_xf9uGHtbemPUd8unLc6midfT/f800/75880794.webp?s=82ab48fb695709f179fe760562c22d98bf807cb8
2026-09-30T12:40:40,10190416773,UGG Lowmel Trainers Sand,UGG,133.88,USD,8,39,https://www.vinted.es/items/10190416773-ugg-lowmel-trainers-sand,https://images1.vinted.net/t/02_001a3_j2U5BdHw9qfF82SnQwjkvpmF/f800/4b5a3bf7.webp?s=c7c27aeb9261bad890dc4a83323efdc9b0e00753
2026-09-30T12:50:43,10190842646,New Balance 9060 Brown Size 7,New Balance,80.33,USD,39,40,https://www.vinted.es/items/10190842646-new-balance-9060-brown-size-7,https://images1.vinted.net/t/05_02001_xf9uGHtbemPUd8unLc6midfT/f800/75880794.webp?s=82ab48fb695709f179fe760562c22d98bf807cb8
2026-09-30T12:50:43,10190416773,UGG Lowmel Trainers Sand,UGG,133.88,USD,9,39,https://www.vinted.es/items/10190416773-ugg-lowmel-trainers-sand,https://images1.vinted.net/t/02_001a3_j2U5BdHw9qfF82SnQwjkvpmF/f800/4b5a3bf7.webp?s=c7c27aeb9261bad890dc4a83323efdc9b0e00753
2026-09-30T13:01:15,10191924156,UGG lowmel sand,UGG,160.66,USD,0,38,https://www.vinted.es/items/10191924156-ugg-lowmel-sand,https://images1.vinted.net/t/02_01db2_rppPTDKAH6mWFSV3pwWyCxps/f800/05ad6a74.webp?s=4f84100c7b4dde9e7243f9f8d9a11e78d199c89d
2026-09-30T13:01:15,10190842646,New Balance 9060 Brown Size 7,New Balance,80.33,USD,43,40,https://www.vinted.es/items/10190842646-new-balance-9060-brown-size-7,https://images1.vinted.net/t/05_02001_xf9uGHtbemPUd8unLc6midfT/f800/75880794.webp?s=82ab48fb695709f179fe760562c22d98bf807cb8
2026-09-30T13:10:40,10190842646,New Balance 9060 Brown Size 7,New Balance,80.33,USD,47,40,https://www.vinted.es/items/10190842646-new-balance-9060-brown-size-7,https://images1.vinted.net/t/05_02001_xf9uGHtbemPUd8unLc6midfT/f800/75880794.webp?s=82ab48fb695709f179fe760562c22d98bf807cb8
2026-09-30T13:20:55,10192121354,UGG lowmel  |   Size 5 - sand,UGG,147.27,USD,2,38,https://www.vinted.es/items/10192121354-ugg-lowmel-size-5-sand,https://images1.vinted.net/t/06_00f43_F6FhqeFDNEvjWWCa6sGBeRYB/f800/42e4f0fe.webp?s=d233ec014615641107ce72c8eb0e8bad2820fff8
2026-09-30T13:20:55,10190842646,New Balance 9060 Brown Size 7,New Balance,80.33,USD,52,40,https://www.vinted.es/items/10190842646-new-balance-9060-brown-size-7,https://images1.vinted.net/t/05_02001_xf9uGHtbemPUd8unLc6midfT/f800/75880794.webp?s=82ab48fb695709f179fe760562c22d98bf807cb8
2026-09-30T13:31:10,10192121354,UGG lowmel  |   Size 5 - sand,UGG,147.27,USD,4,38,https://www.vinted.es/items/10192121354-ugg-lowmel-size-5-sand,https://images1.vinted.net/t/06_00f43_F6FhqeFDNEvjWWCa6sGBeRYB/f800/42e4f0fe.webp?s=d233ec014615641107ce72c8eb0e8bad2820fff8
2026-09-30T13:31:10,10190842646,New Balance 9060 Brown Size 7,New Balance,80.33,USD,55,40,https://www.vinted.es/items/10190842646-new-balance-9060-brown-size-7,https://images1.vinted.net/t/05_02001_xf9uGHtbemPUd8unLc6midfT/f800/75880794.webp?s=82ab48fb695709f179fe760562c22d98bf807cb8
2026-09-30T13:40:40,10192121354,UGG lowmel  |   Size 5 - sand,UGG,147.27,USD,6,38,https://www.vinted.es/items/10192121354-ugg-lowmel-size-5-sand,https://images1.vinted.net/t/06_00f43_F6FhqeFDNEvjWWCa6sGBeRYB/f800/42e4f0fe.webp?s=d233ec014615641107ce72c8eb0e8bad2820fff8
2026-09-30T13:40:40,10190842646,New Balance 9060 Brown Size 7,New Balance,80.33,USD,56,40,https://www.vinted.es/items/10190842646-new-balance-9060-brown-size-7,https://images1.vinted.net/t/05_02001_xf9uGHtbemPUd8unLc6midfT/f800/75880794.webp?s=82ab48fb695709f179fe760562c22d98bf807cb8
2026-09-30T13:50:41,10192523586,Sportssko Nike P6000 storrelse 7,Nike,76.31,USD,1,40,https://www.vinted.es/items/10192523586-sportssko-nike-p6000-storrelse-7,https://images1.vinted.net/t/06_0049c_3ai3tk74xchkodB1F6ZEfGDx/f800/fd09092a.webp?s=11802a1a03c5ba34ebdf3221c2ab4b2966bdb3ed
2026-09-30T13:50:41,10190842646,New Balance 9060 Brown Size 7,New Balance,80.33,USD,59,40,https://www.vinted.es/items/10190842646-new-balance-9060-brown-size-7,https://images1.vinted.net/t/05_02001_xf9uGHtbemPUd8unLc6midfT/f800/75880794.webp?s=82ab48fb695709f179fe760562c22d98bf807cb8
2026-09-30T14:01:11,10192523586,Sportssko Nike P6000 storrelse 7,Nike,76.31,USD,2,40,https://www.vinted.es/items/10192523586-sportssko-nike-p6000-storrelse-7,https://images1.vinted.net/t/06_0049c_3ai3tk74xchkodB1F6ZEfGDx/f800/fd09092a.webp?s=11802a1a03c5ba34ebdf3221c2ab4b2966bdb3ed
2026-09-30T14:01:11,10190842646,New Balance 9060 Brown Size 7,New Balance,80.33,USD,66,40,https://www.vinted.es/items/10190842646-new-balance-9060-brown-size-7,https://images1.vinted.net/t/05_02001_xf9uGHtbemPUd8unLc6midfT/f800/75880794.webp?s=82ab48fb695709f179fe760562c22d98bf807cb8
2026-09-30T14:05:53,10192523586,Sportssko Nike P6000 storrelse 7,Nike,76.31,USD,3,40,https://www.vinted.es/items/10192523586-sportssko-nike-p6000-storrelse-7,https://images1.vinted.net/t/06_0049c_3ai3tk74xchkodB1F6ZEfGDx/f800/fd09092a.webp?s=11802a1a03c5ba34ebdf3221c2ab4b2966bdb3ed
2026-09-30T14:05:53,10190842646,New Balance 9060 Brown Size 7,New Balance,80.33,USD,67,40,https://www.vinted.es/items/10190842646-new-balance-9060-brown-size-7,https://images1.vinted.net/t/05_02001_xf9uGHtbemPUd8unLc6midfT/f800/75880794.webp?s=82ab48fb695709f179fe760562c22d98bf807cb8
2026-09-30T14:10:42,10192523586,Sportssko Nike P6000 storrelse 7,Nike,76.31,USD,3,40,https://www.vinted.es/items/10192523586-sportssko-nike-p6000-storrelse-7,https://images1.vinted.net/t/06_0049c_3ai3tk74xchkodB1F6ZEfGDx/f800/fd09092a.webp?s=11802a1a03c5ba34ebdf3221c2ab4b2966bdb3ed
2026-09-30T14:10:42,10190842646,New Balance 9060 Brown Size 7,New Balance,80.33,USD,67,40,https://www.vinted.es/items/10190842646-new-balance-9060-brown-size-7,https://images1.vinted.net/t/05_02001_xf9uGHtbemPUd8unLc6midfT/f800/75880794.webp?s=82ab48fb695709f179fe760562c22d98bf807cb8
2026-09-30T14:20:44,10192669493,Ugg Lowmel | size 6 - sand,UGG,120.49,USD,0,39,https://www.vinted.es/items/10192669493-ugg-lowmel-size-6-sand,https://images1.vinted.net/t/01_01491_dfvKRVz2oKBMiuuNEywTPgzE/f800/5624d2f8.webp?s=4242c018a5670be1085b18b6818e22182bbd12b9
2026-09-30T14:20:44,10192523586,Sportssko Nike P6000 storrelse 7,Nike,76.31,USD,3,40,https://www.vinted.es/items/10192523586-sportssko-nike-p6000-storrelse-7,https://images1.vinted.net/t/06_0049c_3ai3tk74xchkodB1F6ZEfGDx/f800/fd09092a.webp?s=11802a1a03c5ba34ebdf3221c2ab4b2966bdb3ed
2026-09-30T14:30:59,10192669493,Ugg Lowmel | size 6 - sand,UGG,120.49,USD,0,39,https://www.vinted.es/items/10192669493-ugg-lowmel-size-6-sand,https://images1.vinted.net/t/01_01491_dfvKRVz2oKBMiuuNEywTPgzE/f800/5624d2f8.webp?s=4242c018a5670be1085b18b6818e22182bbd12b9
2026-09-30T14:30:59,10192523586,Sportssko Nike P6000 storrelse 7,Nike,76.31,USD,4,40,https://www.vinted.es/items/10192523586-sportssko-nike-p6000-storrelse-7,https://images1.vinted.net/t/06_0049c_3ai3tk74xchkodB1F6ZEfGDx/f800/fd09092a.webp?s=11802a1a03c5ba34ebdf3221c2ab4b2966bdb3ed
2026-09-30T14:40:43,10192669493,Ugg Lowmel | size 6 - sand,UGG,120.49,USD,0,39,https://www.vinted.es/items/10192669493-ugg-lowmel-size-6-sand,https://images1.vinted.net/t/01_01491_dfvKRVz2oKBMiuuNEywTPgzE/f800/5624d2f8.webp?s=4242c018a5670be1085b18b6818e22182bbd12b9
2026-09-30T14:40:43,10192523586,Sportssko Nike P6000 storrelse 7,Nike,76.31,USD,4,40,https://www.vinted.es/items/10192523586-sportssko-nike-p6000-storrelse-7,https://images1.vinted.net/t/06_0049c_3ai3tk74xchkodB1F6ZEfGDx/f800/fd09092a.webp?s=11802a1a03c5ba34ebdf3221c2ab4b2966bdb3ed
2026-09-30T14:50:44,10192669493,Ugg Lowmel | size 6 - sand,UGG,120.49,USD,0,39,https://www.vinted.es/items/10192669493-ugg-lowmel-size-6-sand,https://images1.vinted.net/t/01_01491_dfvKRVz2oKBMiuuNEywTPgzE/f800/5624d2f8.webp?s=4242c018a5670be1085b18b6818e22182bbd12b9
2026-09-30T14:50:44,10192523586,Sportssko Nike P6000 storrelse 7,Nike,76.31,USD,4,40,https://www.vinted.es/items/10192523586-sportssko-nike-p6000-storrelse-7,https://images1.vinted.net/t/06_0049c_3ai3tk74xchkodB1F6ZEfGDx/f800/fd09092a.webp?s=11802a1a03c5ba34ebdf3221c2ab4b2966bdb3ed
2026-09-30T15:01:13,10192669493,Ugg Lowmel | size 6 - sand,UGG,120.49,USD,0,39,https://www.vinted.es/items/10192669493-ugg-lowmel-size-6-sand,https://images1.vinted.net/t/01_01491_dfvKRVz2oKBMiuuNEywTPgzE/f800/5624d2f8.webp?s=4242c018a5670be1085b18b6818e22182bbd12b9
2026-09-30T15:01:13,10192523586,Sportssko Nike P6000 storrelse 7,Nike,76.31,USD,5,40,https://www.vinted.es/items/10192523586-sportssko-nike-p6000-storrelse-7,https://images1.vinted.net/t/06_0049c_3ai3tk74xchkodB1F6ZEfGDx/f800/fd09092a.webp?s=11802a1a03c5ba34ebdf3221c2ab4b2966bdb3ed
2026-09-30T15:10:44,10192669493,Ugg Lowmel | size 6 - sand,UGG,120.49,USD,0,39,https://www.vinted.es/items/10192669493-ugg-lowmel-size-6-sand,https://images1.vinted.net/t/01_01491_dfvKRVz2oKBMiuuNEywTPgzE/f800/5624d2f8.webp?s=4242c018a5670be1085b18b6818e22182bbd12b9
2026-09-30T15:10:44,10192523586,Sportssko Nike P6000 storrelse 7,Nike,76.31,USD,7,40,https://www.vinted.es/items/10192523586-sportssko-nike-p6000-storrelse-7,https://images1.vinted.net/t/06_0049c_3ai3tk74xchkodB1F6ZEfGDx/f800/fd09092a.webp?s=11802a1a03c5ba34ebdf3221c2ab4b2966bdb3ed
2026-09-30T15:20:41,10192669493,Ugg Lowmel | size 6 - sand,UGG,120.49,USD,1,39,https://www.vinted.es/items/10192669493-ugg-lowmel-size-6-sand,https://images1.vinted.net/t/01_01491_dfvKRVz2oKBMiuuNEywTPgzE/f800/5624d2f8.webp?s=4242c018a5670be1085b18b6818e22182bbd12b9
2026-09-30T15:20:41,10192523586,Sportssko Nike P6000 storrelse 7,Nike,76.31,USD,8,40,https://www.vinted.es/items/10192523586-sportssko-nike-p6000-storrelse-7,https://images1.vinted.net/t/06_0049c_3ai3tk74xchkodB1F6ZEfGDx/f800/fd09092a.webp?s=11802a1a03c5ba34ebdf3221c2ab4b2966bdb3ed
2026-09-30T15:30:59,10192669493,Ugg Lowmel | size 6 - sand,UGG,120.49,USD,1,39,https://www.vinted.es/items/10192669493-ugg-lowmel-size-6-sand,https://images1.vinted.net/t/01_01491_dfvKRVz2oKBMiuuNEywTPgzE/f800/5624d2f8.webp?s=4242c018a5670be1085b18b6818e22182bbd12b9
2026-09-30T15:30:59,10192523586,Sportssko Nike P6000 storrelse 7,Nike,76.31,USD,8,40,https://www.vinted.es/items/10192523586-sportssko-nike-p6000-storrelse-7,https://images1.vinted.net/t/06_0049c_3ai3tk74xchkodB1F6ZEfGDx/f800/fd09092a.webp?s=11802a1a03c5ba34ebdf3221c2ab4b2966bdb3ed
2026-09-30T15:40:42,10192669493,Ugg Lowmel | size 6 - sand,UGG,120.49,USD,2,39,https://www.vinted.es/items/10192669493-ugg-lowmel-size-6-sand,https://images1.vinted.net/t/01_01491_dfvKRVz2oKBMiuuNEywTPgzE/f800/5624d2f8.webp?s=4242c018a5670be1085b18b6818e22182bbd12b9
2026-09-30T15:40:42,10192523586,Sportssko Nike P6000 storrelse 7,Nike,76.31,USD,9,40,https://www.vinted.es/items/10192523586-sportssko-nike-p6000-storrelse-7,https://images1.vinted.net/t/06_0049c_3ai3tk74xchkodB1F6ZEfGDx/f800/fd09092a.webp?s=11802a1a03c5ba34ebdf3221c2ab4b2966bdb3ed
2026-09-30T15:50:41,10194118945,Sportssko Nike P6000 storrelse 8,Nike,76.31,USD,1,41,https://www.vinted.es/items/10194118945-sportssko-nike-p6000-storrelse-8,https://images1.vinted.net/t/05_0026a_VGEeTKqW4AkJQ4NTyLezcR85/f800/1a918c3b.webp?s=26a5eb9fc50e3a28b5918fa8312db46ec1f1e4c9
2026-09-30T15:50:41,10194082933,Adidas Spezial Brown Suede Trainers size 7.5,adidas,80.33,USD,3,40.5,https://www.vinted.es/items/10194082933-adidas-spezial-brown-suede-trainers-size-75,https://images1.vinted.net/t/05_00ed0_zkYkMbwyiwhLvX4RBXC8pKfk/f800/d67faff1.webp?s=3f74820367d1cd532a36958bbf61d69bc56a4cf9
2026-09-30T16:01:15,10194118945,Sportssko Nike P6000 storrelse 8,Nike,76.31,USD,2,41,https://www.vinted.es/items/10194118945-sportssko-nike-p6000-storrelse-8,https://images1.vinted.net/t/05_0026a_VGEeTKqW4AkJQ4NTyLezcR85/f800/1a918c3b.webp?s=26a5eb9fc50e3a28b5918fa8312db46ec1f1e4c9
2026-09-30T16:01:15,10194082933,Adidas Spezial Brown Suede Trainers size 7.5,adidas,80.33,USD,5,40.5,https://www.vinted.es/items/10194082933-adidas-spezial-brown-suede-trainers-size-75,https://images1.vinted.net/t/05_00ed0_zkYkMbwyiwhLvX4RBXC8pKfk/f800/d67faff1.webp?s=3f74820367d1cd532a36958bbf61d69bc56a4cf9
2026-09-30T16:10:41,10194118945,Sportssko Nike P6000 storrelse 8,Nike,76.31,USD,2,41,https://www.vinted.es/items/10194118945-sportssko-nike-p6000-storrelse-8,https://images1.vinted.net/t/05_0026a_VGEeTKqW4AkJQ4NTyLezcR85/f800/1a918c3b.webp?s=26a5eb9fc50e3a28b5918fa8312db46ec1f1e4c9
2026-09-30T16:10:41,10194082933,Adidas Spezial Brown Suede Trainers size 7.5,adidas,80.33,USD,7,40.5,https://www.vinted.es/items/10194082933-adidas-spezial-brown-suede-trainers-size-75,https://images1.vinted.net/t/05_00ed0_zkYkMbwyiwhLvX4RBXC8pKfk/f800/d67faff1.webp?s=3f74820367d1cd532a36958bbf61d69bc56a4cf9
2026-09-30T16:20:44,10194495407,Sportssko Nike P6000 storrelse 8,Nike,76.31,USD,2,41,https://www.vinted.es/items/10194495407-sportssko-nike-p6000-storrelse-8,https://images1.vinted.net/t/01_00aff_hrqBqnnSCTM9epU673nKoVv7/f800/eb965b93.webp?s=7a46682ffbcbf56eb7e6970e81706a02542435c0
2026-09-30T16:20:44,10194118945,Sportssko Nike P6000 storrelse 8,Nike,76.31,USD,2,41,https://www.vinted.es/items/10194118945-sportssko-nike-p6000-storrelse-8,https://images1.vinted.net/t/05_0026a_VGEeTKqW4AkJQ4NTyLezcR85/f800/1a918c3b.webp?s=26a5eb9fc50e3a28b5918fa8312db46ec1f1e4c9
2026-09-30T16:20:44,10194082933,Adidas Spezial Brown Suede Trainers size 7.5,adidas,80.33,USD,9,40.5,https://www.vinted.es/items/10194082933-adidas-spezial-brown-suede-trainers-size-75,https://images1.vinted.net/t/05_00ed0_zkYkMbwyiwhLvX4RBXC8pKfk/f800/d67faff1.webp?s=3f74820367d1cd532a36958bbf61d69bc56a4cf9
2026-09-30T16:30:56,10194766894,Onitsuka Tiger Mexico 66 Black and White,Onitsuka Tiger,107.10,USD,0,39,https://www.vinted.es/items/10194766894-onitsuka-tiger-mexico-66-black-and-white,https://images1.vinted.net/t/02_009c8_gdZBALyGAtiqLh49LbNuoJuw/f800/d085ff0c.webp?s=8639cb73090026f542bc08b53b4318c42084a092
2026-09-30T16:30:56,10194495407,Sportssko Nike P6000 storrelse 8,Nike,76.31,USD,2,41,https://www.vinted.es/items/10194495407-sportssko-nike-p6000-storrelse-8,https://images1.vinted.net/t/01_00aff_hrqBqnnSCTM9epU673nKoVv7/f800/eb965b93.webp?s=7a46682ffbcbf56eb7e6970e81706a02542435c0
2026-09-30T16:30:56,10194118945,Sportssko Nike P6000 storrelse 8,Nike,76.31,USD,2,41,https://www.vinted.es/items/10194118945-sportssko-nike-p6000-storrelse-8,https://images1.vinted.net/t/05_0026a_VGEeTKqW4AkJQ4NTyLezcR85/f800/1a918c3b.webp?s=26a5eb9fc50e3a28b5918fa8312db46ec1f1e4c9
2026-09-30T16:30:56,10194082933,Adidas Spezial Brown Suede Trainers size 7.5,adidas,80.33,USD,9,40.5,https://www.vinted.es/items/10194082933-adidas-spezial-brown-suede-trainers-size-75,https://images1.vinted.net/t/05_00ed0_zkYkMbwyiwhLvX4RBXC8pKfk/f800/d67faff1.webp?s=3f74820367d1cd532a36958bbf61d69bc56a4cf9
2026-09-30T16:40:41,10194766894,Onitsuka Tiger Mexico 66 Black and White,Onitsuka Tiger,107.10,USD,2,39,https://www.vinted.es/items/10194766894-onitsuka-tiger-mexico-66-black-and-white,https://images1.vinted.net/t/02_009c8_gdZBALyGAtiqLh49LbNuoJuw/f800/d085ff0c.webp?s=8639cb73090026f542bc08b53b4318c42084a092
2026-09-30T16:40:41,10194495407,Sportssko Nike P6000 storrelse 8,Nike,76.31,USD,2,41,https://www.vinted.es/items/10194495407-sportssko-nike-p6000-storrelse-8,https://images1.vinted.net/t/01_00aff_hrqBqnnSCTM9epU673nKoVv7/f800/eb965b93.webp?s=7a46682ffbcbf56eb7e6970e81706a02542435c0
2026-09-30T16:40:41,10194118945,Sportssko Nike P6000 storrelse 8,Nike,76.31,USD,2,41,https://www.vinted.es/items/10194118945-sportssko-nike-p6000-storrelse-8,https://images1.vinted.net/t/05_0026a_VGEeTKqW4AkJQ4NTyLezcR85/f800/1a918c3b.webp?s=26a5eb9fc50e3a28b5918fa8312db46ec1f1e4c9
2026-09-30T16:40:41,10194082933,Adidas Spezial Brown Suede Trainers size 7.5,adidas,80.33,USD,10,40.5,https://www.vinted.es/items/10194082933-adidas-spezial-brown-suede-trainers-size-75,https://images1.vinted.net/t/05_00ed0_zkYkMbwyiwhLvX4RBXC8pKfk/f800/d67faff1.webp?s=3f74820367d1cd532a36958bbf61d69bc56a4cf9
2026-09-30T16:50:42,10194766894,Onitsuka Tiger Mexico 66 Black and White,Onitsuka Tiger,107.10,USD,2,39,https://www.vinted.es/items/10194766894-onitsuka-tiger-mexico-66-black-and-white,https://images1.vinted.net/t/02_009c8_gdZBALyGAtiqLh49LbNuoJuw/f800/d085ff0c.webp?s=8639cb73090026f542bc08b53b4318c42084a092
2026-09-30T16:50:42,10194495407,Sportssko Nike P6000 storrelse 8,Nike,76.31,USD,5,41,https://www.vinted.es/items/10194495407-sportssko-nike-p6000-storrelse-8,https://images1.vinted.net/t/01_00aff_hrqBqnnSCTM9epU673nKoVv7/f800/eb965b93.webp?s=7a46682ffbcbf56eb7e6970e81706a02542435c0
2026-09-30T16:50:42,10194082933,Adidas Spezial Brown Suede Trainers size 7.5,adidas,80.33,USD,11,40.5,https://www.vinted.es/items/10194082933-adidas-spezial-brown-suede-trainers-size-75,https://images1.vinted.net/t/05_00ed0_zkYkMbwyiwhLvX4RBXC8pKfk/f800/d67faff1.webp?s=3f74820367d1cd532a36958bbf61d69bc56a4cf9
2026-09-30T16:50:42,10194118945,Sportssko Nike P6000 storrelse 8,Nike,76.31,USD,2,41,https://www.vinted.es/items/10194118945-sportssko-nike-p6000-storrelse-8,https://images1.vinted.net/t/05_0026a_VGEeTKqW4AkJQ4NTyLezcR85/f800/1a918c3b.webp?s=26a5eb9fc50e3a28b5918fa8312db46ec1f1e4c9
2026-09-30T17:01:11,10194766894,Onitsuka Tiger Mexico 66 Black and White,Onitsuka Tiger,107.10,USD,4,39,https://www.vinted.es/items/10194766894-onitsuka-tiger-mexico-66-black-and-white,https://images1.vinted.net/t/02_009c8_gdZBALyGAtiqLh49LbNuoJuw/f800/d085ff0c.webp?s=8639cb73090026f542bc08b53b4318c42084a092
2026-09-30T17:01:11,10194082933,Adidas Spezial Brown Suede Trainers size 7.5,adidas,80.33,USD,13,40.5,https://www.vinted.es/items/10194082933-adidas-spezial-brown-suede-trainers-size-75,https://images1.vinted.net/t/05_00ed0_zkYkMbwyiwhLvX4RBXC8pKfk/f800/d67faff1.webp?s=3f74820367d1cd532a36958bbf61d69bc56a4cf9
2026-09-30T17:01:11,10194495407,Sportssko Nike P6000 storrelse 8,Nike,76.31,USD,5,41,https://www.vinted.es/items/10194495407-sportssko-nike-p6000-storrelse-8,https://images1.vinted.net/t/01_00aff_hrqBqnnSCTM9epU673nKoVv7/f800/eb965b93.webp?s=7a46682ffbcbf56eb7e6970e81706a02542435c0
2026-09-30T17:01:11,10194118945,Sportssko Nike P6000 storrelse 8,Nike,76.31,USD,2,41,https://www.vinted.es/items/10194118945-sportssko-nike-p6000-storrelse-8,https://images1.vinted.net/t/05_0026a_VGEeTKqW4AkJQ4NTyLezcR85/f800/1a918c3b.webp?s=26a5eb9fc50e3a28b5918fa8312db46ec1f1e4c9
2026-09-30T17:10:45,10195244336,UGG Lowmel  |   Size 6 - sand,UGG,147.27,USD,5,39,https://www.vinted.es/items/10195244336-ugg-lowmel-size-6-sand,https://images1.vinted.net/t/01_026bb_nS45VWcaMJPDkKRCtwQvxWNR/f800/9872648d.webp?s=5c85e7de938ffccc547362e195a9d48c307bf953
2026-09-30T17:10:45,10194766894,Onitsuka Tiger Mexico 66 Black and White,Onitsuka Tiger,107.10,USD,4,39,https://www.vinted.es/items/10194766894-onitsuka-tiger-mexico-66-black-and-white,https://images1.vinted.net/t/02_009c8_gdZBALyGAtiqLh49LbNuoJuw/f800/d085ff0c.webp?s=8639cb73090026f542bc08b53b4318c42084a092
2026-09-30T17:10:45,10194082933,Adidas Spezial Brown Suede Trainers size 7.5,adidas,80.33,USD,13,40.5,https://www.vinted.es/items/10194082933-adidas-spezial-brown-suede-trainers-size-75,https://images1.vinted.net/t/05_00ed0_zkYkMbwyiwhLvX4RBXC8pKfk/f800/d67faff1.webp?s=3f74820367d1cd532a36958bbf61d69bc56a4cf9
2026-09-30T17:10:45,10194495407,Sportssko Nike P6000 storrelse 8,Nike,76.31,USD,5,41,https://www.vinted.es/items/10194495407-sportssko-nike-p6000-storrelse-8,https://images1.vinted.net/t/01_00aff_hrqBqnnSCTM9epU673nKoVv7/f800/eb965b93.webp?s=7a46682ffbcbf56eb7e6970e81706a02542435c0
2026-09-30T17:10:45,10194118945,Sportssko Nike P6000 storrelse 8,Nike,76.31,USD,2,41,https://www.vinted.es/items/10194118945-sportssko-nike-p6000-storrelse-8,https://images1.vinted.net/t/05_0026a_VGEeTKqW4AkJQ4NTyLezcR85/f800/1a918c3b.webp?s=26a5eb9fc50e3a28b5918fa8312db46ec1f1e4c9
2026-09-30T17:20:43,10195244336,UGG Lowmel  |   Size 6 - sand,UGG,147.27,USD,8,39,https://www.vinted.es/items/10195244336-ugg-lowmel-size-6-sand,https://images1.vinted.net/t/01_026bb_nS45VWcaMJPDkKRCtwQvxWNR/f800/9872648d.webp?s=5c85e7de938ffccc547362e195a9d48c307bf953
2026-09-30T17:20:43,10194766894,Onitsuka Tiger Mexico 66 Black and White,Onitsuka Tiger,107.10,USD,5,39,https://www.vinted.es/items/10194766894-onitsuka-tiger-mexico-66-black-and-white,https://images1.vinted.net/t/02_009c8_gdZBALyGAtiqLh49LbNuoJuw/f800/d085ff0c.webp?s=8639cb73090026f542bc08b53b4318c42084a092
2026-09-30T17:20:43,10194082933,Adidas Spezial Brown Suede Trainers size 7.5,adidas,80.33,USD,15,40.5,https://www.vinted.es/items/10194082933-adidas-spezial-brown-suede-trainers-size-75,https://images1.vinted.net/t/05_00ed0_zkYkMbwyiwhLvX4RBXC8pKfk/f800/d67faff1.webp?s=3f74820367d1cd532a36958bbf61d69bc56a4cf9
2026-09-30T17:20:43,10194495407,Sportssko Nike P6000 storrelse 8,Nike,76.31,USD,6,41,https://www.vinted.es/items/10194495407-sportssko-nike-p6000-storrelse-8,https://images1.vinted.net/t/01_00aff_hrqBqnnSCTM9epU673nKoVv7/f800/eb965b93.webp?s=7a46682ffbcbf56eb7e6970e81706a02542435c0
2026-09-30T17:20:43,10194118945,Sportssko Nike P6000 storrelse 8,Nike,76.31,USD,3,41,https://www.vinted.es/items/10194118945-sportssko-nike-p6000-storrelse-8,https://images1.vinted.net/t/05_0026a_VGEeTKqW4AkJQ4NTyLezcR85/f800/1a918c3b.webp?s=26a5eb9fc50e3a28b5918fa8312db46ec1f1e4c9
2026-09-30T17:30:56,10195244336,UGG Lowmel  |   Size 6 - sand,UGG,147.27,USD,11,39,https://www.vinted.es/items/10195244336-ugg-lowmel-size-6-sand,https://images1.vinted.net/t/01_026bb_nS45VWcaMJPDkKRCtwQvxWNR/f800/9872648d.webp?s=5c85e7de938ffccc547362e195a9d48c307bf953
2026-09-30T17:30:56,10194766894,Onitsuka Tiger Mexico 66 Black and White,Onitsuka Tiger,107.10,USD,7,39,https://www.vinted.es/items/10194766894-onitsuka-tiger-mexico-66-black-and-white,https://images1.vinted.net/t/02_009c8_gdZBALyGAtiqLh49LbNuoJuw/f800/d085ff0c.webp?s=8639cb73090026f542bc08b53b4318c42084a092
2026-09-30T17:30:56,10194495407,Sportssko Nike P6000 storrelse 8,Nike,76.31,USD,7,41,https://www.vinted.es/items/10194495407-sportssko-nike-p6000-storrelse-8,https://images1.vinted.net/t/01_00aff_hrqBqnnSCTM9epU673nKoVv7/f800/eb965b93.webp?s=7a46682ffbcbf56eb7e6970e81706a02542435c0
2026-09-30T17:40:44,10195244336,UGG Lowmel  |   Size 6 - sand,UGG,147.27,USD,11,39,https://www.vinted.es/items/10195244336-ugg-lowmel-size-6-sand,https://images1.vinted.net/t/01_026bb_nS45VWcaMJPDkKRCtwQvxWNR/f800/9872648d.webp?s=5c85e7de938ffccc547362e195a9d48c307bf953
2026-09-30T17:40:44,10194082933,Adidas Spezial Brown Suede Trainers size 7.5,adidas,80.33,USD,18,40.5,https://www.vinted.es/items/10194082933-adidas-spezial-brown-suede-trainers-size-75,https://images1.vinted.net/t/05_00ed0_zkYkMbwyiwhLvX4RBXC8pKfk/f800/d67faff1.webp?s=3f74820367d1cd532a36958bbf61d69bc56a4cf9
2026-09-30T17:40:44,10194766894,Onitsuka Tiger Mexico 66 Black and White,Onitsuka Tiger,107.10,USD,9,39,https://www.vinted.es/items/10194766894-onitsuka-tiger-mexico-66-black-and-white,https://images1.vinted.net/t/02_009c8_gdZBALyGAtiqLh49LbNuoJuw/f800/d085ff0c.webp?s=8639cb73090026f542bc08b53b4318c42084a092
2026-09-30T17:40:44,10194082933,Adidas Spezial Brown Suede Trainers size 7.5,adidas,80.33,USD,18,40.5,https://www.vinted.es/items/10194082933-adidas-spezial-brown-suede-trainers-size-75,https://images1.vinted.net/t/05_00ed0_zkYkMbwyiwhLvX4RBXC8pKfk/f800/d67faff1.webp?s=3f74820367d1cd532a36958bbf61d69bc56a4cf9
2026-09-30T17:50:46,10195244336,UGG Lowmel  |   Size 6 - sand,UGG,147.27,USD,12,39,https://www.vinted.es/items/10195244336-ugg-lowmel-size-6-sand,https://images1.vinted.net/t/01_026bb_nS45VWcaMJPDkKRCtwQvxWNR/f800/9872648d.webp?s=5c85e7de938ffccc547362e195a9d48c307bf953
2026-09-30T17:50:46,10194495407,Sportssko Nike P6000 storrelse 8,Nike,76.31,USD,9,41,https://www.vinted.es/items/10194495407-sportssko-nike-p6000-storrelse-8,https://images1.vinted.net/t/01_00aff_hrqBqnnSCTM9epU673nKoVv7/f800/eb965b93.webp?s=7a46682ffbcbf56eb7e6970e81706a02542435c0
2026-09-30T17:50:46,10194766894,Onitsuka Tiger Mexico 66 Black and White,Onitsuka Tiger,107.10,USD,10,39,https://www.vinted.es/items/10194766894-onitsuka-tiger-mexico-66-black-and-white,https://images1.vinted.net/t/02_009c8_gdZBALyGAtiqLh49LbNuoJuw/f800/d085ff0c.webp?s=8639cb73090026f542bc08b53b4318c42084a092
2026-09-30T17:50:46,10194766894,Onitsuka Tiger Mexico 66 Black and White,Onitsuka Tiger,107.10,USD,10,39,https://www.vinted.es/items/10194766894-onitsuka-tiger-mexico-66-black-and-white,https://images1.vinted.net/t/02_009c8_gdZBALyGAtiqLh49LbNuoJuw/f800/d085ff0c.webp?s=8639cb73090026f542bc08b53b4318c42084a092
2026-09-30T17:50:46,10194082933,Adidas Spezial Brown Suede Trainers size 7.5,adidas,80.33,USD,18,40.5,https://www.vinted.es/items/10194082933-adidas-spezial-brown-suede-trainers-size-75,https://images1.vinted.net/t/05_00ed0_zkYkMbwyiwhLvX4RBXC8pKfk/f800/d67faff1.webp?s=3f74820367d1cd532a36958bbf61d69bc56a4cf9
2026-09-30T18:01:13,10195244336,UGG Lowmel  |   Size 6 - sand,UGG,147.27,USD,14,39,https://www.vinted.es/items/10195244336-ugg-lowmel-size-6-sand,https://images1.vinted.net/t/01_026bb_nS45VWcaMJPDkKRCtwQvxWNR/f800/9872648d.webp?s=5c85e7de938ffccc547362e195a9d48c307bf953
2026-09-30T18:01:13,10194495407,Sportssko Nike P6000 storrelse 8,Nike,76.31,USD,9,41,https://www.vinted.es/items/10194495407-sportssko-nike-p6000-storrelse-8,https://images1.vinted.net/t/01_00aff_hrqBqnnSCTM9epU673nKoVv7/f800/eb965b93.webp?s=7a46682ffbcbf56eb7e6970e81706a02542435c0
2026-09-30T18:01:13,10194766894,Onitsuka Tiger Mexico 66 Black and White,Onitsuka Tiger,107.10,USD,10,39,https://www.vinted.es/items/10194766894-onitsuka-tiger-mexico-66-black-and-white,https://images1.vinted.net/t/02_009c8_gdZBALyGAtiqLh49LbNuoJuw/f800/d085ff0c.webp?s=8639cb73090026f542bc08b53b4318c42084a092
2026-09-30T18:01:13,10194082933,Adidas Spezial Brown Suede Trainers size 7.5,adidas,80.33,USD,18,40.5,https://www.vinted.es/items/10194082933-adidas-spezial-brown-suede-trainers-size-75,https://images1.vinted.net/t/05_00ed0_zkYkMbwyiwhLvX4RBXC8pKfk/f800/d67faff1.webp?s=3f74820367d1cd532a36958bbf61d69bc56a4cf9
2026-09-30T18:11:03,10196060987,Adidas Spezial size 4 Brown,adidas,100.41,USD,0,37,https://www.vinted.es/items/10196060987-adidas-spezial-size-4-brown,https://images1.vinted.net/t/06_006b1_9Q64yPxAJ1mMXZzkWAjkZQB5/f800/fe4766da.webp?s=ca042ad4d8ced697c75e1080d7e942e923494bdf
2026-09-30T18:11:03,10194495407,Sportssko Nike P6000 storrelse 8,Nike,76.31,USD,9,41,https://www.vinted.es/items/10194495407-sportssko-nike-p6000-storrelse-8,https://images1.vinted.net/t/01_00aff_hrqBqnnSCTM9epU673nKoVv7/f800/eb965b93.webp?s=7a46682ffbcbf56eb7e6970e81706a02542435c0
2026-09-30T18:11:03,10195244336,UGG Lowmel  |   Size 6 - sand,UGG,147.27,USD,16,39,https://www.vinted.es/items/10195244336-ugg-lowmel-size-6-sand,https://images1.vinted.net/t/01_026bb_nS45VWcaMJPDkKRCtwQvxWNR/f800/9872648d.webp?s=5c85e7de938ffccc547362e195a9d48c307bf953
2026-09-30T18:11:03,10194766894,Onitsuka Tiger Mexico 66 Black and White,Onitsuka Tiger,107.10,USD,10,39,https://www.vinted.es/items/10194766894-onitsuka-tiger-mexico-66-black-and-white,https://images1.vinted.net/t/02_009c8_gdZBALyGAtiqLh49LbNuoJuw/f800/d085ff0c.webp?s=8639cb73090026f542bc08b53b4318c42084a092
2026-09-30T18:11:03,10194082933,Adidas Spezial Brown Suede Trainers size 7.5,adidas,80.33,USD,19,40.5,https://www.vinted.es/items/10194082933-adidas-spezial-brown-suede-trainers-size-75,https://images1.vinted.net/t/05_00ed0_zkYkMbwyiwhLvX4RBXC8pKfk/f800/d67faff1.webp?s=3f74820367d1cd532a36958bbf61d69bc56a4cf9
2026-09-30T18:20:44,10196060987,Adidas Spezial size 4 Brown,adidas,100.41,USD,1,37,https://www.vinted.es/items/10196060987-adidas-spezial-size-4-brown,https://images1.vinted.net/t/06_006b1_9Q64yPxAJ1mMXZzkWAjkZQB5/f800/fe4766da.webp?s=ca042ad4d8ced697c75e1080d7e942e923494bdf
2026-09-30T18:20:44,10194495407,Sportssko Nike P6000 storrelse 8,Nike,76.31,USD,9,41,https://www.vinted.es/items/10194495407-sportssko-nike-p6000-storrelse-8,https://images1.vinted.net/t/01_00aff_hrqBqnnSCTM9epU673nKoVv7/f800/eb965b93.webp?s=7a46682ffbcbf56eb7e6970e81706a02542435c0
2026-09-30T18:20:44,10195244336,UGG Lowmel  |   Size 6 - sand,UGG,147.27,USD,18,39,https://www.vinted.es/items/10195244336-ugg-lowmel-size-6-sand,https://images1.vinted.net/t/01_026bb_nS45VWcaMJPDkKRCtwQvxWNR/f800/9872648d.webp?s=5c85e7de938ffccc547362e195a9d48c307bf953
2026-09-30T18:20:44,10194766894,Onitsuka Tiger Mexico 66 Black and White,Onitsuka Tiger,107.10,USD,12,39,https://www.vinted.es/items/10194766894-onitsuka-tiger-mexico-66-black-and-white,https://images1.vinted.net/t/02_009c8_gdZBALyGAtiqLh49LbNuoJuw/f800/d085ff0c.webp?s=8639cb73090026f542bc08b53b4318c42084a092
2026-09-30T18:30:57,10196060987,Adidas Spezial size 4 Brown,adidas,100.41,USD,3,37,https://www.vinted.es/items/10196060987-adidas-spezial-size-4-brown,https://images1.vinted.net/t/06_006b1_9Q64yPxAJ1mMXZzkWAjkZQB5/f800/fe4766da.webp?s=ca042ad4d8ced697c75e1080d7e942e923494bdf
2026-09-30T18:30:57,10194495407,Sportssko Nike P6000 storrelse 8,Nike,76.31,USD,9,41,https://www.vinted.es/items/10194495407-sportssko-nike-p6000-storrelse-8,https://images1.vinted.net/t/01_00aff_hrqBqnnSCTM9epU673nKoVv7/f800/eb965b93.webp?s=7a46682ffbcbf56eb7e6970e81706a02542435c0
2026-09-30T18:30:57,10194766894,Onitsuka Tiger Mexico 66 Black and White,Onitsuka Tiger,107.10,USD,12,39,https://www.vinted.es/items/10194766894-onitsuka-tiger-mexico-66-black-and-white,https://images1.vinted.net/t/02_009c8_gdZBALyGAtiqLh49LbNuoJuw/f800/d085ff0c.webp?s=8639cb73090026f542bc08b53b4318c42084a092
2026-09-30T18:30:57,10195244336,UGG Lowmel  |   Size 6 - sand,UGG,147.27,USD,18,39,https://www.vinted.es/items/10195244336-ugg-lowmel-size-6-sand,https://images1.vinted.net/t/01_026bb_nS45VWcaMJPDkKRCtwQvxWNR/f800/9872648d.webp?s=5c85e7de938ffccc547362e195a9d48c307bf953
2026-09-30T18:40:40,10196333492,Women Retro Mesh Lace‑up Sneakers,Saucony,107.10,USD,0,37.5,https://www.vinted.es/items/10196333492-women-retro-mesh-lace-up-sneakers,https://images1.vinted.net/t/05_01b12_F1vLPHpkCA9GawvCAu3RXY6v/f800/82dfe8b2.webp?s=b866c86ad7880fa1e33c72a9297aec8de976bc8f
2026-09-30T18:40:40,10196060987,Adidas Spezial size 4 Brown,adidas,100.41,USD,4,37,https://www.vinted.es/items/10196060987-adidas-spezial-size-4-brown,https://images1.vinted.net/t/06_006b1_9Q64yPxAJ1mMXZzkWAjkZQB5/f800/fe4766da.webp?s=ca042ad4d8ced697c75e1080d7e942e923494bdf
2026-09-30T18:40:40,10194495407,Sportssko Nike P6000 storrelse 8,Nike,76.31,USD,14,41,https://www.vinted.es/items/10194495407-sportssko-nike-p6000-storrelse-8,https://images1.vinted.net/t/01_00aff_hrqBqnnSCTM9epU673nKoVv7/f800/eb965b93.webp?s=7a46682ffbcbf56eb7e6970e81706a02542435c0
2026-09-30T18:40:40,10194766894,Onitsuka Tiger Mexico 66 Black and White,Onitsuka Tiger,107.10,USD,12,39,https://www.vinted.es/items/10194766894-onitsuka-tiger-mexico-66-black-and-white,https://images1.vinted.net/t/02_009c8_gdZBALyGAtiqLh49LbNuoJuw/f800/d085ff0c.webp?s=8639cb73090026f542bc08b53b4318c42084a092
2026-09-30T18:50:43,10196333492,Women Retro Mesh Lace‑up Sneakers,Saucony,107.10,USD,1,37.5,https://www.vinted.es/items/10196333492-women-retro-mesh-lace-up-sneakers,https://images1.vinted.net/t/05_01b12_F1vLPHpkCA9GawvCAu3RXY6v/f800/82dfe8b2.webp?s=b866c86ad7880fa1e33c72a9297aec8de976bc8f
2026-09-30T18:50:43,10196060987,Adidas Spezial size 4 Brown,adidas,100.41,USD,7,37,https://www.vinted.es/items/10196060987-adidas-spezial-size-4-brown,https://images1.vinted.net/t/02_0241d_eDm6cEBy5LzM8MSS2RD6wbrA/f800/8cb6d21d.webp?s=1dd6c8168cb6f0cfec2a076d4e448e12285ba1ca
2026-09-30T18:50:43,10194495407,Sportssko Nike P6000 storrelse 8,Nike,76.31,USD,14,41,https://www.vinted.es/items/10194495407-sportssko-nike-p6000-storrelse-8,https://images1.vinted.net/t/01_00aff_hrqBqnnSCTM9epU673nKoVv7/f800/eb965b93.webp?s=7a46682ffbcbf56eb7e6970e81706a02542435c0
2026-09-30T19:01:12,10196661987,Onitsuka tiger Mexico 66 black and white uk5,Onitsuka Tiger,77.65,USD,0,39,https://www.vinted.es/items/10196661987-onitsuka-tiger-mexico-66-black-and-white-uk5,https://images1.vinted.net/t/02_002e6_gMuG3U4K5LbYVoCTu6XkoEmr/f800/29fdd16f.webp?s=f9bdc78f3b3053487022d6a61f245f33fc90bfb7
2026-09-30T19:01:12,10196333492,Women Retro Mesh Lace‑up Sneakers,Saucony,107.10,USD,4,37.5,https://www.vinted.es/items/10196333492-women-retro-mesh-lace-up-sneakers,https://images1.vinted.net/t/05_01b12_F1vLPHpkCA9GawvCAu3RXY6v/f800/82dfe8b2.webp?s=b866c86ad7880fa1e33c72a9297aec8de976bc8f
2026-09-30T19:01:12,10196060987,Adidas Spezial size 4 Brown,adidas,100.41,USD,11,37,https://www.vinted.es/items/10196060987-adidas-spezial-size-4-brown,https://images1.vinted.net/t/02_0241d_eDm6cEBy5LzM8MSS2RD6wbrA/f800/8cb6d21d.webp?s=1dd6c8168cb6f0cfec2a076d4e448e12285ba1ca
2026-09-30T19:01:12,10194495407,Sportssko Nike P6000 storrelse 8,Nike,76.31,USD,16,41,https://www.vinted.es/items/10194495407-sportssko-nike-p6000-storrelse-8,https://images1.vinted.net/t/01_00aff_hrqBqnnSCTM9epU673nKoVv7/f800/eb965b93.webp?s=7a46682ffbcbf56eb7e6970e81706a02542435c0
2026-09-30T19:10:43,10196661987,Onitsuka tiger Mexico 66 black and white uk5,Onitsuka Tiger,77.65,USD,16,39,https://www.vinted.es/items/10196661987-onitsuka-tiger-mexico-66-black-and-white-uk5,https://images1.vinted.net/t/02_002e6_gMuG3U4K5LbYVoCTu6XkoEmr/f800/29fdd16f.webp?s=f9bdc78f3b3053487022d6a61f245f33fc90bfb7
2026-09-30T19:10:43,10196333492,Women Retro Mesh Lace‑up Sneakers,Saucony,107.10,USD,4,37.5,https://www.vinted.es/items/10196333492-women-retro-mesh-lace-up-sneakers,https://images1.vinted.net/t/05_01b12_F1vLPHpkCA9GawvCAu3RXY6v/f800/82dfe8b2.webp?s=b866c86ad7880fa1e33c72a9297aec8de976bc8f
2026-09-30T19:10:43,10196060987,Adidas Spezial size 4 Brown,adidas,100.41,USD,12,37,https://www.vinted.es/items/10196060987-adidas-spezial-size-4-brown,https://images1.vinted.net/t/02_0241d_eDm6cEBy5LzM8MSS2RD6wbrA/f800/8cb6d21d.webp?s=1dd6c8168cb6f0cfec2a076d4e448e12285ba1ca
2026-09-30T19:10:43,10194495407,Sportssko Nike P6000 storrelse 8,Nike,76.31,USD,16,41,https://www.vinted.es/items/10194495407-sportssko-nike-p6000-storrelse-8,https://images1.vinted.net/t/01_00aff_hrqBqnnSCTM9epU673nKoVv7/f800/eb965b93.webp?s=7a46682ffbcbf56eb7e6970e81706a02542435c0
2026-09-30T19:14:38,10196661987,Onitsuka tiger Mexico 66 black and white uk5,Onitsuka Tiger,77.65,USD,20,39,https://www.vinted.es/items/10196661987-onitsuka-tiger-mexico-66-black-and-white-uk5,https://images1.vinted.net/t/02_002e6_gMuG3U4K5LbYVoCTu6XkoEmr/f800/29fdd16f.webp?s=f9bdc78f3b3053487022d6a61f245f33fc90bfb7
2026-09-30T19:14:38,10196333492,Women Retro Mesh Lace‑up Sneakers,Saucony,107.10,USD,5,37.5,https://www.vinted.es/items/10196333492-women-retro-mesh-lace-up-sneakers,https://images1.vinted.net/t/05_01b12_F1vLPHpkCA9GawvCAu3RXY6v/f800/82dfe8b2.webp?s=b866c86ad7880fa1e33c72a9297aec8de976bc8f
2026-09-30T19:14:38,10196060987,Adidas Spezial size 4 Brown,adidas,100.41,USD,14,37,https://www.vinted.es/items/10196060987-adidas-spezial-size-4-brown,https://images1.vinted.net/t/02_0241d_eDm6cEBy5LzM8MSS2RD6wbrA/f800/8cb6d21d.webp?s=1dd6c8168cb6f0cfec2a076d4e448e12285ba1ca
2026-09-30T19:14:38,10194495407,Sportssko Nike P6000 storrelse 8,Nike,76.31,USD,16,41,https://www.vinted.es/items/10194495407-sportssko-nike-p6000-storrelse-8,https://images1.vinted.net/t/01_00aff_hrqBqnnSCTM9epU673nKoVv7/f800/eb965b93.webp?s=7a46682ffbcbf56eb7e6970e81706a02542435c0
2026-09-30T19:20:42,10196661987,Onitsuka tiger Mexico 66 black and white uk5,Onitsuka Tiger,77.65,USD,30,39,https://www.vinted.es/items/10196661987-onitsuka-tiger-mexico-66-black-and-white-uk5,https://images1.vinted.net/t/02_002e6_gMuG3U4K5LbYVoCTu6XkoEmr/f800/29fdd16f.webp?s=f9bdc78f3b3053487022d6a61f245f33fc90bfb7
2026-09-30T19:20:42,10196333492,Women Retro Mesh Lace‑up Sneakers,Saucony,107.10,USD,5,37.5,https://www.vinted.es/items/10196333492-women-retro-mesh-lace-up-sneakers,https://images1.vinted.net/t/05_01b12_F1vLPHpkCA9GawvCAu3RXY6v/f800/82dfe8b2.webp?s=b866c86ad7880fa1e33c72a9297aec8de976bc8f
2026-09-30T19:20:42,10196060987,Adidas Spezial size 4 Brown,adidas,100.41,USD,16,37,https://www.vinted.es/items/10196060987-adidas-spezial-size-4-brown,https://images1.vinted.net/t/02_0241d_eDm6cEBy5LzM8MSS2RD6wbrA/f800/8cb6d21d.webp?s=1dd6c8168cb6f0cfec2a076d4e448e12285ba1ca
2026-09-30T19:20:42,10194495407,Sportssko Nike P6000 storrelse 8,Nike,76.31,USD,15,41,https://www.vinted.es/items/10194495407-sportssko-nike-p6000-storrelse-8,https://images1.vinted.net/t/01_00aff_hrqBqnnSCTM9epU673nKoVv7/f800/eb965b93.webp?s=7a46682ffbcbf56eb7e6970e81706a02542435c0
2026-09-30T19:30:57,10196661987,Onitsuka tiger Mexico 66 black and white uk5,Onitsuka Tiger,77.65,USD,36,39,https://www.vinted.es/items/10196661987-onitsuka-tiger-mexico-66-black-and-white-uk5,https://images1.vinted.net/t/02_002e6_gMuG3U4K5LbYVoCTu6XkoEmr/f800/29fdd16f.webp?s=f9bdc78f3b3053487022d6a61f245f33fc90bfb7
2026-09-30T19:30:57,10196333492,Women Retro Mesh Lace‑up Sneakers,Saucony,107.10,USD,6,37.5,https://www.vinted.es/items/10196333492-women-retro-mesh-lace-up-sneakers,https://images1.vinted.net/t/05_01b12_F1vLPHpkCA9GawvCAu3RXY6v/f800/82dfe8b2.webp?s=b866c86ad7880fa1e33c72a9297aec8de976bc8f
2026-09-30T19:30:57,10196060987,Adidas Spezial size 4 Brown,adidas,100.41,USD,18,37,https://www.vinted.es/items/10196060987-adidas-spezial-size-4-brown,https://images1.vinted.net/t/02_0241d_eDm6cEBy5LzM8MSS2RD6wbrA/f800/8cb6d21d.webp?s=1dd6c8168cb6f0cfec2a076d4e448e12285ba1ca
2026-09-30T19:40:42,10197092359,Women Retro Mesh Chunky Sneakers,Saucony,107.10,USD,0,37.5,https://www.vinted.es/items/10197092359-women-retro-mesh-chunky-sneakers,https://images1.vinted.net/t/02_0033e_SLxzgqxVLQ8tLkPgKeRq6HMS/f800/714f5944.webp?s=0532e41bb8ac1dba989c7d154cd8f2034f2ec2be
2026-09-30T19:40:42,10196661987,Onitsuka tiger Mexico 66 black and white uk5,Onitsuka Tiger,77.65,USD,43,39,https://www.vinted.es/items/10196661987-onitsuka-tiger-mexico-66-black-and-white-uk5,https://images1.vinted.net/t/02_002e6_gMuG3U4K5LbYVoCTu6XkoEmr/f800/29fdd16f.webp?s=f9bdc78f3b3053487022d6a61f245f33fc90bfb7
2026-09-30T19:40:42,10196333492,Women Retro Mesh Lace‑up Sneakers,Saucony,107.10,USD,7,37.5,https://www.vinted.es/items/10196333492-women-retro-mesh-lace-up-sneakers,https://images1.vinted.net/t/05_01b12_F1vLPHpkCA9GawvCAu3RXY6v/f800/82dfe8b2.webp?s=b866c86ad7880fa1e33c72a9297aec8de976bc8f
2026-09-30T19:50:43,10197092359,Women Retro Mesh Chunky Sneakers,Saucony,107.10,USD,1,37.5,https://www.vinted.es/items/10197092359-women-retro-mesh-chunky-sneakers,https://images1.vinted.net/t/02_0033e_SLxzgqxVLQ8tLkPgKeRq6HMS/f800/714f5944.webp?s=0532e41bb8ac1dba989c7d154cd8f2034f2ec2be
2026-09-30T19:50:43,10196661987,Onitsuka tiger Mexico 66 black and white uk5,Onitsuka Tiger,77.65,USD,45,39,https://www.vinted.es/items/10196661987-onitsuka-tiger-mexico-66-black-and-white-uk5,https://images1.vinted.net/t/02_002e6_gMuG3U4K5LbYVoCTu6XkoEmr/f800/29fdd16f.webp?s=f9bdc78f3b3053487022d6a61f245f33fc90bfb7
2026-09-30T19:50:43,10196333492,Women Retro Mesh Lace‑up Sneakers,Saucony,107.10,USD,10,37.5,https://www.vinted.es/items/10196333492-women-retro-mesh-lace-up-sneakers,https://images1.vinted.net/t/05_01b12_F1vLPHpkCA9GawvCAu3RXY6v/f800/82dfe8b2.webp?s=b866c86ad7880fa1e33c72a9297aec8de976bc8f
2026-09-30T19:50:43,10196060987,Adidas Spezial size 4 Brown,adidas,100.41,USD,22,37,https://www.vinted.es/items/10196060987-adidas-spezial-size-4-brown,https://images1.vinted.net/t/02_0241d_eDm6cEBy5LzM8MSS2RD6wbrA/f800/8cb6d21d.webp?s=1dd6c8168cb6f0cfec2a076d4e448e12285ba1ca
2026-09-30T20:01:05,10197092359,Women Retro Mesh Chunky Sneakers,Saucony,107.10,USD,2,37.5,https://www.vinted.es/items/10197092359-women-retro-mesh-chunky-sneakers,https://images1.vinted.net/t/02_0033e_SLxzgqxVLQ8tLkPgKeRq6HMS/f800/714f5944.webp?s=0532e41bb8ac1dba989c7d154cd8f2034f2ec2be
2026-09-30T20:01:05,10196661987,Onitsuka tiger Mexico 66 black and white uk5,Onitsuka Tiger,77.65,USD,54,39,https://www.vinted.es/items/10196661987-onitsuka-tiger-mexico-66-black-and-white-uk5,https://images1.vinted.net/t/02_002e6_gMuG3U4K5LbYVoCTu6XkoEmr/f800/29fdd16f.webp?s=f9bdc78f3b3053487022d6a61f245f33fc90bfb7
2026-09-30T20:10:49,10197092359,Women Retro Mesh Chunky Sneakers,Saucony,107.10,USD,2,37.5,https://www.vinted.es/items/10197092359-women-retro-mesh-chunky-sneakers,https://images1.vinted.net/t/02_0033e_SLxzgqxVLQ8tLkPgKeRq6HMS/f800/714f5944.webp?s=0532e41bb8ac1dba989c7d154cd8f2034f2ec2be
2026-09-30T20:10:49,10196661987,Onitsuka tiger Mexico 66 black and white uk5,Onitsuka Tiger,77.65,USD,58,39,https://www.vinted.es/items/10196661987-onitsuka-tiger-mexico-66-black-and-white-uk5,https://images1.vinted.net/t/02_002e6_gMuG3U4K5LbYVoCTu6XkoEmr/f800/29fdd16f.webp?s=f9bdc78f3b3053487022d6a61f245f33fc90bfb7
2026-09-30T20:20:41,10197092359,Women Retro Mesh Chunky Sneakers,Saucony,107.10,USD,2,37.5,https://www.vinted.es/items/10197092359-women-retro-mesh-chunky-sneakers,https://images1.vinted.net/t/02_0033e_SLxzgqxVLQ8tLkPgKeRq6HMS/f800/714f5944.webp?s=0532e41bb8ac1dba989c7d154cd8f2034f2ec2be
2026-09-30T20:30:59,10196720775,Onitsuka tiger Mexico 66 cream and silver uk4,Onitsuka Tiger,77.65,USD,1,37,https://www.vinted.es/items/10196720775-onitsuka-tiger-mexico-66-cream-and-silver-uk4,https://images1.vinted.net/t/06_01672_xsZNsbkGdheoGo2TPjfzcX9p/f800/ea46f108.webp?s=79ae85125df6cc90221cfb22ec3517777ca014d6
2026-09-30T20:30:59,10197092359,Women Retro Mesh Chunky Sneakers,Saucony,107.10,USD,2,37.5,https://www.vinted.es/items/10197092359-women-retro-mesh-chunky-sneakers,https://images1.vinted.net/t/02_0033e_SLxzgqxVLQ8tLkPgKeRq6HMS/f800/714f5944.webp?s=0532e41bb8ac1dba989c7d154cd8f2034f2ec2be
2026-09-30T20:40:41,10196720775,Onitsuka tiger Mexico 66 cream and silver uk4,Onitsuka Tiger,77.65,USD,5,37,https://www.vinted.es/items/10196720775-onitsuka-tiger-mexico-66-cream-and-silver-uk4,https://images1.vinted.net/t/06_01672_xsZNsbkGdheoGo2TPjfzcX9p/f800/ea46f108.webp?s=79ae85125df6cc90221cfb22ec3517777ca014d6
2026-09-30T20:40:41,10197092359,Women Retro Mesh Chunky Sneakers,Saucony,107.10,USD,4,37.5,https://www.vinted.es/items/10197092359-women-retro-mesh-chunky-sneakers,https://images1.vinted.net/t/02_0033e_SLxzgqxVLQ8tLkPgKeRq6HMS/f800/714f5944.webp?s=0532e41bb8ac1dba989c7d154cd8f2034f2ec2be
2026-09-30T20:50:47,10196720775,Onitsuka tiger Mexico 66 cream and silver uk4,Onitsuka Tiger,77.65,USD,9,37,https://www.vinted.es/items/10196720775-onitsuka-tiger-mexico-66-cream-and-silver-uk4,https://images1.vinted.net/t/06_01672_xsZNsbkGdheoGo2TPjfzcX9p/f800/ea46f108.webp?s=79ae85125df6cc90221cfb22ec3517777ca014d6
2026-09-30T20:50:47,10197092359,Women Retro Mesh Chunky Sneakers,Saucony,107.10,USD,5,37.5,https://www.vinted.es/items/10197092359-women-retro-mesh-chunky-sneakers,https://images1.vinted.net/t/02_0033e_SLxzgqxVLQ8tLkPgKeRq6HMS/f800/714f5944.webp?s=0532e41bb8ac1dba989c7d154cd8f2034f2ec2be
2026-09-30T20:50:47,10196661987,Onitsuka tiger Mexico 66 black and white uk5,Onitsuka Tiger,77.65,USD,71,39,https://www.vinted.es/items/10196661987-onitsuka-tiger-mexico-66-black-and-white-uk5,https://images1.vinted.net/t/02_002e6_gMuG3U4K5LbYVoCTu6XkoEmr/f800/29fdd16f.webp?s=f9bdc78f3b3053487022d6a61f245f33fc90bfb7
2026-09-30T21:01:06,10196720775,Onitsuka tiger Mexico 66 cream and silver uk4,Onitsuka Tiger,77.65,USD,13,37,https://www.vinted.es/items/10196720775-onitsuka-tiger-mexico-66-cream-and-silver-uk4,https://images1.vinted.net/t/06_01672_xsZNsbkGdheoGo2TPjfzcX9p/f800/ea46f108.webp?s=79ae85125df6cc90221cfb22ec3517777ca014d6
2026-09-30T21:01:06,10197092359,Women Retro Mesh Chunky Sneakers,Saucony,107.10,USD,6,37.5,https://www.vinted.es/items/10197092359-women-retro-mesh-chunky-sneakers,https://images1.vinted.net/t/02_0033e_SLxzgqxVLQ8tLkPgKeRq6HMS/f800/714f5944.webp?s=0532e41bb8ac1dba989c7d154cd8f2034f2ec2be
2026-09-30T21:01:06,10196661987,Onitsuka tiger Mexico 66 black and white uk5,Onitsuka Tiger,77.65,USD,77,39,https://www.vinted.es/items/10196661987-onitsuka-tiger-mexico-66-black-and-white-uk5,https://images1.vinted.net/t/02_002e6_gMuG3U4K5LbYVoCTu6XkoEmr/f800/29fdd16f.webp?s=f9bdc78f3b3053487022d6a61f245f33fc90bfb7
2026-09-30T21:10:47,10196720775,Onitsuka tiger Mexico 66 cream and silver uk4,Onitsuka Tiger,77.65,USD,16,37,https://www.vinted.es/items/10196720775-onitsuka-tiger-mexico-66-cream-and-silver-uk4,https://images1.vinted.net/t/06_01672_xsZNsbkGdheoGo2TPjfzcX9p/f800/ea46f108.webp?s=79ae85125df6cc90221cfb22ec3517777ca014d6
2026-09-30T21:10:47,10197092359,Women Retro Mesh Chunky Sneakers,Saucony,107.10,USD,6,37.5,https://www.vinted.es/items/10197092359-women-retro-mesh-chunky-sneakers,https://images1.vinted.net/t/02_0033e_SLxzgqxVLQ8tLkPgKeRq6HMS/f800/714f5944.webp?s=0532e41bb8ac1dba989c7d154cd8f2034f2ec2be
2026-09-30T21:20:43,10198022133,Asics gel cumulus 16 trainers,Asics,100.41,USD,2,38,https://www.vinted.es/items/10198022133-asics-gel-cumulus-16-trainers,https://images1.vinted.net/t/03_00729_PjTG5reLTKYoujgU672STxgo/f800/5110ccbc.webp?s=65b93aee688461b4121e7db0535db274c3851830
2026-09-30T21:20:43,10196720775,Onitsuka tiger Mexico 66 cream and silver uk4,Onitsuka Tiger,77.65,USD,22,37,https://www.vinted.es/items/10196720775-onitsuka-tiger-mexico-66-cream-and-silver-uk4,https://images1.vinted.net/t/06_01672_xsZNsbkGdheoGo2TPjfzcX9p/f800/ea46f108.webp?s=79ae85125df6cc90221cfb22ec3517777ca014d6
2026-09-30T21:30:57,10198022133,Asics gel cumulus 16 trainers,Asics,100.41,USD,3,38,https://www.vinted.es/items/10198022133-asics-gel-cumulus-16-trainers,https://images1.vinted.net/t/03_00729_PjTG5reLTKYoujgU672STxgo/f800/5110ccbc.webp?s=65b93aee688461b4121e7db0535db274c3851830
2026-09-30T21:30:57,10196720775,Onitsuka tiger Mexico 66 cream and silver uk4,Onitsuka Tiger,77.65,USD,23,37,https://www.vinted.es/items/10196720775-onitsuka-tiger-mexico-66-cream-and-silver-uk4,https://images1.vinted.net/t/06_01672_xsZNsbkGdheoGo2TPjfzcX9p/f800/ea46f108.webp?s=79ae85125df6cc90221cfb22ec3517777ca014d6
2026-09-30T21:40:45,10198022133,Asics gel cumulus 16 trainers,Asics,100.41,USD,5,38,https://www.vinted.es/items/10198022133-asics-gel-cumulus-16-trainers,https://images1.vinted.net/t/03_00729_PjTG5reLTKYoujgU672STxgo/f800/5110ccbc.webp?s=65b93aee688461b4121e7db0535db274c3851830
2026-09-30T21:40:45,10196720775,Onitsuka tiger Mexico 66 cream and silver uk4,Onitsuka Tiger,77.65,USD,25,37,https://www.vinted.es/items/10196720775-onitsuka-tiger-mexico-66-cream-and-silver-uk4,https://images1.vinted.net/t/06_01672_xsZNsbkGdheoGo2TPjfzcX9p/f800/ea46f108.webp?s=79ae85125df6cc90221cfb22ec3517777ca014d6
2026-09-30T21:50:40,10198022133,Asics gel cumulus 16 trainers,Asics,100.41,USD,5,38,https://www.vinted.es/items/10198022133-asics-gel-cumulus-16-trainers,https://images1.vinted.net/t/03_00729_PjTG5reLTKYoujgU672STxgo/f800/5110ccbc.webp?s=65b93aee688461b4121e7db0535db274c3851830
2026-09-30T21:50:40,10196720775,Onitsuka tiger Mexico 66 cream and silver uk4,Onitsuka Tiger,77.65,USD,25,37,https://www.vinted.es/items/10196720775-onitsuka-tiger-mexico-66-cream-and-silver-uk4,https://images1.vinted.net/t/06_01672_xsZNsbkGdheoGo2TPjfzcX9p/f800/ea46f108.webp?s=79ae85125df6cc90221cfb22ec3517777ca014d6
2026-09-30T22:01:06,10198022133,Asics gel cumulus 16 trainers,Asics,100.41,USD,6,38,https://www.vinted.es/items/10198022133-asics-gel-cumulus-16-trainers,https://images1.vinted.net/t/03_00729_PjTG5reLTKYoujgU672STxgo/f800/5110ccbc.webp?s=65b93aee688461b4121e7db0535db274c3851830
2026-09-30T22:01:06,10196720775,Onitsuka tiger Mexico 66 cream and silver uk4,Onitsuka Tiger,77.65,USD,29,37,https://www.vinted.es/items/10196720775-onitsuka-tiger-mexico-66-cream-and-silver-uk4,https://images1.vinted.net/t/06_01672_xsZNsbkGdheoGo2TPjfzcX9p/f800/ea46f108.webp?s=79ae85125df6cc90221cfb22ec3517777ca014d6
2026-09-30T22:10:39,10198022133,Asics gel cumulus 16 trainers,Asics,100.41,USD,8,38,https://www.vinted.es/items/10198022133-asics-gel-cumulus-16-trainers,https://images1.vinted.net/t/03_00729_PjTG5reLTKYoujgU672STxgo/f800/5110ccbc.webp?s=65b93aee688461b4121e7db0535db274c3851830
2026-09-30T22:10:39,10196720775,Onitsuka tiger Mexico 66 cream and silver uk4,Onitsuka Tiger,77.65,USD,31,37,https://www.vinted.es/items/10196720775-onitsuka-tiger-mexico-66-cream-and-silver-uk4,https://images1.vinted.net/t/06_01672_xsZNsbkGdheoGo2TPjfzcX9p/f800/ea46f108.webp?s=79ae85125df6cc90221cfb22ec3517777ca014d6
2026-09-30T22:20:42,10198022133,Asics gel cumulus 16 trainers,Asics,100.41,USD,9,38,https://www.vinted.es/items/10198022133-asics-gel-cumulus-16-trainers,https://images1.vinted.net/t/03_00729_PjTG5reLTKYoujgU672STxgo/f800/5110ccbc.webp?s=65b93aee688461b4121e7db0535db274c3851830
2026-09-30T22:20:42,10196720775,Onitsuka tiger Mexico 66 cream and silver uk4,Onitsuka Tiger,77.65,USD,31,37,https://www.vinted.es/items/10196720775-onitsuka-tiger-mexico-66-cream-and-silver-uk4,https://images1.vinted.net/t/06_01672_xsZNsbkGdheoGo2TPjfzcX9p/f800/ea46f108.webp?s=79ae85125df6cc90221cfb22ec3517777ca014d6
2026-09-30T22:30:50,10198022133,Asics gel cumulus 16 trainers,Asics,100.41,USD,9,38,https://www.vinted.es/items/10198022133-asics-gel-cumulus-16-trainers,https://images1.vinted.net/t/03_00729_PjTG5reLTKYoujgU672STxgo/f800/5110ccbc.webp?s=65b93aee688461b4121e7db0535db274c3851830
2026-09-30T22:30:50,10196720775,Onitsuka tiger Mexico 66 cream and silver uk4,Onitsuka Tiger,77.65,USD,32,37,https://www.vinted.es/items/10196720775-onitsuka-tiger-mexico-66-cream-and-silver-uk4,https://images1.vinted.net/t/06_01672_xsZNsbkGdheoGo2TPjfzcX9p/f800/ea46f108.webp?s=79ae85125df6cc90221cfb22ec3517777ca014d6
2026-09-30T22:40:39,10198022133,Asics gel cumulus 16 trainers,Asics,100.41,USD,9,38,https://www.vinted.es/items/10198022133-asics-gel-cumulus-16-trainers,https://images1.vinted.net/t/03_00729_PjTG5reLTKYoujgU672STxgo/f800/5110ccbc.webp?s=65b93aee688461b4121e7db0535db274c3851830
2026-09-30T22:40:39,10196720775,Onitsuka tiger Mexico 66 cream and silver uk4,Onitsuka Tiger,77.65,USD,33,37,https://www.vinted.es/items/10196720775-onitsuka-tiger-mexico-66-cream-and-silver-uk4,https://images1.vinted.net/t/06_01672_xsZNsbkGdheoGo2TPjfzcX9p/f800/ea46f108.webp?s=79ae85125df6cc90221cfb22ec3517777ca014d6
2026-09-30T22:50:43,10198022133,Asics gel cumulus 16 trainers,Asics,100.41,USD,9,38,https://www.vinted.es/items/10198022133-asics-gel-cumulus-16-trainers,https://images1.vinted.net/t/03_00729_PjTG5reLTKYoujgU672STxgo/f800/5110ccbc.webp?s=65b93aee688461b4121e7db0535db274c3851830
2026-09-30T22:50:43,10196720775,Onitsuka tiger Mexico 66 cream and silver uk4,Onitsuka Tiger,77.65,USD,33,37,https://www.vinted.es/items/10196720775-onitsuka-tiger-mexico-66-cream-and-silver-uk4,https://images1.vinted.net/t/06_01672_xsZNsbkGdheoGo2TPjfzcX9p/f800/ea46f108.webp?s=79ae85125df6cc90221cfb22ec3517777ca014d6
2026-09-30T23:01:06,10198022133,Asics gel cumulus 16 trainers,Asics,100.41,USD,9,38,https://www.vinted.es/items/10198022133-asics-gel-cumulus-16-trainers,https://images1.vinted.net/t/03_00729_PjTG5reLTKYoujgU672STxgo/f800/5110ccbc.webp?s=65b93aee688461b4121e7db0535db274c3851830
2026-09-30T23:01:06,10196720775,Onitsuka tiger Mexico 66 cream and silver uk4,Onitsuka Tiger,77.65,USD,36,37,https://www.vinted.es/items/10196720775-onitsuka-tiger-mexico-66-cream-and-silver-uk4,https://images1.vinted.net/t/06_01672_xsZNsbkGdheoGo2TPjfzcX9p/f800/ea46f108.webp?s=79ae85125df6cc90221cfb22ec3517777ca014d6
2026-09-30T23:04:16,10198022133,Asics gel cumulus 16 trainers,Asics,100.41,USD,9,38,https://www.vinted.es/items/10198022133-asics-gel-cumulus-16-trainers,https://images1.vinted.net/t/03_00729_PjTG5reLTKYoujgU672STxgo/f800/5110ccbc.webp?s=65b93aee688461b4121e7db0535db274c3851830
2026-09-30T23:04:16,10196720775,Onitsuka tiger Mexico 66 cream and silver uk4,Onitsuka Tiger,77.65,USD,36,37,https://www.vinted.es/items/10196720775-onitsuka-tiger-mexico-66-cream-and-silver-uk4,https://images1.vinted.net/t/06_01672_xsZNsbkGdheoGo2TPjfzcX9p/f800/ea46f108.webp?s=79ae85125df6cc90221cfb22ec3517777ca014d6
2026-09-30T23:10:42,10198022133,Asics gel cumulus 16 trainers,Asics,100.41,USD,9,38,https://www.vinted.es/items/10198022133-asics-gel-cumulus-16-trainers,https://images1.vinted.net/t/03_00729_PjTG5reLTKYoujgU672STxgo/f800/5110ccbc.webp?s=65b93aee688461b4121e7db0535db274c3851830
2026-09-30T23:10:42,10196720775,Onitsuka tiger Mexico 66 cream and silver uk4,Onitsuka Tiger,77.65,USD,37,37,https://www.vinted.es/items/10196720775-onitsuka-tiger-mexico-66-cream-and-silver-uk4,https://images1.vinted.net/t/06_01672_xsZNsbkGdheoGo2TPjfzcX9p/f800/ea46f108.webp?s=79ae85125df6cc90221cfb22ec3517777ca014d6
2026-09-30T23:20:41,10198022133,Asics gel cumulus 16 trainers,Asics,100.41,USD,9,38,https://www.vinted.es/items/10198022133-asics-gel-cumulus-16-trainers,https://images1.vinted.net/t/03_00729_PjTG5reLTKYoujgU672STxgo/f800/5110ccbc.webp?s=65b93aee688461b4121e7db0535db274c3851830
2026-09-30T23:20:41,10196720775,Onitsuka tiger Mexico 66 cream and silver uk4,Onitsuka Tiger,77.65,USD,37,37,https://www.vinted.es/items/10196720775-onitsuka-tiger-mexico-66-cream-and-silver-uk4,https://images1.vinted.net/t/06_01672_xsZNsbkGdheoGo2TPjfzcX9p/f800/ea46f108.webp?s=79ae85125df6cc90221cfb22ec3517777ca014d6
2026-09-30T23:30:51,10198022133,Asics gel cumulus 16 trainers,Asics,100.41,USD,9,38,https://www.vinted.es/items/10198022133-asics-gel-cumulus-16-trainers,https://images1.vinted.net/t/03_00729_PjTG5reLTKYoujgU672STxgo/f800/5110ccbc.webp?s=65b93aee688461b4121e7db0535db274c3851830
2026-09-30T23:30:51,10196720775,Onitsuka tiger Mexico 66 cream and silver uk4,Onitsuka Tiger,77.65,USD,37,37,https://www.vinted.es/items/10196720775-onitsuka-tiger-mexico-66-cream-and-silver-uk4,https://images1.vinted.net/t/06_01672_xsZNsbkGdheoGo2TPjfzcX9p/f800/ea46f108.webp?s=79ae85125df6cc90221cfb22ec3517777ca014d6
2026-09-30T23:40:38,10198022133,Asics gel cumulus 16 trainers,Asics,100.41,USD,9,38,https://www.vinted.es/items/10198022133-asics-gel-cumulus-16-trainers,https://images1.vinted.net/t/03_00729_PjTG5reLTKYoujgU672STxgo/f800/5110ccbc.webp?s=65b93aee688461b4121e7db0535db274c3851830
2026-09-30T23:50:47,10198022133,Asics gel cumulus 16 trainers,Asics,100.41,USD,10,38,https://www.vinted.es/items/10198022133-asics-gel-cumulus-16-trainers,https://images1.vinted.net/t/03_00729_PjTG5reLTKYoujgU672STxgo/f800/5110ccbc.webp?s=65b93aee688461b4121e7db0535db274c3851830
2026-10-01T00:01:52,10198022133,Asics gel cumulus 16 trainers,Asics,100.41,USD,10,38,https://www.vinted.es/items/10198022133-asics-gel-cumulus-16-trainers,https://images1.vinted.net/t/03_00729_PjTG5reLTKYoujgU672STxgo/f800/5110ccbc.webp?s=65b93aee688461b4121e7db0535db274c3851830
2026-10-01T00:10:44,10198022133,Asics gel cumulus 16 trainers,Asics,100.41,USD,11,38,https://www.vinted.es/items/10198022133-asics-gel-cumulus-16-trainers,https://images1.vinted.net/t/03_00729_PjTG5reLTKYoujgU672STxgo/f800/5110ccbc.webp?s=65b93aee688461b4121e7db0535db274c3851830
2026-10-01T00:20:44,10198022133,Asics gel cumulus 16 trainers,Asics,100.41,USD,12,38,https://www.vinted.es/items/10198022133-asics-gel-cumulus-16-trainers,https://images1.vinted.net/t/03_00729_PjTG5reLTKYoujgU672STxgo/f800/5110ccbc.webp?s=65b93aee688461b4121e7db0535db274c3851830
2026-10-01T00:30:58,10198022133,Asics gel cumulus 16 trainers,Asics,100.41,USD,13,38,https://www.vinted.es/items/10198022133-asics-gel-cumulus-16-trainers,https://images1.vinted.net/t/03_00729_PjTG5reLTKYoujgU672STxgo/f800/5110ccbc.webp?s=65b93aee688461b4121e7db0535db274c3851830
2026-10-01T00:40:39,10198022133,Asics gel cumulus 16 trainers,Asics,100.41,USD,13,38,https://www.vinted.es/items/10198022133-asics-gel-cumulus-16-trainers,https://images1.vinted.net/t/03_00729_PjTG5reLTKYoujgU672STxgo/f800/5110ccbc.webp?s=65b93aee688461b4121e7db0535db274c3851830
2026-10-01T00:50:37,10198022133,Asics gel cumulus 16 trainers,Asics,100.41,USD,13,38,https://www.vinted.es/items/10198022133-asics-gel-cumulus-16-trainers,https://images1.vinted.net/t/03_00729_PjTG5reLTKYoujgU672STxgo/f800/5110ccbc.webp?s=65b93aee688461b4121e7db0535db274c3851830
2026-10-01T01:01:07,10198022133,Asics gel cumulus 16 trainers,Asics,100.41,USD,13,38,https://www.vinted.es/items/10198022133-asics-gel-cumulus-16-trainers,https://images1.vinted.net/t/03_00729_PjTG5reLTKYoujgU672STxgo/f800/5110ccbc.webp?s=65b93aee688461b4121e7db0535db274c3851830
2026-10-01T02:01:05,10198022133,Asics gel cumulus 16 trainers,Asics,100.41,USD,14,38,https://www.vinted.es/items/10198022133-asics-gel-cumulus-16-trainers,https://images1.vinted.net/t/03_00729_PjTG5reLTKYoujgU672STxgo/f800/5110ccbc.webp?s=65b93aee688461b4121e7db0535db274c3851830
2026-10-01T02:10:41,10198022133,Asics gel cumulus 16 trainers,Asics,100.71,USD,14,38,https://www.vinted.es/items/10198022133-asics-gel-cumulus-16-trainers,https://images1.vinted.net/t/03_00729_PjTG5reLTKYoujgU672STxgo/f800/5110ccbc.webp?s=65b93aee688461b4121e7db0535db274c3851830
2026-10-01T02:20:40,10198022133,Asics gel cumulus 16 trainers,Asics,100.71,USD,14,38,https://www.vinted.es/items/10198022133-asics-gel-cumulus-16-trainers,https://images1.vinted.net/t/03_00729_PjTG5reLTKYoujgU672STxgo/f800/5110ccbc.webp?s=65b93aee688461b4121e7db0535db274c3851830
2026-10-01T03:10:46,10198022133,Asics gel cumulus 16 trainers,Asics,100.71,USD,14,38,https://www.vinted.es/items/10198022133-asics-gel-cumulus-16-trainers,https://images1.vinted.net/t/03_00729_PjTG5reLTKYoujgU672STxgo/f800/5110ccbc.webp?s=65b93aee688461b4121e7db0535db274c3851830
2026-10-01T03:20:42,10198022133,Asics gel cumulus 16 trainers,Asics,100.71,USD,14,38,https://www.vinted.es/items/10198022133-asics-gel-cumulus-16-trainers,https://images1.vinted.net/t/03_00729_PjTG5reLTKYoujgU672STxgo/f800/5110ccbc.webp?s=65b93aee688461b4121e7db0535db274c3851830
2026-10-01T04:01:05,10198022133,Asics gel cumulus 16 trainers,Asics,100.71,USD,14,38,https://www.vinted.es/items/10198022133-asics-gel-cumulus-16-trainers,https://images1.vinted.net/t/03_00729_PjTG5reLTKYoujgU672STxgo/f800/5110ccbc.webp?s=65b93aee688461b4121e7db0535db274c3851830
2026-10-01T04:20:41,10198022133,Asics gel cumulus 16 trainers,Asics,100.71,USD,14,38,https://www.vinted.es/items/10198022133-asics-gel-cumulus-16-trainers,https://images1.vinted.net/t/03_00729_PjTG5reLTKYoujgU672STxgo/f800/5110ccbc.webp?s=65b93aee688461b4121e7db0535db274c3851830
2026-10-01T10:31:05,10201886275,ASICS Gel-DS Trainer 14 - Size UK 7.5,Asics,80.57,USD,0,40.5,https://www.vinted.es/items/10201886275-asics-gel-ds-trainer-14-size-uk-75,https://images1.vinted.net/t/01_003a5_5EHEtirjyEnL1ZesvHQFBMRz/f800/b4908dff.webp?s=1f32abc9ab56307af55a903f951df063b272770a
2026-10-01T10:40:46,10201886275,ASICS Gel-DS Trainer 14 - Size UK 7.5,Asics,80.57,USD,0,40.5,https://www.vinted.es/items/10201886275-asics-gel-ds-trainer-14-size-uk-75,https://images1.vinted.net/t/01_00024_FFk97MK47WRsg87HUiswkbJa/f800/7294a59f.webp?s=d44bb11cc729ee8360b43090ec5ea2e25031a955
2026-10-01T10:50:43,10201886275,ASICS Gel-DS Trainer 14 - Size UK 7.5,Asics,80.57,USD,0,40.5,https://www.vinted.es/items/10201886275-asics-gel-ds-trainer-14-size-uk-75,https://images1.vinted.net/t/01_00024_FFk97MK47WRsg87HUiswkbJa/f800/7294a59f.webp?s=d44bb11cc729ee8360b43090ec5ea2e25031a955
2026-10-01T11:01:14,10201886275,ASICS Gel-DS Trainer 14 - Size UK 7.5,Asics,80.57,USD,0,40.5,https://www.vinted.es/items/10201886275-asics-gel-ds-trainer-14-size-uk-75,https://images1.vinted.net/t/01_00024_FFk97MK47WRsg87HUiswkbJa/f800/7294a59f.webp?s=d44bb11cc729ee8360b43090ec5ea2e25031a955
2026-10-01T11:10:46,10201886275,ASICS Gel-DS Trainer 14 - Size UK 7.5,Asics,80.57,USD,0,40.5,https://www.vinted.es/items/10201886275-asics-gel-ds-trainer-14-size-uk-75,https://images1.vinted.net/t/01_00024_FFk97MK47WRsg87HUiswkbJa/f800/7294a59f.webp?s=d44bb11cc729ee8360b43090ec5ea2e25031a955
2026-10-01T11:20:47,10201886275,ASICS Gel-DS Trainer 14 - Size UK 7.5,Asics,80.57,USD,0,40.5,https://www.vinted.es/items/10201886275-asics-gel-ds-trainer-14-size-uk-75,https://images1.vinted.net/t/01_00024_FFk97MK47WRsg87HUiswkbJa/f800/7294a59f.webp?s=d44bb11cc729ee8360b43090ec5ea2e25031a955
2026-10-01T11:30:54,10202513503,Sportssko Nike P6000 storrelse 6.5,Nike,76.54,USD,0,39.5,https://www.vinted.es/items/10202513503-sportssko-nike-p6000-storrelse-65,https://images1.vinted.net/t/03_003a7_M2jiDP7EGrnqa78pXWGkLb4a/f800/2d25e5ce.webp?s=1bb9dd5127e500c90e49ddca7942e38a7c6fbbd5
2026-10-01T11:30:54,10202422772,Sportssko Nike P6000 storrelse 7,Nike,76.54,USD,7,40,https://www.vinted.es/items/10202422772-sportssko-nike-p6000-storrelse-7,https://images1.vinted.net/t/02_002ba_R6M4mUPiRKmq8pMKCKH5kTSe/f800/ce6f1eae.webp?s=f084c8fd2f99ae117de5e449aebcb75913100213
2026-10-01T11:30:54,10201886275,ASICS Gel-DS Trainer 14 - Size UK 7.5,Asics,80.57,USD,0,40.5,https://www.vinted.es/items/10201886275-asics-gel-ds-trainer-14-size-uk-75,https://images1.vinted.net/t/01_00024_FFk97MK47WRsg87HUiswkbJa/f800/7294a59f.webp?s=d44bb11cc729ee8360b43090ec5ea2e25031a955
2026-10-01T11:40:42,10202513503,Sportssko Nike P6000 storrelse 6.5,Nike,76.54,USD,6,39.5,https://www.vinted.es/items/10202513503-sportssko-nike-p6000-storrelse-65,https://images1.vinted.net/t/03_003a7_M2jiDP7EGrnqa78pXWGkLb4a/f800/2d25e5ce.webp?s=1bb9dd5127e500c90e49ddca7942e38a7c6fbbd5
2026-10-01T11:40:42,10202422772,Sportssko Nike P6000 storrelse 7,Nike,76.54,USD,13,40,https://www.vinted.es/items/10202422772-sportssko-nike-p6000-storrelse-7,https://images1.vinted.net/t/02_002ba_R6M4mUPiRKmq8pMKCKH5kTSe/f800/ce6f1eae.webp?s=f084c8fd2f99ae117de5e449aebcb75913100213
2026-10-01T11:40:42,10201886275,ASICS Gel-DS Trainer 14 - Size UK 7.5,Asics,80.57,USD,0,40.5,https://www.vinted.es/items/10201886275-asics-gel-ds-trainer-14-size-uk-75,https://images1.vinted.net/t/01_00024_FFk97MK47WRsg87HUiswkbJa/f800/7294a59f.webp?s=d44bb11cc729ee8360b43090ec5ea2e25031a955
2026-10-01T11:50:45,10202513503,Sportssko Nike P6000 storrelse 6.5,Nike,76.54,USD,11,39.5,https://www.vinted.es/items/10202513503-sportssko-nike-p6000-storrelse-65,https://images1.vinted.net/t/03_003a7_M2jiDP7EGrnqa78pXWGkLb4a/f800/2d25e5ce.webp?s=1bb9dd5127e500c90e49ddca7942e38a7c6fbbd5
2026-10-01T11:50:45,10202422772,Sportssko Nike P6000 storrelse 7,Nike,76.54,USD,19,40,https://www.vinted.es/items/10202422772-sportssko-nike-p6000-storrelse-7,https://images1.vinted.net/t/02_002ba_R6M4mUPiRKmq8pMKCKH5kTSe/f800/ce6f1eae.webp?s=f084c8fd2f99ae117de5e449aebcb75913100213
2026-10-01T11:50:45,10201886275,ASICS Gel-DS Trainer 14 - Size UK 7.5,Asics,80.57,USD,0,40.5,https://www.vinted.es/items/10201886275-asics-gel-ds-trainer-14-size-uk-75,https://images1.vinted.net/t/01_00024_FFk97MK47WRsg87HUiswkbJa/f800/7294a59f.webp?s=d44bb11cc729ee8360b43090ec5ea2e25031a955
2026-10-01T12:01:17,10202422772,Sportssko Nike P6000 storrelse 7,Nike,76.54,USD,25,40,https://www.vinted.es/items/10202422772-sportssko-nike-p6000-storrelse-7,https://images1.vinted.net/t/02_002ba_R6M4mUPiRKmq8pMKCKH5kTSe/f800/ce6f1eae.webp?s=f084c8fd2f99ae117de5e449aebcb75913100213
2026-10-01T12:01:17,10201886275,ASICS Gel-DS Trainer 14 - Size UK 7.5,Asics,80.57,USD,0,40.5,https://www.vinted.es/items/10201886275-asics-gel-ds-trainer-14-size-uk-75,https://images1.vinted.net/t/01_00024_FFk97MK47WRsg87HUiswkbJa/f800/7294a59f.webp?s=d44bb11cc729ee8360b43090ec5ea2e25031a955
2026-10-01T12:10:40,10202422772,Sportssko Nike P6000 storrelse 7,Nike,76.54,USD,31,40,https://www.vinted.es/items/10202422772-sportssko-nike-p6000-storrelse-7,https://images1.vinted.net/t/02_002ba_R6M4mUPiRKmq8pMKCKH5kTSe/f800/ce6f1eae.webp?s=f084c8fd2f99ae117de5e449aebcb75913100213
2026-10-01T12:10:40,10201886275,ASICS Gel-DS Trainer 14 - Size UK 7.5,Asics,80.57,USD,0,40.5,https://www.vinted.es/items/10201886275-asics-gel-ds-trainer-14-size-uk-75,https://images1.vinted.net/t/01_00024_FFk97MK47WRsg87HUiswkbJa/f800/7294a59f.webp?s=d44bb11cc729ee8360b43090ec5ea2e25031a955
2026-10-01T12:20:43,10202422772,Sportssko Nike P6000 storrelse 7,Nike,76.54,USD,33,40,https://www.vinted.es/items/10202422772-sportssko-nike-p6000-storrelse-7,https://images1.vinted.net/t/02_002ba_R6M4mUPiRKmq8pMKCKH5kTSe/f800/ce6f1eae.webp?s=f084c8fd2f99ae117de5e449aebcb75913100213
2026-10-01T12:20:43,10201886275,ASICS Gel-DS Trainer 14 - Size UK 7.5,Asics,80.57,USD,0,40.5,https://www.vinted.es/items/10201886275-asics-gel-ds-trainer-14-size-uk-75,https://images1.vinted.net/t/01_00024_FFk97MK47WRsg87HUiswkbJa/f800/7294a59f.webp?s=d44bb11cc729ee8360b43090ec5ea2e25031a955
2026-10-01T12:31:03,10203104237,Sportssko Nike P6000 storrelse 6,Nike,76.54,USD,0,39,https://www.vinted.es/items/10203104237-sportssko-nike-p6000-storrelse-6,https://images1.vinted.net/t/04_01154_DkdpJL31RUBYdTZQnsEWPoQf/f800/cb97c434.webp?s=c997c9e32031bdc5eb2be111c6d73a96dbb78fad
2026-10-01T12:31:03,10202422772,Sportssko Nike P6000 storrelse 7,Nike,76.54,USD,37,40,https://www.vinted.es/items/10202422772-sportssko-nike-p6000-storrelse-7,https://images1.vinted.net/t/02_002ba_R6M4mUPiRKmq8pMKCKH5kTSe/f800/ce6f1eae.webp?s=f084c8fd2f99ae117de5e449aebcb75913100213
2026-10-01T12:31:03,10201886275,ASICS Gel-DS Trainer 14 - Size UK 7.5,Asics,80.57,USD,0,40.5,https://www.vinted.es/items/10201886275-asics-gel-ds-trainer-14-size-uk-75,https://images1.vinted.net/t/01_00024_FFk97MK47WRsg87HUiswkbJa/f800/7294a59f.webp?s=d44bb11cc729ee8360b43090ec5ea2e25031a955
2026-10-01T12:40:42,10203259155,ASICS Gel Cumulus 16 UK 6.5 Dried Leaf Green RRP £145 100% Authentic NYC,Asics,87.28,USD,0,39.5,https://www.vinted.es/items/10203259155-asics-gel-cumulus-16-uk-65-dried-leaf-green-rrp-ps145-100-authentic-nyc,https://images1.vinted.net/t/05_0067c_2DUFH62k5ioPRf3Dsu8L3Qbd/f800/b8a0b647.webp?s=1de5deec8dec622a98fb2986e454d4ff1853e479
2026-10-01T12:40:42,10203104237,Sportssko Nike P6000 storrelse 6,Nike,76.54,USD,4,39,https://www.vinted.es/items/10203104237-sportssko-nike-p6000-storrelse-6,https://images1.vinted.net/t/04_01154_DkdpJL31RUBYdTZQnsEWPoQf/f800/cb97c434.webp?s=c997c9e32031bdc5eb2be111c6d73a96dbb78fad
2026-10-01T12:40:42,10202422772,Sportssko Nike P6000 storrelse 7,Nike,76.54,USD,40,40,https://www.vinted.es/items/10202422772-sportssko-nike-p6000-storrelse-7,https://images1.vinted.net/t/02_002ba_R6M4mUPiRKmq8pMKCKH5kTSe/f800/ce6f1eae.webp?s=f084c8fd2f99ae117de5e449aebcb75913100213
2026-10-01T12:40:42,10201886275,ASICS Gel-DS Trainer 14 - Size UK 7.5,Asics,80.57,USD,0,40.5,https://www.vinted.es/items/10201886275-asics-gel-ds-trainer-14-size-uk-75,https://images1.vinted.net/t/01_00024_FFk97MK47WRsg87HUiswkbJa/f800/7294a59f.webp?s=d44bb11cc729ee8360b43090ec5ea2e25031a955
2026-10-01T12:50:51,10203259155,ASICS Gel Cumulus 16 UK 6.5 Dried Leaf Green RRP £145 100% Authentic NYC,Asics,87.28,USD,0,39.5,https://www.vinted.es/items/10203259155-asics-gel-cumulus-16-uk-65-dried-leaf-green-rrp-ps145-100-authentic-nyc,https://images1.vinted.net/t/02_01bd0_h8XruGG2PmomyXFqjDbdtuEv/f800/0ed9f3dd.webp?s=958874cd3a00f1b3e2c47c077ebe3fb75dfff255
2026-10-01T12:50:51,10203104237,Sportssko Nike P6000 storrelse 6,Nike,76.54,USD,5,39,https://www.vinted.es/items/10203104237-sportssko-nike-p6000-storrelse-6,https://images1.vinted.net/t/04_01154_DkdpJL31RUBYdTZQnsEWPoQf/f800/cb97c434.webp?s=c997c9e32031bdc5eb2be111c6d73a96dbb78fad
2026-10-01T12:50:51,10202422772,Sportssko Nike P6000 storrelse 7,Nike,76.54,USD,45,40,https://www.vinted.es/items/10202422772-sportssko-nike-p6000-storrelse-7,https://images1.vinted.net/t/02_002ba_R6M4mUPiRKmq8pMKCKH5kTSe/f800/ce6f1eae.webp?s=f084c8fd2f99ae117de5e449aebcb75913100213
2026-10-01T13:01:18,10203259155,ASICS Gel Cumulus 16 UK 6.5 Dried Leaf Green RRP £145 100% Authentic NYC,Asics,87.28,USD,1,39.5,https://www.vinted.es/items/10203259155-asics-gel-cumulus-16-uk-65-dried-leaf-green-rrp-ps145-100-authentic-nyc,https://images1.vinted.net/t/02_01bd0_h8XruGG2PmomyXFqjDbdtuEv/f800/0ed9f3dd.webp?s=958874cd3a00f1b3e2c47c077ebe3fb75dfff255
2026-10-01T13:01:18,10203104237,Sportssko Nike P6000 storrelse 6,Nike,76.54,USD,5,39,https://www.vinted.es/items/10203104237-sportssko-nike-p6000-storrelse-6,https://images1.vinted.net/t/04_01154_DkdpJL31RUBYdTZQnsEWPoQf/f800/cb97c434.webp?s=c997c9e32031bdc5eb2be111c6d73a96dbb78fad
2026-10-01T13:01:18,10202422772,Sportssko Nike P6000 storrelse 7,Nike,76.54,USD,49,40,https://www.vinted.es/items/10202422772-sportssko-nike-p6000-storrelse-7,https://images1.vinted.net/t/02_002ba_R6M4mUPiRKmq8pMKCKH5kTSe/f800/ce6f1eae.webp?s=f084c8fd2f99ae117de5e449aebcb75913100213
2026-10-01T13:10:57,10203259155,ASICS Gel Cumulus 16 UK 6.5 Dried Leaf Green RRP £145 100% Authentic NYC,Asics,87.28,USD,2,39.5,https://www.vinted.es/items/10203259155-asics-gel-cumulus-16-uk-65-dried-leaf-green-rrp-ps145-100-authentic-nyc,https://images1.vinted.net/t/02_01bd0_h8XruGG2PmomyXFqjDbdtuEv/f800/0ed9f3dd.webp?s=958874cd3a00f1b3e2c47c077ebe3fb75dfff255
2026-10-01T13:10:57,10203104237,Sportssko Nike P6000 storrelse 6,Nike,76.54,USD,5,39,https://www.vinted.es/items/10203104237-sportssko-nike-p6000-storrelse-6,https://images1.vinted.net/t/04_01154_DkdpJL31RUBYdTZQnsEWPoQf/f800/cb97c434.webp?s=c997c9e32031bdc5eb2be111c6d73a96dbb78fad
2026-10-01T13:10:57,10202422772,Sportssko Nike P6000 storrelse 7,Nike,76.54,USD,49,40,https://www.vinted.es/items/10202422772-sportssko-nike-p6000-storrelse-7,https://images1.vinted.net/t/02_002ba_R6M4mUPiRKmq8pMKCKH5kTSe/f800/ce6f1eae.webp?s=f084c8fd2f99ae117de5e449aebcb75913100213
2026-10-01T13:20:46,10203259155,ASICS Gel Cumulus 16 UK 6.5 Dried Leaf Green RRP £145 100% Authentic NYC,Asics,87.28,USD,3,39.5,https://www.vinted.es/items/10203259155-asics-gel-cumulus-16-uk-65-dried-leaf-green-rrp-ps145-100-authentic-nyc,https://images1.vinted.net/t/02_01bd0_h8XruGG2PmomyXFqjDbdtuEv/f800/0ed9f3dd.webp?s=958874cd3a00f1b3e2c47c077ebe3fb75dfff255
2026-10-01T13:20:46,10203104237,Sportssko Nike P6000 storrelse 6,Nike,76.54,USD,7,39,https://www.vinted.es/items/10203104237-sportssko-nike-p6000-storrelse-6,https://images1.vinted.net/t/04_01154_DkdpJL31RUBYdTZQnsEWPoQf/f800/cb97c434.webp?s=c997c9e32031bdc5eb2be111c6d73a96dbb78fad
2026-10-01T13:20:46,10202422772,Sportssko Nike P6000 storrelse 7,Nike,76.54,USD,54,40,https://www.vinted.es/items/10202422772-sportssko-nike-p6000-storrelse-7,https://images1.vinted.net/t/02_002ba_R6M4mUPiRKmq8pMKCKH5kTSe/f800/ce6f1eae.webp?s=f084c8fd2f99ae117de5e449aebcb75913100213
2026-10-01T13:31:01,10203665051,Adidas spezial Brown Suede Trainers 🤎,adidas,80.57,USD,0,38,https://www.vinted.es/items/10203665051-adidas-spezial-brown-suede-trainers,https://images1.vinted.net/t/02_017c5_meME5rzWduve8XJbnCUqKPMS/f800/0a2efd04.webp?s=80209c28dada12960a3e7d8b642f98fd6d02f525
2026-10-01T13:31:01,10203259155,ASICS Gel Cumulus 16 UK 6.5 Dried Leaf Green RRP £145 100% Authentic NYC,Asics,87.28,USD,3,39.5,https://www.vinted.es/items/10203259155-asics-gel-cumulus-16-uk-65-dried-leaf-green-rrp-ps145-100-authentic-nyc,https://images1.vinted.net/t/02_01bd0_h8XruGG2PmomyXFqjDbdtuEv/f800/0ed9f3dd.webp?s=958874cd3a00f1b3e2c47c077ebe3fb75dfff255
2026-10-01T13:31:01,10203104237,Sportssko Nike P6000 storrelse 6,Nike,76.54,USD,7,39,https://www.vinted.es/items/10203104237-sportssko-nike-p6000-storrelse-6,https://images1.vinted.net/t/04_01154_DkdpJL31RUBYdTZQnsEWPoQf/f800/cb97c434.webp?s=c997c9e32031bdc5eb2be111c6d73a96dbb78fad
2026-10-01T13:31:01,10202422772,Sportssko Nike P6000 storrelse 7,Nike,76.54,USD,60,40,https://www.vinted.es/items/10202422772-sportssko-nike-p6000-storrelse-7,https://images1.vinted.net/t/02_002ba_R6M4mUPiRKmq8pMKCKH5kTSe/f800/ce6f1eae.webp?s=f084c8fd2f99ae117de5e449aebcb75913100213
2026-10-01T13:40:42,10203665051,Adidas spezial Brown Suede Trainers 🤎,adidas,80.57,USD,2,38,https://www.vinted.es/items/10203665051-adidas-spezial-brown-suede-trainers,https://images1.vinted.net/t/02_017c5_meME5rzWduve8XJbnCUqKPMS/f800/0a2efd04.webp?s=80209c28dada12960a3e7d8b642f98fd6d02f525
2026-10-01T13:40:42,10203259155,ASICS Gel Cumulus 16 UK 6.5 Dried Leaf Green RRP £145 100% Authentic NYC,Asics,87.28,USD,4,39.5,https://www.vinted.es/items/10203259155-asics-gel-cumulus-16-uk-65-dried-leaf-green-rrp-ps145-100-authentic-nyc,https://images1.vinted.net/t/02_01bd0_h8XruGG2PmomyXFqjDbdtuEv/f800/0ed9f3dd.webp?s=958874cd3a00f1b3e2c47c077ebe3fb75dfff255
2026-10-01T13:40:42,10203104237,Sportssko Nike P6000 storrelse 6,Nike,76.54,USD,7,39,https://www.vinted.es/items/10203104237-sportssko-nike-p6000-storrelse-6,https://images1.vinted.net/t/04_01154_DkdpJL31RUBYdTZQnsEWPoQf/f800/cb97c434.webp?s=c997c9e32031bdc5eb2be111c6d73a96dbb78fad
2026-10-01T13:40:42,10202422772,Sportssko Nike P6000 storrelse 7,Nike,76.54,USD,62,40,https://www.vinted.es/items/10202422772-sportssko-nike-p6000-storrelse-7,https://images1.vinted.net/t/02_002ba_R6M4mUPiRKmq8pMKCKH5kTSe/f800/ce6f1eae.webp?s=f084c8fd2f99ae117de5e449aebcb75913100213
2026-10-01T13:50:40,10203989147,Adidas spezial brown 4.5,adidas,80.57,USD,1,37.5,https://www.vinted.es/items/10203989147-adidas-spezial-brown-45,https://images1.vinted.net/t/02_00863_fWLtUQGjC8wfSaxKNd8LUoQP/f800/2efc27e5.webp?s=4524afa4af5c98e97e671bb2212e61c46e9d99a2
2026-10-01T13:50:40,10203665051,Adidas spezial Brown Suede Trainers 🤎,adidas,80.57,USD,3,38,https://www.vinted.es/items/10203665051-adidas-spezial-brown-suede-trainers,https://images1.vinted.net/t/02_017c5_meME5rzWduve8XJbnCUqKPMS/f800/0a2efd04.webp?s=80209c28dada12960a3e7d8b642f98fd6d02f525
2026-10-01T13:50:40,10203259155,ASICS Gel Cumulus 16 UK 6.5 Dried Leaf Green RRP £145 100% Authentic NYC,Asics,87.28,USD,5,39.5,https://www.vinted.es/items/10203259155-asics-gel-cumulus-16-uk-65-dried-leaf-green-rrp-ps145-100-authentic-nyc,https://images1.vinted.net/t/02_01bd0_h8XruGG2PmomyXFqjDbdtuEv/f800/0ed9f3dd.webp?s=958874cd3a00f1b3e2c47c077ebe3fb75dfff255
2026-10-01T13:50:40,10203104237,Sportssko Nike P6000 storrelse 6,Nike,76.54,USD,7,39,https://www.vinted.es/items/10203104237-sportssko-nike-p6000-storrelse-6,https://images1.vinted.net/t/04_01154_DkdpJL31RUBYdTZQnsEWPoQf/f800/cb97c434.webp?s=c997c9e32031bdc5eb2be111c6d73a96dbb78fad
2026-10-01T13:50:40,10202422772,Sportssko Nike P6000 storrelse 7,Nike,76.54,USD,64,40,https://www.vinted.es/items/10202422772-sportssko-nike-p6000-storrelse-7,https://images1.vinted.net/t/02_002ba_R6M4mUPiRKmq8pMKCKH5kTSe/f800/ce6f1eae.webp?s=f084c8fd2f99ae117de5e449aebcb75913100213
2026-10-01T14:01:07,10203989147,Adidas spezial brown 4.5,adidas,80.57,USD,3,37.5,https://www.vinted.es/items/10203989147-adidas-spezial-brown-45,https://images1.vinted.net/t/02_00863_fWLtUQGjC8wfSaxKNd8LUoQP/f800/2efc27e5.webp?s=4524afa4af5c98e97e671bb2212e61c46e9d99a2
2026-10-01T14:01:07,10203665051,Adidas spezial Brown Suede Trainers 🤎,adidas,80.57,USD,3,38,https://www.vinted.es/items/10203665051-adidas-spezial-brown-suede-trainers,https://images1.vinted.net/t/02_017c5_meME5rzWduve8XJbnCUqKPMS/f800/0a2efd04.webp?s=80209c28dada12960a3e7d8b642f98fd6d02f525
2026-10-01T14:01:07,10203104237,Sportssko Nike P6000 storrelse 6,Nike,76.54,USD,8,39,https://www.vinted.es/items/10203104237-sportssko-nike-p6000-storrelse-6,https://images1.vinted.net/t/04_01154_DkdpJL31RUBYdTZQnsEWPoQf/f800/cb97c434.webp?s=c997c9e32031bdc5eb2be111c6d73a96dbb78fad
2026-10-01T14:01:07,10203259155,ASICS Gel Cumulus 16 UK 6.5 Dried Leaf Green RRP £145 100% Authentic NYC,Asics,87.28,USD,5,39.5,https://www.vinted.es/items/10203259155-asics-gel-cumulus-16-uk-65-dried-leaf-green-rrp-ps145-100-authentic-nyc,https://images1.vinted.net/t/02_01bd0_h8XruGG2PmomyXFqjDbdtuEv/f800/0ed9f3dd.webp?s=958874cd3a00f1b3e2c47c077ebe3fb75dfff255
2026-10-01T14:01:07,10202422772,Sportssko Nike P6000 storrelse 7,Nike,76.54,USD,68,40,https://www.vinted.es/items/10202422772-sportssko-nike-p6000-storrelse-7,https://images1.vinted.net/t/02_002ba_R6M4mUPiRKmq8pMKCKH5kTSe/f800/ce6f1eae.webp?s=f084c8fd2f99ae117de5e449aebcb75913100213
2026-10-01T14:10:45,10203989147,Adidas spezial brown 4.5,adidas,80.57,USD,3,37.5,https://www.vinted.es/items/10203989147-adidas-spezial-brown-45,https://images1.vinted.net/t/02_00863_fWLtUQGjC8wfSaxKNd8LUoQP/f800/2efc27e5.webp?s=4524afa4af5c98e97e671bb2212e61c46e9d99a2
2026-10-01T14:10:45,10203665051,Adidas spezial Brown Suede Trainers,adidas,80.57,USD,4,38,https://www.vinted.es/items/10203665051-adidas-spezial-brown-suede-trainers,https://images1.vinted.net/t/06_024ef_JMpvJzZS8fGsujz273ZQx9xb/f800/9590f2ae.webp?s=79de0220bc3a021edc0a7235951c185248f5ed4a
2026-10-01T14:10:45,10203259155,ASICS Gel Cumulus 16 UK 6.5 Dried Leaf Green RRP £145 100% Authentic NYC,Asics,87.28,USD,5,39.5,https://www.vinted.es/items/10203259155-asics-gel-cumulus-16-uk-65-dried-leaf-green-rrp-ps145-100-authentic-nyc,https://images1.vinted.net/t/02_01bd0_h8XruGG2PmomyXFqjDbdtuEv/f800/0ed9f3dd.webp?s=958874cd3a00f1b3e2c47c077ebe3fb75dfff255
2026-10-01T14:10:45,10203104237,Sportssko Nike P6000 storrelse 6,Nike,76.54,USD,9,39,https://www.vinted.es/items/10203104237-sportssko-nike-p6000-storrelse-6,https://images1.vinted.net/t/04_01154_DkdpJL31RUBYdTZQnsEWPoQf/f800/cb97c434.webp?s=c997c9e32031bdc5eb2be111c6d73a96dbb78fad
2026-10-01T14:10:45,10202422772,Sportssko Nike P6000 storrelse 7,Nike,76.54,USD,71,40,https://www.vinted.es/items/10202422772-sportssko-nike-p6000-storrelse-7,https://images1.vinted.net/t/02_002ba_R6M4mUPiRKmq8pMKCKH5kTSe/f800/ce6f1eae.webp?s=f084c8fd2f99ae117de5e449aebcb75913100213
2026-10-01T14:20:42,10203989147,Adidas spezial brown 4.5,adidas,80.57,USD,4,37.5,https://www.vinted.es/items/10203989147-adidas-spezial-brown-45,https://images1.vinted.net/t/02_00863_fWLtUQGjC8wfSaxKNd8LUoQP/f800/2efc27e5.webp?s=4524afa4af5c98e97e671bb2212e61c46e9d99a2
2026-10-01T14:20:42,10203665051,Adidas spezial Brown Suede Trainers,adidas,80.57,USD,4,38,https://www.vinted.es/items/10203665051-adidas-spezial-brown-suede-trainers,https://images1.vinted.net/t/06_024ef_JMpvJzZS8fGsujz273ZQx9xb/f800/9590f2ae.webp?s=79de0220bc3a021edc0a7235951c185248f5ed4a
2026-10-01T14:20:42,10203259155,ASICS Gel Cumulus 16 UK 6.5 Dried Leaf Green RRP £145 100% Authentic NYC,Asics,87.28,USD,5,39.5,https://www.vinted.es/items/10203259155-asics-gel-cumulus-16-uk-65-dried-leaf-green-rrp-ps145-100-authentic-nyc,https://images1.vinted.net/t/02_01bd0_h8XruGG2PmomyXFqjDbdtuEv/f800/0ed9f3dd.webp?s=958874cd3a00f1b3e2c47c077ebe3fb75dfff255
2026-10-01T14:20:42,10203104237,Sportssko Nike P6000 storrelse 6,Nike,76.54,USD,9,39,https://www.vinted.es/items/10203104237-sportssko-nike-p6000-storrelse-6,https://images1.vinted.net/t/04_01154_DkdpJL31RUBYdTZQnsEWPoQf/f800/cb97c434.webp?s=c997c9e32031bdc5eb2be111c6d73a96dbb78fad
2026-10-01T14:20:42,10203104237,Sportssko Nike P6000 storrelse 6,Nike,76.54,USD,9,39,https://www.vinted.es/items/10203104237-sportssko-nike-p6000-storrelse-6,https://images1.vinted.net/t/04_01154_DkdpJL31RUBYdTZQnsEWPoQf/f800/cb97c434.webp?s=c997c9e32031bdc5eb2be111c6d73a96dbb78fad
2026-10-01T14:20:42,10202422772,Sportssko Nike P6000 storrelse 7,Nike,76.54,USD,76,40,https://www.vinted.es/items/10202422772-sportssko-nike-p6000-storrelse-7,https://images1.vinted.net/t/02_002ba_R6M4mUPiRKmq8pMKCKH5kTSe/f800/ce6f1eae.webp?s=f084c8fd2f99ae117de5e449aebcb75913100213
2026-10-01T14:30:57,10203989147,Adidas spezial brown 4.5,adidas,80.57,USD,4,37.5,https://www.vinted.es/items/10203989147-adidas-spezial-brown-45,https://images1.vinted.net/t/02_00863_fWLtUQGjC8wfSaxKNd8LUoQP/f800/2efc27e5.webp?s=4524afa4af5c98e97e671bb2212e61c46e9d99a2
2026-10-01T14:30:57,10203665051,Adidas spezial Brown Suede Trainers,adidas,80.57,USD,4,38,https://www.vinted.es/items/10203665051-adidas-spezial-brown-suede-trainers,https://images1.vinted.net/t/06_024ef_JMpvJzZS8fGsujz273ZQx9xb/f800/9590f2ae.webp?s=79de0220bc3a021edc0a7235951c185248f5ed4a
2026-10-01T14:30:57,10203104237,Sportssko Nike P6000 storrelse 6,Nike,76.54,USD,10,39,https://www.vinted.es/items/10203104237-sportssko-nike-p6000-storrelse-6,https://images1.vinted.net/t/04_01154_DkdpJL31RUBYdTZQnsEWPoQf/f800/cb97c434.webp?s=c997c9e32031bdc5eb2be111c6d73a96dbb78fad
2026-10-01T14:30:57,10203259155,ASICS Gel Cumulus 16 UK 6.5 Dried Leaf Green RRP £145 100% Authentic NYC,Asics,87.28,USD,5,39.5,https://www.vinted.es/items/10203259155-asics-gel-cumulus-16-uk-65-dried-leaf-green-rrp-ps145-100-authentic-nyc,https://images1.vinted.net/t/02_01bd0_h8XruGG2PmomyXFqjDbdtuEv/f800/0ed9f3dd.webp?s=958874cd3a00f1b3e2c47c077ebe3fb75dfff255
2026-10-01T14:30:57,10202422772,Sportssko Nike P6000 storrelse 7,Nike,76.54,USD,77,40,https://www.vinted.es/items/10202422772-sportssko-nike-p6000-storrelse-7,https://images1.vinted.net/t/02_002ba_R6M4mUPiRKmq8pMKCKH5kTSe/f800/ce6f1eae.webp?s=f084c8fd2f99ae117de5e449aebcb75913100213
2026-10-01T14:40:42,10203989147,Adidas spezial brown 4.5,adidas,80.57,USD,4,37.5,https://www.vinted.es/items/10203989147-adidas-spezial-brown-45,https://images1.vinted.net/t/02_00863_fWLtUQGjC8wfSaxKNd8LUoQP/f800/2efc27e5.webp?s=4524afa4af5c98e97e671bb2212e61c46e9d99a2
2026-10-01T14:40:42,10203665051,Adidas spezial Brown Suede Trainers,adidas,80.57,USD,4,38,https://www.vinted.es/items/10203665051-adidas-spezial-brown-suede-trainers,https://images1.vinted.net/t/06_024ef_JMpvJzZS8fGsujz273ZQx9xb/f800/9590f2ae.webp?s=79de0220bc3a021edc0a7235951c185248f5ed4a
2026-10-01T14:40:42,10203104237,Sportssko Nike P6000 storrelse 6,Nike,76.54,USD,10,39,https://www.vinted.es/items/10203104237-sportssko-nike-p6000-storrelse-6,https://images1.vinted.net/t/04_01154_DkdpJL31RUBYdTZQnsEWPoQf/f800/cb97c434.webp?s=c997c9e32031bdc5eb2be111c6d73a96dbb78fad
2026-10-01T14:40:42,10203259155,ASICS Gel Cumulus 16 UK 6.5 Dried Leaf Green RRP £145 100% Authentic NYC,Asics,87.28,USD,6,39.5,https://www.vinted.es/items/10203259155-asics-gel-cumulus-16-uk-65-dried-leaf-green-rrp-ps145-100-authentic-nyc,https://images1.vinted.net/t/02_01bd0_h8XruGG2PmomyXFqjDbdtuEv/f800/0ed9f3dd.webp?s=958874cd3a00f1b3e2c47c077ebe3fb75dfff255
2026-10-01T14:40:42,10202422772,Sportssko Nike P6000 storrelse 7,Nike,76.54,USD,78,40,https://www.vinted.es/items/10202422772-sportssko-nike-p6000-storrelse-7,https://images1.vinted.net/t/02_002ba_R6M4mUPiRKmq8pMKCKH5kTSe/f800/ce6f1eae.webp?s=f084c8fd2f99ae117de5e449aebcb75913100213
2026-10-01T14:50:49,10203989147,Adidas spezial brown 4.5,adidas,80.57,USD,5,37.5,https://www.vinted.es/items/10203989147-adidas-spezial-brown-45,https://images1.vinted.net/t/02_00863_fWLtUQGjC8wfSaxKNd8LUoQP/f800/2efc27e5.webp?s=4524afa4af5c98e97e671bb2212e61c46e9d99a2
2026-10-01T14:50:49,10203665051,Adidas spezial Brown Suede Trainers,adidas,80.57,USD,5,38,https://www.vinted.es/items/10203665051-adidas-spezial-brown-suede-trainers,https://images1.vinted.net/t/06_024ef_JMpvJzZS8fGsujz273ZQx9xb/f800/9590f2ae.webp?s=79de0220bc3a021edc0a7235951c185248f5ed4a
2026-10-01T14:50:49,10203104237,Sportssko Nike P6000 storrelse 6,Nike,76.54,USD,10,39,https://www.vinted.es/items/10203104237-sportssko-nike-p6000-storrelse-6,https://images1.vinted.net/t/04_01154_DkdpJL31RUBYdTZQnsEWPoQf/f800/cb97c434.webp?s=c997c9e32031bdc5eb2be111c6d73a96dbb78fad
2026-10-01T15:01:18,10204899446,adidas spezial brown white shoes uk6,adidas,76.94,USD,7,39,https://www.vinted.es/items/10204899446-adidas-spezial-brown-white-shoes-uk6,https://images1.vinted.net/t/01_01ae0_QUqniPSr5MWR49a1aLoWtren/f800/f1471013.webp?s=e3ffb4ae52b29d3ae9eea9c4613ecb2b42979b2c
2026-10-01T15:01:18,10203989147,Adidas spezial brown 4.5,adidas,80.57,USD,6,37.5,https://www.vinted.es/items/10203989147-adidas-spezial-brown-45,https://images1.vinted.net/t/02_00863_fWLtUQGjC8wfSaxKNd8LUoQP/f800/2efc27e5.webp?s=4524afa4af5c98e97e671bb2212e61c46e9d99a2
2026-10-01T15:01:18,10203665051,Adidas spezial Brown Suede Trainers,adidas,80.57,USD,7,38,https://www.vinted.es/items/10203665051-adidas-spezial-brown-suede-trainers,https://images1.vinted.net/t/06_024ef_JMpvJzZS8fGsujz273ZQx9xb/f800/9590f2ae.webp?s=79de0220bc3a021edc0a7235951c185248f5ed4a
2026-10-01T15:01:18,10203104237,Sportssko Nike P6000 storrelse 6,Nike,76.54,USD,10,39,https://www.vinted.es/items/10203104237-sportssko-nike-p6000-storrelse-6,https://images1.vinted.net/t/04_01154_DkdpJL31RUBYdTZQnsEWPoQf/f800/cb97c434.webp?s=c997c9e32031bdc5eb2be111c6d73a96dbb78fad
2026-10-01T15:10:45,10204899446,adidas spezial brown white shoes uk6,adidas,76.94,USD,10,39,https://www.vinted.es/items/10204899446-adidas-spezial-brown-white-shoes-uk6,https://images1.vinted.net/t/01_01ae0_QUqniPSr5MWR49a1aLoWtren/f800/f1471013.webp?s=e3ffb4ae52b29d3ae9eea9c4613ecb2b42979b2c
2026-10-01T15:10:45,10203989147,Adidas spezial brown 4.5,adidas,80.57,USD,7,37.5,https://www.vinted.es/items/10203989147-adidas-spezial-brown-45,https://images1.vinted.net/t/02_00863_fWLtUQGjC8wfSaxKNd8LUoQP/f800/2efc27e5.webp?s=4524afa4af5c98e97e671bb2212e61c46e9d99a2
2026-10-01T15:10:45,10203104237,Sportssko Nike P6000 storrelse 6,Nike,76.54,USD,11,39,https://www.vinted.es/items/10203104237-sportssko-nike-p6000-storrelse-6,https://images1.vinted.net/t/04_01154_DkdpJL31RUBYdTZQnsEWPoQf/f800/cb97c434.webp?s=c997c9e32031bdc5eb2be111c6d73a96dbb78fad
2026-10-01T15:10:45,10203665051,Adidas spezial Brown Suede Trainers,adidas,80.57,USD,7,38,https://www.vinted.es/items/10203665051-adidas-spezial-brown-suede-trainers,https://images1.vinted.net/t/06_024ef_JMpvJzZS8fGsujz273ZQx9xb/f800/9590f2ae.webp?s=79de0220bc3a021edc0a7235951c185248f5ed4a
2026-10-01T15:20:41,10203989147,Adidas spezial brown 4.5,adidas,80.57,USD,9,37.5,https://www.vinted.es/items/10203989147-adidas-spezial-brown-45,https://images1.vinted.net/t/02_00863_fWLtUQGjC8wfSaxKNd8LUoQP/f800/2efc27e5.webp?s=4524afa4af5c98e97e671bb2212e61c46e9d99a2
2026-10-01T15:20:41,10203665051,Adidas spezial Brown Suede Trainers,adidas,80.57,USD,7,38,https://www.vinted.es/items/10203665051-adidas-spezial-brown-suede-trainers,https://images1.vinted.net/t/06_024ef_JMpvJzZS8fGsujz273ZQx9xb/f800/9590f2ae.webp?s=79de0220bc3a021edc0a7235951c185248f5ed4a
2026-10-01T15:31:13,10203989147,Adidas spezial brown 4.5,adidas,80.57,USD,10,37.5,https://www.vinted.es/items/10203989147-adidas-spezial-brown-45,https://images1.vinted.net/t/02_00863_fWLtUQGjC8wfSaxKNd8LUoQP/f800/2efc27e5.webp?s=4524afa4af5c98e97e671bb2212e61c46e9d99a2
2026-10-01T15:31:13,10203104237,Sportssko Nike P6000 storrelse 6,Nike,76.54,USD,12,39,https://www.vinted.es/items/10203104237-sportssko-nike-p6000-storrelse-6,https://images1.vinted.net/t/04_01154_DkdpJL31RUBYdTZQnsEWPoQf/f800/cb97c434.webp?s=c997c9e32031bdc5eb2be111c6d73a96dbb78fad
2026-10-01T15:40:46,10203989147,Adidas spezial brown 4.5,adidas,80.57,USD,12,37.5,https://www.vinted.es/items/10203989147-adidas-spezial-brown-45,https://images1.vinted.net/t/02_00863_fWLtUQGjC8wfSaxKNd8LUoQP/f800/2efc27e5.webp?s=4524afa4af5c98e97e671bb2212e61c46e9d99a2
2026-10-01T15:40:46,10203104237,Sportssko Nike P6000 storrelse 6,Nike,76.54,USD,13,39,https://www.vinted.es/items/10203104237-sportssko-nike-p6000-storrelse-6,https://images1.vinted.net/t/04_01154_DkdpJL31RUBYdTZQnsEWPoQf/f800/cb97c434.webp?s=c997c9e32031bdc5eb2be111c6d73a96dbb78fad
2026-10-01T15:45:05,10203989147,Adidas spezial brown 4.5,adidas,80.57,USD,12,37.5,https://www.vinted.es/items/10203989147-adidas-spezial-brown-45,https://images1.vinted.net/t/02_00863_fWLtUQGjC8wfSaxKNd8LUoQP/f800/2efc27e5.webp?s=4524afa4af5c98e97e671bb2212e61c46e9d99a2
2026-10-01T15:50:43,10203989147,Adidas spezial brown 4.5,adidas,80.57,USD,12,37.5,https://www.vinted.es/items/10203989147-adidas-spezial-brown-45,https://images1.vinted.net/t/02_00863_fWLtUQGjC8wfSaxKNd8LUoQP/f800/2efc27e5.webp?s=4524afa4af5c98e97e671bb2212e61c46e9d99a2
2026-10-01T16:10:43,10203989147,Adidas spezial brown 4.5,adidas,80.57,USD,13,37.5,https://www.vinted.es/items/10203989147-adidas-spezial-brown-45,https://images1.vinted.net/t/02_00863_fWLtUQGjC8wfSaxKNd8LUoQP/f800/2efc27e5.webp?s=4524afa4af5c98e97e671bb2212e61c46e9d99a2
2026-10-01T17:10:43,10206597581,Brand New New Balance 9060 Brown Mushroom Timberwolf - UK 6,New Balance,181.28,USD,0,39.5,https://www.vinted.es/items/10206597581-brand-new-new-balance-9060-brown-mushroom-timberwolf-uk-6,https://images1.vinted.net/t/06_004d0_LprjTcJFFpvEQCXTgdZM5Bku/f800/c023caa3.webp?s=f8e1d3407c479eb8671eb44865368fd94fa7e6e8
2026-10-01T17:20:44,10206765039,ASICS gel cumulus 16 port royal,Asics,80.57,USD,0,37.5,https://www.vinted.es/items/10206765039-asics-gel-cumulus-16-port-royal,https://images1.vinted.net/t/06_00e87_KWxDPPq3zv5vPLzYXr2rsTZN/f800/0d79b7eb.webp?s=690e52f9e3bca6b37949d078bb89d881847d86c9
2026-10-01T17:20:44,10206645258,Adidas Originals Brown Gazelle Bold Junior Trainers - Size 3,adidas,80.57,USD,0,36,https://www.vinted.es/items/10206645258-adidas-originals-brown-gazelle-bold-junior-trainers-size-3,https://images1.vinted.net/t/02_00bb0_nUvL682KHLFC64y4SM55jkpH/f800/1c553c4f.webp?s=b77c0e3be13d4a257b9b7cfc859502bb51191731
2026-10-01T17:20:44,10206597581,Brand New New Balance 9060 Brown Mushroom Timberwolf - UK 6,New Balance,181.28,USD,2,39.5,https://www.vinted.es/items/10206597581-brand-new-new-balance-9060-brown-mushroom-timberwolf-uk-6,https://images1.vinted.net/t/06_004d0_LprjTcJFFpvEQCXTgdZM5Bku/f800/c023caa3.webp?s=f8e1d3407c479eb8671eb44865368fd94fa7e6e8
2026-10-01T17:30:57,10206765039,ASICS gel cumulus 16 port royal,Asics,80.57,USD,5,37.5,https://www.vinted.es/items/10206765039-asics-gel-cumulus-16-port-royal,https://images1.vinted.net/t/06_00e87_KWxDPPq3zv5vPLzYXr2rsTZN/f800/0d79b7eb.webp?s=690e52f9e3bca6b37949d078bb89d881847d86c9
2026-10-01T17:30:57,10206645258,Adidas Originals Brown Gazelle Bold Junior Trainers - Size 3,adidas,80.57,USD,0,36,https://www.vinted.es/items/10206645258-adidas-originals-brown-gazelle-bold-junior-trainers-size-3,https://images1.vinted.net/t/02_00bb0_nUvL682KHLFC64y4SM55jkpH/f800/1c553c4f.webp?s=b77c0e3be13d4a257b9b7cfc859502bb51191731
2026-10-01T17:30:57,10206597581,Brand New New Balance 9060 Brown Mushroom Timberwolf - UK 6,New Balance,181.28,USD,3,39.5,https://www.vinted.es/items/10206597581-brand-new-new-balance-9060-brown-mushroom-timberwolf-uk-6,https://images1.vinted.net/t/06_004d0_LprjTcJFFpvEQCXTgdZM5Bku/f800/c023caa3.webp?s=f8e1d3407c479eb8671eb44865368fd94fa7e6e8
2026-10-01T17:41:04,10206926051,UGG Lowmel Size UK 7 - Sand,UGG,114.14,USD,9,40,https://www.vinted.es/items/10206926051-ugg-lowmel-size-uk-7-sand,https://images1.vinted.net/t/06_020c4_TBu9hjgPUJpLRbMEMwwM3F11/f800/20a9c260.webp?s=3b4093e41f0b2d0a1e55e6dc6cc847e8349848b0
2026-10-01T17:41:04,10206765039,ASICS gel cumulus 16 port royal,Asics,80.57,USD,14,37.5,https://www.vinted.es/items/10206765039-asics-gel-cumulus-16-port-royal,https://images1.vinted.net/t/06_00e87_KWxDPPq3zv5vPLzYXr2rsTZN/f800/0d79b7eb.webp?s=690e52f9e3bca6b37949d078bb89d881847d86c9
2026-10-01T17:41:04,10206645258,Adidas Originals Brown Gazelle Bold Junior Trainers - Size 3,adidas,80.57,USD,0,36,https://www.vinted.es/items/10206645258-adidas-originals-brown-gazelle-bold-junior-trainers-size-3,https://images1.vinted.net/t/02_00bb0_nUvL682KHLFC64y4SM55jkpH/f800/1c553c4f.webp?s=b77c0e3be13d4a257b9b7cfc859502bb51191731
2026-10-01T17:41:04,10206597581,Brand New New Balance 9060 Brown Mushroom Timberwolf - UK 6,New Balance,181.28,USD,4,39.5,https://www.vinted.es/items/10206597581-brand-new-new-balance-9060-brown-mushroom-timberwolf-uk-6,https://images1.vinted.net/t/06_004d0_LprjTcJFFpvEQCXTgdZM5Bku/f800/c023caa3.webp?s=f8e1d3407c479eb8671eb44865368fd94fa7e6e8
2026-10-01T17:50:45,10206926051,UGG Lowmel Size UK 7 - Sand,UGG,114.14,USD,13,40,https://www.vinted.es/items/10206926051-ugg-lowmel-size-uk-7-sand,https://images1.vinted.net/t/06_020c4_TBu9hjgPUJpLRbMEMwwM3F11/f800/20a9c260.webp?s=3b4093e41f0b2d0a1e55e6dc6cc847e8349848b0
2026-10-01T17:50:45,10206645258,Adidas Originals Brown Gazelle Bold Junior Trainers - Size 3,adidas,80.57,USD,1,36,https://www.vinted.es/items/10206645258-adidas-originals-brown-gazelle-bold-junior-trainers-size-3,https://images1.vinted.net/t/02_00bb0_nUvL682KHLFC64y4SM55jkpH/f800/1c553c4f.webp?s=b77c0e3be13d4a257b9b7cfc859502bb51191731
2026-10-01T17:50:45,10206597581,Brand New New Balance 9060 Brown Mushroom Timberwolf - UK 6,New Balance,181.28,USD,5,39.5,https://www.vinted.es/items/10206597581-brand-new-new-balance-9060-brown-mushroom-timberwolf-uk-6,https://images1.vinted.net/t/06_004d0_LprjTcJFFpvEQCXTgdZM5Bku/f800/c023caa3.webp?s=f8e1d3407c479eb8671eb44865368fd94fa7e6e8
2026-10-01T18:01:40,10206926051,UGG Lowmel Size UK 7 - Sand,UGG,114.14,USD,20,40,https://www.vinted.es/items/10206926051-ugg-lowmel-size-uk-7-sand,https://images1.vinted.net/t/06_020c4_TBu9hjgPUJpLRbMEMwwM3F11/f800/20a9c260.webp?s=3b4093e41f0b2d0a1e55e6dc6cc847e8349848b0
2026-10-01T18:01:40,10206645258,Adidas Originals Brown Gazelle Bold Junior Trainers - Size 3,adidas,80.57,USD,1,36,https://www.vinted.es/items/10206645258-adidas-originals-brown-gazelle-bold-junior-trainers-size-3,https://images1.vinted.net/t/02_00bb0_nUvL682KHLFC64y4SM55jkpH/f800/1c553c4f.webp?s=b77c0e3be13d4a257b9b7cfc859502bb51191731
2026-10-01T18:01:40,10206597581,Brand New New Balance 9060 Brown Mushroom Timberwolf - UK 6,New Balance,181.28,USD,6,39.5,https://www.vinted.es/items/10206597581-brand-new-new-balance-9060-brown-mushroom-timberwolf-uk-6,https://images1.vinted.net/t/06_004d0_LprjTcJFFpvEQCXTgdZM5Bku/f800/c023caa3.webp?s=f8e1d3407c479eb8671eb44865368fd94fa7e6e8
2026-10-01T18:10:45,10206926051,UGG Lowmel Size UK 7 - Sand,UGG,114.14,USD,30,40,https://www.vinted.es/items/10206926051-ugg-lowmel-size-uk-7-sand,https://images1.vinted.net/t/06_020c4_TBu9hjgPUJpLRbMEMwwM3F11/f800/20a9c260.webp?s=3b4093e41f0b2d0a1e55e6dc6cc847e8349848b0
2026-10-01T18:10:45,10206645258,Adidas Originals Brown Gazelle Bold Junior Trainers - Size 3,adidas,80.57,USD,1,36,https://www.vinted.es/items/10206645258-adidas-originals-brown-gazelle-bold-junior-trainers-size-3,https://images1.vinted.net/t/02_00bb0_nUvL682KHLFC64y4SM55jkpH/f800/1c553c4f.webp?s=b77c0e3be13d4a257b9b7cfc859502bb51191731
2026-10-01T18:10:45,10206597581,Brand New New Balance 9060 Brown Mushroom Timberwolf - UK 6,New Balance,181.28,USD,6,39.5,https://www.vinted.es/items/10206597581-brand-new-new-balance-9060-brown-mushroom-timberwolf-uk-6,https://images1.vinted.net/t/06_004d0_LprjTcJFFpvEQCXTgdZM5Bku/f800/c023caa3.webp?s=f8e1d3407c479eb8671eb44865368fd94fa7e6e8
2026-10-01T18:20:43,10206926051,UGG Lowmel Size UK 7 - Sand,UGG,114.14,USD,38,40,https://www.vinted.es/items/10206926051-ugg-lowmel-size-uk-7-sand,https://images1.vinted.net/t/06_020c4_TBu9hjgPUJpLRbMEMwwM3F11/f800/20a9c260.webp?s=3b4093e41f0b2d0a1e55e6dc6cc847e8349848b0
2026-10-01T18:20:43,10206645258,Adidas Originals Brown Gazelle Bold Junior Trainers - Size 3,adidas,80.57,USD,1,36,https://www.vinted.es/items/10206645258-adidas-originals-brown-gazelle-bold-junior-trainers-size-3,https://images1.vinted.net/t/02_00bb0_nUvL682KHLFC64y4SM55jkpH/f800/1c553c4f.webp?s=b77c0e3be13d4a257b9b7cfc859502bb51191731
2026-10-01T18:20:43,10206597581,Brand New New Balance 9060 Brown Mushroom Timberwolf - UK 6,New Balance,181.28,USD,6,39.5,https://www.vinted.es/items/10206597581-brand-new-new-balance-9060-brown-mushroom-timberwolf-uk-6,https://images1.vinted.net/t/06_004d0_LprjTcJFFpvEQCXTgdZM5Bku/f800/c023caa3.webp?s=f8e1d3407c479eb8671eb44865368fd94fa7e6e8
2026-10-01T18:30:57,10206926051,UGG Lowmel Size UK 7 - Sand,UGG,114.14,USD,46,40,https://www.vinted.es/items/10206926051-ugg-lowmel-size-uk-7-sand,https://images1.vinted.net/t/06_020c4_TBu9hjgPUJpLRbMEMwwM3F11/f800/20a9c260.webp?s=3b4093e41f0b2d0a1e55e6dc6cc847e8349848b0
2026-10-01T18:30:57,10206645258,Adidas Originals Brown Gazelle Bold Junior Trainers - Size 3,adidas,80.57,USD,2,36,https://www.vinted.es/items/10206645258-adidas-originals-brown-gazelle-bold-junior-trainers-size-3,https://images1.vinted.net/t/02_00bb0_nUvL682KHLFC64y4SM55jkpH/f800/1c553c4f.webp?s=b77c0e3be13d4a257b9b7cfc859502bb51191731
2026-10-01T18:30:57,10206597581,Brand New New Balance 9060 Brown Mushroom Timberwolf - UK 6,New Balance,181.28,USD,6,39.5,https://www.vinted.es/items/10206597581-brand-new-new-balance-9060-brown-mushroom-timberwolf-uk-6,https://images1.vinted.net/t/06_004d0_LprjTcJFFpvEQCXTgdZM5Bku/f800/c023caa3.webp?s=f8e1d3407c479eb8671eb44865368fd94fa7e6e8
2026-10-01T18:40:45,10206926051,UGG Lowmel Size UK 7 - Sand,UGG,114.14,USD,56,40,https://www.vinted.es/items/10206926051-ugg-lowmel-size-uk-7-sand,https://images1.vinted.net/t/06_020c4_TBu9hjgPUJpLRbMEMwwM3F11/f800/20a9c260.webp?s=3b4093e41f0b2d0a1e55e6dc6cc847e8349848b0
2026-10-01T18:40:45,10206645258,Adidas Originals Brown Gazelle Bold Junior Trainers - Size 3,adidas,80.57,USD,3,36,https://www.vinted.es/items/10206645258-adidas-originals-brown-gazelle-bold-junior-trainers-size-3,https://images1.vinted.net/t/02_00bb0_nUvL682KHLFC64y4SM55jkpH/f800/1c553c4f.webp?s=b77c0e3be13d4a257b9b7cfc859502bb51191731
2026-10-01T18:40:45,10206597581,Brand New New Balance 9060 Brown Mushroom Timberwolf - UK 6,New Balance,181.28,USD,8,39.5,https://www.vinted.es/items/10206597581-brand-new-new-balance-9060-brown-mushroom-timberwolf-uk-6,https://images1.vinted.net/t/06_004d0_LprjTcJFFpvEQCXTgdZM5Bku/f800/c023caa3.webp?s=f8e1d3407c479eb8671eb44865368fd94fa7e6e8
2026-10-01T18:50:45,10206926051,UGG Lowmel Size UK 7 - Sand,UGG,114.14,USD,58,40,https://www.vinted.es/items/10206926051-ugg-lowmel-size-uk-7-sand,https://images1.vinted.net/t/06_020c4_TBu9hjgPUJpLRbMEMwwM3F11/f800/20a9c260.webp?s=3b4093e41f0b2d0a1e55e6dc6cc847e8349848b0
2026-10-01T18:50:45,10206597581,Brand New New Balance 9060 Brown Mushroom Timberwolf - UK 6,New Balance,181.28,USD,8,39.5,https://www.vinted.es/items/10206597581-brand-new-new-balance-9060-brown-mushroom-timberwolf-uk-6,https://images1.vinted.net/t/06_004d0_LprjTcJFFpvEQCXTgdZM5Bku/f800/c023caa3.webp?s=f8e1d3407c479eb8671eb44865368fd94fa7e6e8
2026-10-01T18:50:45,10206645258,Adidas Originals Brown Gazelle Bold Junior Trainers - Size 3,adidas,80.57,USD,3,36,https://www.vinted.es/items/10206645258-adidas-originals-brown-gazelle-bold-junior-trainers-size-3,https://images1.vinted.net/t/02_00bb0_nUvL682KHLFC64y4SM55jkpH/f800/1c553c4f.webp?s=b77c0e3be13d4a257b9b7cfc859502bb51191731
2026-10-01T19:01:08,10206926051,UGG Lowmel Size UK 7 - Sand,UGG,114.14,USD,58,40,https://www.vinted.es/items/10206926051-ugg-lowmel-size-uk-7-sand,https://images1.vinted.net/t/06_020c4_TBu9hjgPUJpLRbMEMwwM3F11/f800/20a9c260.webp?s=3b4093e41f0b2d0a1e55e6dc6cc847e8349848b0
2026-10-01T19:01:08,10206597581,Brand New New Balance 9060 Brown Mushroom Timberwolf - UK 6,New Balance,181.28,USD,8,39.5,https://www.vinted.es/items/10206597581-brand-new-new-balance-9060-brown-mushroom-timberwolf-uk-6,https://images1.vinted.net/t/06_004d0_LprjTcJFFpvEQCXTgdZM5Bku/f800/c023caa3.webp?s=f8e1d3407c479eb8671eb44865368fd94fa7e6e8
2026-10-01T19:10:41,10208054046,Onitsuka Tiger Mexico 66 Cream Black Gold – UK 6.5,Onitsuka Tiger,94.00,USD,1,39.5,https://www.vinted.es/items/10208054046-onitsuka-tiger-mexico-66-cream-black-gold-uk-65,https://images1.vinted.net/t/06_006b7_gRQbcLh2xXqefTqvJh8j12KD/f800/1c21f33f.webp?s=1453f447ea03f8a76810cdcab375bbd4a5ae76b8
2026-10-01T19:10:41,10206926051,UGG Lowmel Size UK 7 - Sand,UGG,114.14,USD,63,40,https://www.vinted.es/items/10206926051-ugg-lowmel-size-uk-7-sand,https://images1.vinted.net/t/06_020c4_TBu9hjgPUJpLRbMEMwwM3F11/f800/20a9c260.webp?s=3b4093e41f0b2d0a1e55e6dc6cc847e8349848b0
2026-10-01T19:10:41,10206597581,Brand New New Balance 9060 Brown Mushroom Timberwolf - UK 6,New Balance,181.28,USD,8,39.5,https://www.vinted.es/items/10206597581-brand-new-new-balance-9060-brown-mushroom-timberwolf-uk-6,https://images1.vinted.net/t/06_004d0_LprjTcJFFpvEQCXTgdZM5Bku/f800/c023caa3.webp?s=f8e1d3407c479eb8671eb44865368fd94fa7e6e8
2026-10-01T19:20:44,10208054046,Onitsuka Tiger Mexico 66 Cream Black Gold – UK 6.5,Onitsuka Tiger,94.00,USD,4,39.5,https://www.vinted.es/items/10208054046-onitsuka-tiger-mexico-66-cream-black-gold-uk-65,https://images1.vinted.net/t/06_006b7_gRQbcLh2xXqefTqvJh8j12KD/f800/1c21f33f.webp?s=1453f447ea03f8a76810cdcab375bbd4a5ae76b8
2026-10-01T19:20:44,10206926051,UGG Lowmel Size UK 7 - Sand,UGG,114.14,USD,66,40,https://www.vinted.es/items/10206926051-ugg-lowmel-size-uk-7-sand,https://images1.vinted.net/t/06_020c4_TBu9hjgPUJpLRbMEMwwM3F11/f800/20a9c260.webp?s=3b4093e41f0b2d0a1e55e6dc6cc847e8349848b0
2026-10-01T19:20:44,10206597581,Brand New New Balance 9060 Brown Mushroom Timberwolf - UK 6,New Balance,181.28,USD,10,39.5,https://www.vinted.es/items/10206597581-brand-new-new-balance-9060-brown-mushroom-timberwolf-uk-6,https://images1.vinted.net/t/06_004d0_LprjTcJFFpvEQCXTgdZM5Bku/f800/c023caa3.webp?s=f8e1d3407c479eb8671eb44865368fd94fa7e6e8
2026-10-01T19:30:56,10208054046,Onitsuka Tiger Mexico 66 Cream Black Gold – UK 6.5,Onitsuka Tiger,94.00,USD,4,39.5,https://www.vinted.es/items/10208054046-onitsuka-tiger-mexico-66-cream-black-gold-uk-65,https://images1.vinted.net/t/06_006b7_gRQbcLh2xXqefTqvJh8j12KD/f800/1c21f33f.webp?s=1453f447ea03f8a76810cdcab375bbd4a5ae76b8
2026-10-01T19:30:56,10206926051,UGG Lowmel Size UK 7 - Sand,UGG,114.14,USD,68,40,https://www.vinted.es/items/10206926051-ugg-lowmel-size-uk-7-sand,https://images1.vinted.net/t/06_020c4_TBu9hjgPUJpLRbMEMwwM3F11/f800/20a9c260.webp?s=3b4093e41f0b2d0a1e55e6dc6cc847e8349848b0
2026-10-01T19:40:43,10208054046,Onitsuka Tiger Mexico 66 Cream Black Gold – UK 6.5,Onitsuka Tiger,94.00,USD,6,39.5,https://www.vinted.es/items/10208054046-onitsuka-tiger-mexico-66-cream-black-gold-uk-65,https://images1.vinted.net/t/06_006b7_gRQbcLh2xXqefTqvJh8j12KD/f800/1c21f33f.webp?s=1453f447ea03f8a76810cdcab375bbd4a5ae76b8
2026-10-01T19:50:42,10208054046,Onitsuka Tiger Mexico 66 Cream Black Gold – UK 6.5,Onitsuka Tiger,94.00,USD,9,39.5,https://www.vinted.es/items/10208054046-onitsuka-tiger-mexico-66-cream-black-gold-uk-65,https://images1.vinted.net/t/06_006b7_gRQbcLh2xXqefTqvJh8j12KD/f800/1c21f33f.webp?s=1453f447ea03f8a76810cdcab375bbd4a5ae76b8
2026-10-01T20:01:04,10208054046,Onitsuka Tiger Mexico 66 Cream Black Gold – UK 6.5,Onitsuka Tiger,94.00,USD,11,39.5,https://www.vinted.es/items/10208054046-onitsuka-tiger-mexico-66-cream-black-gold-uk-65,https://images1.vinted.net/t/06_006b7_gRQbcLh2xXqefTqvJh8j12KD/f800/1c21f33f.webp?s=1453f447ea03f8a76810cdcab375bbd4a5ae76b8
2026-10-01T20:10:44,10208054046,Onitsuka Tiger Mexico 66 Cream Black Gold – UK 6.5,Onitsuka Tiger,94.00,USD,11,39.5,https://www.vinted.es/items/10208054046-onitsuka-tiger-mexico-66-cream-black-gold-uk-65,https://images1.vinted.net/t/06_006b7_gRQbcLh2xXqefTqvJh8j12KD/f800/1c21f33f.webp?s=1453f447ea03f8a76810cdcab375bbd4a5ae76b8
2026-10-01T20:20:43,10208054046,Onitsuka Tiger Mexico 66 Cream Black Gold – UK 6.5,Onitsuka Tiger,94.00,USD,15,39.5,https://www.vinted.es/items/10208054046-onitsuka-tiger-mexico-66-cream-black-gold-uk-65,https://images1.vinted.net/t/06_006b7_gRQbcLh2xXqefTqvJh8j12KD/f800/1c21f33f.webp?s=1453f447ea03f8a76810cdcab375bbd4a5ae76b8
2026-10-01T20:30:55,10208054046,Onitsuka Tiger Mexico 66 Cream Black Gold – UK 6.5,Onitsuka Tiger,94.00,USD,18,39.5,https://www.vinted.es/items/10208054046-onitsuka-tiger-mexico-66-cream-black-gold-uk-65,https://images1.vinted.net/t/06_006b7_gRQbcLh2xXqefTqvJh8j12KD/f800/1c21f33f.webp?s=1453f447ea03f8a76810cdcab375bbd4a5ae76b8
2026-10-01T20:35:03,10208054046,Onitsuka Tiger Mexico 66 Cream Black Gold – UK 6.5,Onitsuka Tiger,94.00,USD,18,39.5,https://www.vinted.es/items/10208054046-onitsuka-tiger-mexico-66-cream-black-gold-uk-65,https://images1.vinted.net/t/06_006b7_gRQbcLh2xXqefTqvJh8j12KD/f800/1c21f33f.webp?s=1453f447ea03f8a76810cdcab375bbd4a5ae76b8
2026-10-01T20:40:42,10208054046,Onitsuka Tiger Mexico 66 Cream Black Gold – UK 6.5,Onitsuka Tiger,94.00,USD,20,39.5,https://www.vinted.es/items/10208054046-onitsuka-tiger-mexico-66-cream-black-gold-uk-65,https://images1.vinted.net/t/06_006b7_gRQbcLh2xXqefTqvJh8j12KD/f800/1c21f33f.webp?s=1453f447ea03f8a76810cdcab375bbd4a5ae76b8
2026-10-01T22:10:39,10209511172,Adidas spezial brown 6,adidas,80.57,USD,0,39,https://www.vinted.es/items/10209511172-adidas-spezial-brown-6,https://images1.vinted.net/t/02_00b25_an4cSLcePenYTDvZt6MhXoaC/f800/aef57060.webp?s=68d7c2772b79a9b4cd08f62ad7bd59b961dc7fd0
2026-10-01T22:20:48,10209511172,Adidas spezial brown 6,adidas,80.57,USD,2,39,https://www.vinted.es/items/10209511172-adidas-spezial-brown-6,https://images1.vinted.net/t/02_00b25_an4cSLcePenYTDvZt6MhXoaC/f800/aef57060.webp?s=68d7c2772b79a9b4cd08f62ad7bd59b961dc7fd0
2026-10-01T22:30:55,10209511172,Adidas spezial brown 6,adidas,80.57,USD,2,39,https://www.vinted.es/items/10209511172-adidas-spezial-brown-6,https://images1.vinted.net/t/02_00b25_an4cSLcePenYTDvZt6MhXoaC/f800/aef57060.webp?s=68d7c2772b79a9b4cd08f62ad7bd59b961dc7fd0
2026-10-01T22:40:50,10209511172,Adidas spezial brown 6,adidas,80.57,USD,2,39,https://www.vinted.es/items/10209511172-adidas-spezial-brown-6,https://images1.vinted.net/t/02_00b25_an4cSLcePenYTDvZt6MhXoaC/f800/aef57060.webp?s=68d7c2772b79a9b4cd08f62ad7bd59b961dc7fd0
2026-10-01T22:50:39,10209511172,Adidas spezial brown 6,adidas,80.57,USD,2,39,https://www.vinted.es/items/10209511172-adidas-spezial-brown-6,https://images1.vinted.net/t/02_00b25_an4cSLcePenYTDvZt6MhXoaC/f800/aef57060.webp?s=68d7c2772b79a9b4cd08f62ad7bd59b961dc7fd0
2026-10-01T23:01:07,10209511172,Adidas spezial brown 6,adidas,80.57,USD,2,39,https://www.vinted.es/items/10209511172-adidas-spezial-brown-6,https://images1.vinted.net/t/02_00b25_an4cSLcePenYTDvZt6MhXoaC/f800/aef57060.webp?s=68d7c2772b79a9b4cd08f62ad7bd59b961dc7fd0
2026-10-01T23:10:38,10209511172,Adidas spezial brown 6,adidas,80.57,USD,2,39,https://www.vinted.es/items/10209511172-adidas-spezial-brown-6,https://images1.vinted.net/t/02_00b25_an4cSLcePenYTDvZt6MhXoaC/f800/aef57060.webp?s=68d7c2772b79a9b4cd08f62ad7bd59b961dc7fd0
2026-10-01T23:20:41,10209511172,Adidas spezial brown 6,adidas,80.57,USD,2,39,https://www.vinted.es/items/10209511172-adidas-spezial-brown-6,https://images1.vinted.net/t/02_00b25_an4cSLcePenYTDvZt6MhXoaC/f800/aef57060.webp?s=68d7c2772b79a9b4cd08f62ad7bd59b961dc7fd0
2026-10-01T23:30:55,10209511172,Adidas spezial brown 6,adidas,80.57,USD,2,39,https://www.vinted.es/items/10209511172-adidas-spezial-brown-6,https://images1.vinted.net/t/02_00b25_an4cSLcePenYTDvZt6MhXoaC/f800/aef57060.webp?s=68d7c2772b79a9b4cd08f62ad7bd59b961dc7fd0
2026-10-01T23:40:40,10209511172,Adidas spezial brown 6,adidas,80.57,USD,2,39,https://www.vinted.es/items/10209511172-adidas-spezial-brown-6,https://images1.vinted.net/t/02_00b25_an4cSLcePenYTDvZt6MhXoaC/f800/aef57060.webp?s=68d7c2772b79a9b4cd08f62ad7bd59b961dc7fd0
2026-10-01T23:50:42,10209511172,Adidas spezial brown 6,adidas,80.57,USD,2,39,https://www.vinted.es/items/10209511172-adidas-spezial-brown-6,https://images1.vinted.net/t/02_00b25_an4cSLcePenYTDvZt6MhXoaC/f800/aef57060.webp?s=68d7c2772b79a9b4cd08f62ad7bd59b961dc7fd0
2026-10-02T00:01:08,10209511172,Adidas spezial brown 6,adidas,80.57,USD,2,39,https://www.vinted.es/items/10209511172-adidas-spezial-brown-6,https://images1.vinted.net/t/02_00b25_an4cSLcePenYTDvZt6MhXoaC/f800/aef57060.webp?s=68d7c2772b79a9b4cd08f62ad7bd59b961dc7fd0
2026-10-02T00:10:41,10209511172,Adidas spezial brown 6,adidas,80.57,USD,2,39,https://www.vinted.es/items/10209511172-adidas-spezial-brown-6,https://images1.vinted.net/t/02_00b25_an4cSLcePenYTDvZt6MhXoaC/f800/aef57060.webp?s=68d7c2772b79a9b4cd08f62ad7bd59b961dc7fd0
2026-10-02T00:11:33,10209511172,Adidas spezial brown 6,adidas,80.57,USD,2,39,https://www.vinted.es/items/10209511172-adidas-spezial-brown-6,https://images1.vinted.net/t/02_00b25_an4cSLcePenYTDvZt6MhXoaC/f800/aef57060.webp?s=68d7c2772b79a9b4cd08f62ad7bd59b961dc7fd0
2026-10-02T00:20:44,10209511172,Adidas spezial brown 6,adidas,80.57,USD,2,39,https://www.vinted.es/items/10209511172-adidas-spezial-brown-6,https://images1.vinted.net/t/02_00b25_an4cSLcePenYTDvZt6MhXoaC/f800/aef57060.webp?s=68d7c2772b79a9b4cd08f62ad7bd59b961dc7fd0
2026-10-02T00:30:52,10209511172,Adidas spezial brown 6,adidas,80.57,USD,2,39,https://www.vinted.es/items/10209511172-adidas-spezial-brown-6,https://images1.vinted.net/t/02_00b25_an4cSLcePenYTDvZt6MhXoaC/f800/aef57060.webp?s=68d7c2772b79a9b4cd08f62ad7bd59b961dc7fd0
2026-10-02T00:40:43,10209511172,Adidas spezial brown 6,adidas,80.57,USD,2,39,https://www.vinted.es/items/10209511172-adidas-spezial-brown-6,https://images1.vinted.net/t/02_00b25_an4cSLcePenYTDvZt6MhXoaC/f800/aef57060.webp?s=68d7c2772b79a9b4cd08f62ad7bd59b961dc7fd0
2026-10-02T00:50:43,10209511172,Adidas spezial brown 6,adidas,80.57,USD,2,39,https://www.vinted.es/items/10209511172-adidas-spezial-brown-6,https://images1.vinted.net/t/02_00b25_an4cSLcePenYTDvZt6MhXoaC/f800/aef57060.webp?s=68d7c2772b79a9b4cd08f62ad7bd59b961dc7fd0
2026-10-02T01:01:07,10209511172,Adidas spezial brown 6,adidas,80.57,USD,2,39,https://www.vinted.es/items/10209511172-adidas-spezial-brown-6,https://images1.vinted.net/t/02_00b25_an4cSLcePenYTDvZt6MhXoaC/f800/aef57060.webp?s=68d7c2772b79a9b4cd08f62ad7bd59b961dc7fd0
2026-10-02T01:10:40,10209511172,Adidas spezial brown 6,adidas,80.57,USD,2,39,https://www.vinted.es/items/10209511172-adidas-spezial-brown-6,https://images1.vinted.net/t/02_00b25_an4cSLcePenYTDvZt6MhXoaC/f800/aef57060.webp?s=68d7c2772b79a9b4cd08f62ad7bd59b961dc7fd0
2026-10-02T01:20:39,10209511172,Adidas spezial brown 6,adidas,80.57,USD,2,39,https://www.vinted.es/items/10209511172-adidas-spezial-brown-6,https://images1.vinted.net/t/02_00b25_an4cSLcePenYTDvZt6MhXoaC/f800/aef57060.webp?s=68d7c2772b79a9b4cd08f62ad7bd59b961dc7fd0
2026-10-02T01:30:54,10209511172,Adidas spezial brown 6,adidas,80.57,USD,2,39,https://www.vinted.es/items/10209511172-adidas-spezial-brown-6,https://images1.vinted.net/t/02_00b25_an4cSLcePenYTDvZt6MhXoaC/f800/aef57060.webp?s=68d7c2772b79a9b4cd08f62ad7bd59b961dc7fd0
2026-10-02T01:40:38,10209511172,Adidas spezial brown 6,adidas,80.57,USD,2,39,https://www.vinted.es/items/10209511172-adidas-spezial-brown-6,https://images1.vinted.net/t/02_00b25_an4cSLcePenYTDvZt6MhXoaC/f800/aef57060.webp?s=68d7c2772b79a9b4cd08f62ad7bd59b961dc7fd0
2026-10-02T01:50:38,10209511172,Adidas spezial brown 6,adidas,80.57,USD,2,39,https://www.vinted.es/items/10209511172-adidas-spezial-brown-6,https://images1.vinted.net/t/02_00b25_an4cSLcePenYTDvZt6MhXoaC/f800/aef57060.webp?s=68d7c2772b79a9b4cd08f62ad7bd59b961dc7fd0
2026-10-02T05:01:04,10210798280,Onitsuka Tiger Mexico 66 Vintage Cream & Brown Sneakers,Onitsuka Tiger,119.99,USD,0,41,https://www.vinted.es/items/10210798280-onitsuka-tiger-mexico-66-vintage-cream-brown-sneakers,https://images1.vinted.net/t/02_01304_WLjtfPSBDnPj681BF624WHwQ/f800/1a813e66.webp?s=a37ee3c6f10f4dfad2a4ec2b41d3ddd3fb47041c
2026-10-02T05:10:42,10210798280,Onitsuka Tiger Mexico 66 Vintage Cream & Brown Sneakers,Onitsuka Tiger,119.99,USD,0,41,https://www.vinted.es/items/10210798280-onitsuka-tiger-mexico-66-vintage-cream-brown-sneakers,https://images1.vinted.net/t/02_01304_WLjtfPSBDnPj681BF624WHwQ/f800/1a813e66.webp?s=a37ee3c6f10f4dfad2a4ec2b41d3ddd3fb47041c
2026-10-02T05:20:41,10210798280,Onitsuka Tiger Mexico 66 Vintage Cream & Brown Sneakers,Onitsuka Tiger,119.99,USD,0,41,https://www.vinted.es/items/10210798280-onitsuka-tiger-mexico-66-vintage-cream-brown-sneakers,https://images1.vinted.net/t/02_01304_WLjtfPSBDnPj681BF624WHwQ/f800/1a813e66.webp?s=a37ee3c6f10f4dfad2a4ec2b41d3ddd3fb47041c
2026-10-02T05:40:39,10210798280,Onitsuka Tiger Mexico 66 Vintage Cream & Brown Sneakers,Onitsuka Tiger,119.99,USD,1,41,https://www.vinted.es/items/10210798280-onitsuka-tiger-mexico-66-vintage-cream-brown-sneakers,https://images1.vinted.net/t/02_00def_GeKp25NJhRdyu7LDxw1eTnzp/f800/1c9da111.webp?s=9b84ebc72c8a53293bdcef3ffe610c32ef39bce7
2026-10-02T05:50:38,10210798280,Onitsuka Tiger Mexico 66 Vintage Cream & Brown Sneakers,Onitsuka Tiger,119.99,USD,1,41,https://www.vinted.es/items/10210798280-onitsuka-tiger-mexico-66-vintage-cream-brown-sneakers,https://images1.vinted.net/t/02_00def_GeKp25NJhRdyu7LDxw1eTnzp/f800/1c9da111.webp?s=9b84ebc72c8a53293bdcef3ffe610c32ef39bce7
2026-10-02T06:01:10,10210798280,Onitsuka Tiger Mexico 66 Vintage Cream & Brown Sneakers,Onitsuka Tiger,119.99,USD,1,41,https://www.vinted.es/items/10210798280-onitsuka-tiger-mexico-66-vintage-cream-brown-sneakers,https://images1.vinted.net/t/02_00def_GeKp25NJhRdyu7LDxw1eTnzp/f800/1c9da111.webp?s=9b84ebc72c8a53293bdcef3ffe610c32ef39bce7
2026-10-02T06:10:41,10210798280,Onitsuka Tiger Mexico 66 Vintage Cream & Brown Sneakers,Onitsuka Tiger,119.99,USD,1,41,https://www.vinted.es/items/10210798280-onitsuka-tiger-mexico-66-vintage-cream-brown-sneakers,https://images1.vinted.net/t/02_00def_GeKp25NJhRdyu7LDxw1eTnzp/f800/1c9da111.webp?s=9b84ebc72c8a53293bdcef3ffe610c32ef39bce7
2026-10-02T06:20:38,10210798280,Onitsuka Tiger Mexico 66 Vintage Cream & Brown Sneakers,Onitsuka Tiger,119.99,USD,1,41,https://www.vinted.es/items/10210798280-onitsuka-tiger-mexico-66-vintage-cream-brown-sneakers,https://images1.vinted.net/t/02_00def_GeKp25NJhRdyu7LDxw1eTnzp/f800/1c9da111.webp?s=9b84ebc72c8a53293bdcef3ffe610c32ef39bce7
2026-10-02T06:30:56,10210798280,Onitsuka Tiger Mexico 66 Vintage Cream & Brown Sneakers,Onitsuka Tiger,119.99,USD,1,41,https://www.vinted.es/items/10210798280-onitsuka-tiger-mexico-66-vintage-cream-brown-sneakers,https://images1.vinted.net/t/02_00def_GeKp25NJhRdyu7LDxw1eTnzp/f800/1c9da111.webp?s=9b84ebc72c8a53293bdcef3ffe610c32ef39bce7
2026-10-02T06:40:43,10210798280,Onitsuka Tiger Mexico 66 Vintage Cream & Brown Sneakers,Onitsuka Tiger,119.99,USD,1,41,https://www.vinted.es/items/10210798280-onitsuka-tiger-mexico-66-vintage-cream-brown-sneakers,https://images1.vinted.net/t/02_00def_GeKp25NJhRdyu7LDxw1eTnzp/f800/1c9da111.webp?s=9b84ebc72c8a53293bdcef3ffe610c32ef39bce7
2026-10-02T06:50:43,10210798280,Onitsuka Tiger Mexico 66 Vintage Cream & Brown Sneakers,Onitsuka Tiger,119.99,USD,1,41,https://www.vinted.es/items/10210798280-onitsuka-tiger-mexico-66-vintage-cream-brown-sneakers,https://images1.vinted.net/t/02_00def_GeKp25NJhRdyu7LDxw1eTnzp/f800/1c9da111.webp?s=9b84ebc72c8a53293bdcef3ffe610c32ef39bce7
2026-10-02T07:01:11,10210798280,Onitsuka Tiger Mexico 66 Vintage Cream & Brown Sneakers,Onitsuka Tiger,119.99,USD,1,41,https://www.vinted.es/items/10210798280-onitsuka-tiger-mexico-66-vintage-cream-brown-sneakers,https://images1.vinted.net/t/02_00def_GeKp25NJhRdyu7LDxw1eTnzp/f800/1c9da111.webp?s=9b84ebc72c8a53293bdcef3ffe610c32ef39bce7
2026-10-02T07:10:41,10210798280,Onitsuka Tiger Mexico 66 Vintage Cream & Brown Sneakers,Onitsuka Tiger,119.99,USD,2,41,https://www.vinted.es/items/10210798280-onitsuka-tiger-mexico-66-vintage-cream-brown-sneakers,https://images1.vinted.net/t/02_00def_GeKp25NJhRdyu7LDxw1eTnzp/f800/1c9da111.webp?s=9b84ebc72c8a53293bdcef3ffe610c32ef39bce7
2026-10-02T07:20:41,10210798280,Onitsuka Tiger Mexico 66 Vintage Cream & Brown Sneakers,Onitsuka Tiger,119.99,USD,2,41,https://www.vinted.es/items/10210798280-onitsuka-tiger-mexico-66-vintage-cream-brown-sneakers,https://images1.vinted.net/t/02_00def_GeKp25NJhRdyu7LDxw1eTnzp/f800/1c9da111.webp?s=9b84ebc72c8a53293bdcef3ffe610c32ef39bce7
2026-10-02T07:40:39,10210798280,Onitsuka Tiger Mexico 66 Vintage Cream & Brown Sneakers,Onitsuka Tiger,119.99,USD,2,41,https://www.vinted.es/items/10210798280-onitsuka-tiger-mexico-66-vintage-cream-brown-sneakers,https://images1.vinted.net/t/02_00def_GeKp25NJhRdyu7LDxw1eTnzp/f800/1c9da111.webp?s=9b84ebc72c8a53293bdcef3ffe610c32ef39bce7
2026-10-02T07:50:38,10210798280,Onitsuka Tiger Mexico 66 Vintage Cream & Brown Sneakers,Onitsuka Tiger,119.99,USD,2,41,https://www.vinted.es/items/10210798280-onitsuka-tiger-mexico-66-vintage-cream-brown-sneakers,https://images1.vinted.net/t/02_00def_GeKp25NJhRdyu7LDxw1eTnzp/f800/1c9da111.webp?s=9b84ebc72c8a53293bdcef3ffe610c32ef39bce7
2026-10-02T08:01:07,10210798280,Onitsuka Tiger Mexico 66 Vintage Cream & Brown Sneakers,Onitsuka Tiger,119.99,USD,2,41,https://www.vinted.es/items/10210798280-onitsuka-tiger-mexico-66-vintage-cream-brown-sneakers,https://images1.vinted.net/t/02_00def_GeKp25NJhRdyu7LDxw1eTnzp/f800/1c9da111.webp?s=9b84ebc72c8a53293bdcef3ffe610c32ef39bce7
2026-10-02T08:10:47,10210798280,Onitsuka Tiger Mexico 66 Vintage Cream & Brown Sneakers,Onitsuka Tiger,119.99,USD,4,41,https://www.vinted.es/items/10210798280-onitsuka-tiger-mexico-66-vintage-cream-brown-sneakers,https://images1.vinted.net/t/02_00def_GeKp25NJhRdyu7LDxw1eTnzp/f800/1c9da111.webp?s=9b84ebc72c8a53293bdcef3ffe610c32ef39bce7
2026-10-02T08:20:49,10210798280,Onitsuka Tiger Mexico 66 Vintage Cream & Brown Sneakers,Onitsuka Tiger,119.99,USD,4,41,https://www.vinted.es/items/10210798280-onitsuka-tiger-mexico-66-vintage-cream-brown-sneakers,https://images1.vinted.net/t/02_00def_GeKp25NJhRdyu7LDxw1eTnzp/f800/1c9da111.webp?s=9b84ebc72c8a53293bdcef3ffe610c32ef39bce7
2026-10-02T08:30:55,10210798280,Onitsuka Tiger Mexico 66 Vintage Cream & Brown Sneakers,Onitsuka Tiger,119.99,USD,4,41,https://www.vinted.es/items/10210798280-onitsuka-tiger-mexico-66-vintage-cream-brown-sneakers,https://images1.vinted.net/t/02_00def_GeKp25NJhRdyu7LDxw1eTnzp/f800/1c9da111.webp?s=9b84ebc72c8a53293bdcef3ffe610c32ef39bce7
2026-10-02T08:40:39,10210798280,Onitsuka Tiger Mexico 66 Vintage Cream & Brown Sneakers,Onitsuka Tiger,119.99,USD,4,41,https://www.vinted.es/items/10210798280-onitsuka-tiger-mexico-66-vintage-cream-brown-sneakers,https://images1.vinted.net/t/02_00def_GeKp25NJhRdyu7LDxw1eTnzp/f800/1c9da111.webp?s=9b84ebc72c8a53293bdcef3ffe610c32ef39bce7
2026-10-02T08:50:41,10210798280,Onitsuka Tiger Mexico 66 Vintage Cream & Brown Sneakers,Onitsuka Tiger,119.99,USD,4,41,https://www.vinted.es/items/10210798280-onitsuka-tiger-mexico-66-vintage-cream-brown-sneakers,https://images1.vinted.net/t/02_00def_GeKp25NJhRdyu7LDxw1eTnzp/f800/1c9da111.webp?s=9b84ebc72c8a53293bdcef3ffe610c32ef39bce7
2026-10-02T09:01:10,10210798280,Onitsuka Tiger Mexico 66 Vintage Cream & Brown Sneakers,Onitsuka Tiger,119.99,USD,5,41,https://www.vinted.es/items/10210798280-onitsuka-tiger-mexico-66-vintage-cream-brown-sneakers,https://images1.vinted.net/t/02_00def_GeKp25NJhRdyu7LDxw1eTnzp/f800/1c9da111.webp?s=9b84ebc72c8a53293bdcef3ffe610c32ef39bce7
2026-10-02T09:10:39,10210798280,Onitsuka Tiger Mexico 66 Vintage Cream & Brown Sneakers,Onitsuka Tiger,119.99,USD,6,41,https://www.vinted.es/items/10210798280-onitsuka-tiger-mexico-66-vintage-cream-brown-sneakers,https://images1.vinted.net/t/02_00def_GeKp25NJhRdyu7LDxw1eTnzp/f800/1c9da111.webp?s=9b84ebc72c8a53293bdcef3ffe610c32ef39bce7
2026-10-02T09:20:39,10210798280,Onitsuka Tiger Mexico 66 Vintage Cream & Brown Sneakers,Onitsuka Tiger,119.99,USD,7,41,https://www.vinted.es/items/10210798280-onitsuka-tiger-mexico-66-vintage-cream-brown-sneakers,https://images1.vinted.net/t/02_00def_GeKp25NJhRdyu7LDxw1eTnzp/f800/1c9da111.webp?s=9b84ebc72c8a53293bdcef3ffe610c32ef39bce7
2026-10-02T09:30:58,10210798280,Onitsuka Tiger Mexico 66 Vintage Cream & Brown Sneakers,Onitsuka Tiger,119.99,USD,9,41,https://www.vinted.es/items/10210798280-onitsuka-tiger-mexico-66-vintage-cream-brown-sneakers,https://images1.vinted.net/t/02_00def_GeKp25NJhRdyu7LDxw1eTnzp/f800/1c9da111.webp?s=9b84ebc72c8a53293bdcef3ffe610c32ef39bce7
2026-10-02T09:50:44,10210798280,Onitsuka Tiger Mexico 66 Vintage Cream & Brown Sneakers,Onitsuka Tiger,119.99,USD,11,41,https://www.vinted.es/items/10210798280-onitsuka-tiger-mexico-66-vintage-cream-brown-sneakers,https://images1.vinted.net/t/02_00def_GeKp25NJhRdyu7LDxw1eTnzp/f800/1c9da111.webp?s=9b84ebc72c8a53293bdcef3ffe610c32ef39bce7
2026-10-02T10:01:08,10210798280,Onitsuka Tiger Mexico 66 Vintage Cream & Brown Sneakers,Onitsuka Tiger,119.99,USD,11,41,https://www.vinted.es/items/10210798280-onitsuka-tiger-mexico-66-vintage-cream-brown-sneakers,https://images1.vinted.net/t/02_00def_GeKp25NJhRdyu7LDxw1eTnzp/f800/1c9da111.webp?s=9b84ebc72c8a53293bdcef3ffe610c32ef39bce7
2026-10-02T10:10:43,10210798280,Onitsuka Tiger Mexico 66 Vintage Cream & Brown Sneakers,Onitsuka Tiger,119.99,USD,11,41,https://www.vinted.es/items/10210798280-onitsuka-tiger-mexico-66-vintage-cream-brown-sneakers,https://images1.vinted.net/t/02_00def_GeKp25NJhRdyu7LDxw1eTnzp/f800/1c9da111.webp?s=9b84ebc72c8a53293bdcef3ffe610c32ef39bce7
2026-10-02T10:20:44,10210798280,Onitsuka Tiger Mexico 66 Vintage Cream & Brown Sneakers,Onitsuka Tiger,119.99,USD,11,41,https://www.vinted.es/items/10210798280-onitsuka-tiger-mexico-66-vintage-cream-brown-sneakers,https://images1.vinted.net/t/02_00def_GeKp25NJhRdyu7LDxw1eTnzp/f800/1c9da111.webp?s=9b84ebc72c8a53293bdcef3ffe610c32ef39bce7
2026-10-02T10:30:58,10210798280,Onitsuka Tiger Mexico 66 Vintage Cream & Brown Sneakers,Onitsuka Tiger,119.99,USD,11,41,https://www.vinted.es/items/10210798280-onitsuka-tiger-mexico-66-vintage-cream-brown-sneakers,https://images1.vinted.net/t/02_00def_GeKp25NJhRdyu7LDxw1eTnzp/f800/1c9da111.webp?s=9b84ebc72c8a53293bdcef3ffe610c32ef39bce7
2026-10-02T10:40:49,10210798280,Onitsuka Tiger Mexico 66 Vintage Cream & Brown Sneakers,Onitsuka Tiger,119.99,USD,11,41,https://www.vinted.es/items/10210798280-onitsuka-tiger-mexico-66-vintage-cream-brown-sneakers,https://images1.vinted.net/t/02_00def_GeKp25NJhRdyu7LDxw1eTnzp/f800/1c9da111.webp?s=9b84ebc72c8a53293bdcef3ffe610c32ef39bce7
2026-10-02T10:50:43,10210798280,Onitsuka Tiger Mexico 66 Vintage Cream & Brown Sneakers,Onitsuka Tiger,119.99,USD,11,41,https://www.vinted.es/items/10210798280-onitsuka-tiger-mexico-66-vintage-cream-brown-sneakers,https://images1.vinted.net/t/02_00def_GeKp25NJhRdyu7LDxw1eTnzp/f800/1c9da111.webp?s=9b84ebc72c8a53293bdcef3ffe610c32ef39bce7
2026-10-02T11:01:10,10210798280,Onitsuka Tiger Mexico 66 Vintage Cream & Brown Sneakers,Onitsuka Tiger,119.99,USD,11,41,https://www.vinted.es/items/10210798280-onitsuka-tiger-mexico-66-vintage-cream-brown-sneakers,https://images1.vinted.net/t/02_00def_GeKp25NJhRdyu7LDxw1eTnzp/f800/1c9da111.webp?s=9b84ebc72c8a53293bdcef3ffe610c32ef39bce7
2026-10-02T11:10:50,10213185838,New balance 9060 in brown size 5,New Balance,86.74,USD,2,38,https://www.vinted.es/items/10213185838-new-balance-9060-in-brown-size-5,https://images1.vinted.net/t/02_0143f_XXoaQcFrUo5rtiFj94xj8Tw5/f800/20c1659f.webp?s=242b75a581c65a7224473751e8205a165d552bd4
2026-10-02T11:10:50,10210798280,Onitsuka Tiger Mexico 66 Vintage Cream & Brown Sneakers,Onitsuka Tiger,119.99,USD,11,41,https://www.vinted.es/items/10210798280-onitsuka-tiger-mexico-66-vintage-cream-brown-sneakers,https://images1.vinted.net/t/02_00def_GeKp25NJhRdyu7LDxw1eTnzp/f800/1c9da111.webp?s=9b84ebc72c8a53293bdcef3ffe610c32ef39bce7
2026-10-02T11:20:45,10213438182,Yellow asics gel-ds,Asics,86.74,USD,0,37,https://www.vinted.es/items/10213438182-yellow-asics-gel-ds,https://images1.vinted.net/t/06_0141b_gGfspwAwuYobgopnw5JYxT7N/f800/e61921a5.webp?s=33beb53e1130c41a98422692dd69468913f7d13b
2026-10-02T11:20:45,10213185838,New balance 9060 in brown size 5,New Balance,86.74,USD,4,38,https://www.vinted.es/items/10213185838-new-balance-9060-in-brown-size-5,https://images1.vinted.net/t/02_0143f_XXoaQcFrUo5rtiFj94xj8Tw5/f800/20c1659f.webp?s=242b75a581c65a7224473751e8205a165d552bd4
2026-10-02T11:20:45,10210798280,Onitsuka Tiger Mexico 66 Vintage Cream & Brown Sneakers,Onitsuka Tiger,119.99,USD,11,41,https://www.vinted.es/items/10210798280-onitsuka-tiger-mexico-66-vintage-cream-brown-sneakers,https://images1.vinted.net/t/02_00def_GeKp25NJhRdyu7LDxw1eTnzp/f800/1c9da111.webp?s=9b84ebc72c8a53293bdcef3ffe610c32ef39bce7
2026-10-02T11:30:56,10213438182,Yellow asics gel-ds,Asics,86.74,USD,1,37,https://www.vinted.es/items/10213438182-yellow-asics-gel-ds,https://images1.vinted.net/t/06_0141b_gGfspwAwuYobgopnw5JYxT7N/f800/e61921a5.webp?s=33beb53e1130c41a98422692dd69468913f7d13b
2026-10-02T11:30:56,10213185838,New balance 9060 in brown size 5,New Balance,86.74,USD,8,38,https://www.vinted.es/items/10213185838-new-balance-9060-in-brown-size-5,https://images1.vinted.net/t/02_0143f_XXoaQcFrUo5rtiFj94xj8Tw5/f800/20c1659f.webp?s=242b75a581c65a7224473751e8205a165d552bd4
2026-10-02T11:30:56,10210798280,Onitsuka Tiger Mexico 66 Vintage Cream & Brown Sneakers,Onitsuka Tiger,119.99,USD,11,41,https://www.vinted.es/items/10210798280-onitsuka-tiger-mexico-66-vintage-cream-brown-sneakers,https://images1.vinted.net/t/02_00def_GeKp25NJhRdyu7LDxw1eTnzp/f800/1c9da111.webp?s=9b84ebc72c8a53293bdcef3ffe610c32ef39bce7
2026-10-02T11:50:44,10213438182,Yellow asics gel-ds,Asics,86.74,USD,7,37,https://www.vinted.es/items/10213438182-yellow-asics-gel-ds,https://images1.vinted.net/t/06_0141b_gGfspwAwuYobgopnw5JYxT7N/f800/e61921a5.webp?s=33beb53e1130c41a98422692dd69468913f7d13b
2026-10-02T11:50:44,10213185838,New balance 9060 in brown size 5,New Balance,86.74,USD,11,38,https://www.vinted.es/items/10213185838-new-balance-9060-in-brown-size-5,https://images1.vinted.net/t/02_0143f_XXoaQcFrUo5rtiFj94xj8Tw5/f800/20c1659f.webp?s=242b75a581c65a7224473751e8205a165d552bd4
2026-10-02T11:50:44,10210798280,Onitsuka Tiger Mexico 66 Vintage Cream & Brown Sneakers,Onitsuka Tiger,119.99,USD,11,41,https://www.vinted.es/items/10210798280-onitsuka-tiger-mexico-66-vintage-cream-brown-sneakers,https://images1.vinted.net/t/02_00def_GeKp25NJhRdyu7LDxw1eTnzp/f800/1c9da111.webp?s=9b84ebc72c8a53293bdcef3ffe610c32ef39bce7
2026-10-02T12:01:08,10213185838,New balance 9060 in brown size 5,New Balance,86.74,USD,12,38,https://www.vinted.es/items/10213185838-new-balance-9060-in-brown-size-5,https://images1.vinted.net/t/02_0143f_XXoaQcFrUo5rtiFj94xj8Tw5/f800/20c1659f.webp?s=242b75a581c65a7224473751e8205a165d552bd4
2026-10-02T12:01:08,10213438182,Yellow asics gel-ds,Asics,86.74,USD,9,37,https://www.vinted.es/items/10213438182-yellow-asics-gel-ds,https://images1.vinted.net/t/06_0141b_gGfspwAwuYobgopnw5JYxT7N/f800/e61921a5.webp?s=33beb53e1130c41a98422692dd69468913f7d13b
2026-10-02T12:01:08,10210798280,Onitsuka Tiger Mexico 66 Vintage Cream & Brown Sneakers,Onitsuka Tiger,119.99,USD,11,41,https://www.vinted.es/items/10210798280-onitsuka-tiger-mexico-66-vintage-cream-brown-sneakers,https://images1.vinted.net/t/02_00def_GeKp25NJhRdyu7LDxw1eTnzp/f800/1c9da111.webp?s=9b84ebc72c8a53293bdcef3ffe610c32ef39bce7
2026-10-02T12:02:11,10213185838,New balance 9060 in brown size 5,New Balance,86.74,USD,12,38,https://www.vinted.es/items/10213185838-new-balance-9060-in-brown-size-5,https://images1.vinted.net/t/02_0143f_XXoaQcFrUo5rtiFj94xj8Tw5/f800/20c1659f.webp?s=242b75a581c65a7224473751e8205a165d552bd4
2026-10-02T12:02:11,10213438182,Yellow asics gel-ds,Asics,86.74,USD,9,37,https://www.vinted.es/items/10213438182-yellow-asics-gel-ds,https://images1.vinted.net/t/06_0141b_gGfspwAwuYobgopnw5JYxT7N/f800/e61921a5.webp?s=33beb53e1130c41a98422692dd69468913f7d13b
2026-10-02T12:02:11,10210798280,Onitsuka Tiger Mexico 66 Vintage Cream & Brown Sneakers,Onitsuka Tiger,119.99,USD,11,41,https://www.vinted.es/items/10210798280-onitsuka-tiger-mexico-66-vintage-cream-brown-sneakers,https://images1.vinted.net/t/02_00def_GeKp25NJhRdyu7LDxw1eTnzp/f800/1c9da111.webp?s=9b84ebc72c8a53293bdcef3ffe610c32ef39bce7
2026-10-02T12:10:45,10213973693,Onitsuka Tiger Mexico 66 Black & White Trainers,Onitsuka Tiger,86.74,USD,4,38,https://www.vinted.es/items/10213973693-onitsuka-tiger-mexico-66-black-white-trainers,https://images1.vinted.net/t/05_01f11_oCUbw11gAnYHHKB2fXBA3xTe/f800/4a74b675.webp?s=c43ac2bd08d7bb3b7d1091a9b900c1971daf044b
2026-10-02T12:10:45,10213185838,New balance 9060 in brown size 5,New Balance,86.74,USD,12,38,https://www.vinted.es/items/10213185838-new-balance-9060-in-brown-size-5,https://images1.vinted.net/t/02_0143f_XXoaQcFrUo5rtiFj94xj8Tw5/f800/20c1659f.webp?s=242b75a581c65a7224473751e8205a165d552bd4
2026-10-02T12:10:45,10213438182,Yellow asics gel-ds,Asics,86.74,USD,11,37,https://www.vinted.es/items/10213438182-yellow-asics-gel-ds,https://images1.vinted.net/t/06_0141b_gGfspwAwuYobgopnw5JYxT7N/f800/e61921a5.webp?s=33beb53e1130c41a98422692dd69468913f7d13b
2026-10-02T12:10:45,10210798280,Onitsuka Tiger Mexico 66 Vintage Cream & Brown Sneakers,Onitsuka Tiger,119.99,USD,11,41,https://www.vinted.es/items/10210798280-onitsuka-tiger-mexico-66-vintage-cream-brown-sneakers,https://images1.vinted.net/t/02_00def_GeKp25NJhRdyu7LDxw1eTnzp/f800/1c9da111.webp?s=9b84ebc72c8a53293bdcef3ffe610c32ef39bce7
2026-10-02T12:20:41,10213973693,Onitsuka Tiger Mexico 66 Black & White Trainers,Onitsuka Tiger,86.74,USD,11,38,https://www.vinted.es/items/10213973693-onitsuka-tiger-mexico-66-black-white-trainers,https://images1.vinted.net/t/05_01f11_oCUbw11gAnYHHKB2fXBA3xTe/f800/4a74b675.webp?s=c43ac2bd08d7bb3b7d1091a9b900c1971daf044b
2026-10-02T12:20:41,10213185838,New balance 9060 in brown size 5,New Balance,86.74,USD,15,38,https://www.vinted.es/items/10213185838-new-balance-9060-in-brown-size-5,https://images1.vinted.net/t/02_0143f_XXoaQcFrUo5rtiFj94xj8Tw5/f800/20c1659f.webp?s=242b75a581c65a7224473751e8205a165d552bd4
2026-10-02T12:20:41,10213438182,Yellow asics gel-ds,Asics,86.74,USD,12,37,https://www.vinted.es/items/10213438182-yellow-asics-gel-ds,https://images1.vinted.net/t/06_0141b_gGfspwAwuYobgopnw5JYxT7N/f800/e61921a5.webp?s=33beb53e1130c41a98422692dd69468913f7d13b
2026-10-02T12:20:41,10210798280,Onitsuka Tiger Mexico 66 Vintage Cream & Brown Sneakers,Onitsuka Tiger,119.99,USD,11,41,https://www.vinted.es/items/10210798280-onitsuka-tiger-mexico-66-vintage-cream-brown-sneakers,https://images1.vinted.net/t/02_00def_GeKp25NJhRdyu7LDxw1eTnzp/f800/1c9da111.webp?s=9b84ebc72c8a53293bdcef3ffe610c32ef39bce7
2026-10-02T12:40:51,10213185838,New balance 9060 in brown size 5,New Balance,86.74,USD,19,38,https://www.vinted.es/items/10213185838-new-balance-9060-in-brown-size-5,https://images1.vinted.net/t/02_0143f_XXoaQcFrUo5rtiFj94xj8Tw5/f800/20c1659f.webp?s=242b75a581c65a7224473751e8205a165d552bd4
2026-10-02T12:40:51,10213185838,New balance 9060 in brown size 5,New Balance,86.74,USD,19,38,https://www.vinted.es/items/10213185838-new-balance-9060-in-brown-size-5,https://images1.vinted.net/t/02_0143f_XXoaQcFrUo5rtiFj94xj8Tw5/f800/20c1659f.webp?s=242b75a581c65a7224473751e8205a165d552bd4
2026-10-02T12:40:51,10213438182,Yellow asics gel-ds,Asics,86.74,USD,17,37,https://www.vinted.es/items/10213438182-yellow-asics-gel-ds,https://images1.vinted.net/t/06_0141b_gGfspwAwuYobgopnw5JYxT7N/f800/e61921a5.webp?s=33beb53e1130c41a98422692dd69468913f7d13b
2026-10-02T12:40:51,10210798280,Onitsuka Tiger Mexico 66 Vintage Cream & Brown Sneakers,Onitsuka Tiger,119.99,USD,12,41,https://www.vinted.es/items/10210798280-onitsuka-tiger-mexico-66-vintage-cream-brown-sneakers,https://images1.vinted.net/t/02_00def_GeKp25NJhRdyu7LDxw1eTnzp/f800/1c9da111.webp?s=9b84ebc72c8a53293bdcef3ffe610c32ef39bce7
2026-10-02T12:50:44,10213973693,Onitsuka Tiger Mexico 66 Black & White Trainers,Onitsuka Tiger,86.74,USD,16,38,https://www.vinted.es/items/10213973693-onitsuka-tiger-mexico-66-black-white-trainers,https://images1.vinted.net/t/05_01f11_oCUbw11gAnYHHKB2fXBA3xTe/f800/4a74b675.webp?s=c43ac2bd08d7bb3b7d1091a9b900c1971daf044b
2026-10-02T12:50:44,10213438182,Yellow asics gel-ds,Asics,86.74,USD,21,37,https://www.vinted.es/items/10213438182-yellow-asics-gel-ds,https://images1.vinted.net/t/06_0141b_gGfspwAwuYobgopnw5JYxT7N/f800/e61921a5.webp?s=33beb53e1130c41a98422692dd69468913f7d13b
2026-10-02T12:50:44,10213185838,New balance 9060 in brown size 5,New Balance,86.74,USD,21,38,https://www.vinted.es/items/10213185838-new-balance-9060-in-brown-size-5,https://images1.vinted.net/t/02_0143f_XXoaQcFrUo5rtiFj94xj8Tw5/f800/20c1659f.webp?s=242b75a581c65a7224473751e8205a165d552bd4
2026-10-02T12:50:44,10210798280,Onitsuka Tiger Mexico 66 Vintage Cream & Brown Sneakers,Onitsuka Tiger,119.99,USD,12,41,https://www.vinted.es/items/10210798280-onitsuka-tiger-mexico-66-vintage-cream-brown-sneakers,https://images1.vinted.net/t/02_00def_GeKp25NJhRdyu7LDxw1eTnzp/f800/1c9da111.webp?s=9b84ebc72c8a53293bdcef3ffe610c32ef39bce7
2026-10-02T13:01:10,10213438182,Yellow asics gel-ds,Asics,86.74,USD,28,37,https://www.vinted.es/items/10213438182-yellow-asics-gel-ds,https://images1.vinted.net/t/06_0141b_gGfspwAwuYobgopnw5JYxT7N/f800/e61921a5.webp?s=33beb53e1130c41a98422692dd69468913f7d13b
2026-10-02T13:01:10,10213973693,Onitsuka Tiger Mexico 66 Black & White Trainers,Onitsuka Tiger,86.74,USD,17,38,https://www.vinted.es/items/10213973693-onitsuka-tiger-mexico-66-black-white-trainers,https://images1.vinted.net/t/05_01f11_oCUbw11gAnYHHKB2fXBA3xTe/f800/4a74b675.webp?s=c43ac2bd08d7bb3b7d1091a9b900c1971daf044b
2026-10-02T13:01:10,10213185838,New balance 9060 in brown size 5,New Balance,86.74,USD,25,38,https://www.vinted.es/items/10213185838-new-balance-9060-in-brown-size-5,https://images1.vinted.net/t/02_0143f_XXoaQcFrUo5rtiFj94xj8Tw5/f800/20c1659f.webp?s=242b75a581c65a7224473751e8205a165d552bd4
2026-10-02T13:01:10,10210798280,Onitsuka Tiger Mexico 66 Vintage Cream & Brown Sneakers,Onitsuka Tiger,119.99,USD,13,41,https://www.vinted.es/items/10210798280-onitsuka-tiger-mexico-66-vintage-cream-brown-sneakers,https://images1.vinted.net/t/02_00def_GeKp25NJhRdyu7LDxw1eTnzp/f800/1c9da111.webp?s=9b84ebc72c8a53293bdcef3ffe610c32ef39bce7
2026-10-02T13:10:45,10214603413,Ugg lowmel sand,UGG,80.06,USD,6,38,https://www.vinted.es/items/10214603413-ugg-lowmel-sand,https://images1.vinted.net/t/05_026fa_CivWhNY6sXPmQ4DcJpE1kcDX/f800/20128acc.webp?s=f229c2d5f9e99fe6c46cd8dc7ec6088ea8200ed7
2026-10-02T13:10:45,10213438182,Yellow asics gel-ds,Asics,86.74,USD,35,37,https://www.vinted.es/items/10213438182-yellow-asics-gel-ds,https://images1.vinted.net/t/06_0141b_gGfspwAwuYobgopnw5JYxT7N/f800/e61921a5.webp?s=33beb53e1130c41a98422692dd69468913f7d13b
2026-10-02T13:10:45,10213973693,Onitsuka Tiger Mexico 66 Black & White Trainers,Onitsuka Tiger,86.74,USD,17,38,https://www.vinted.es/items/10213973693-onitsuka-tiger-mexico-66-black-white-trainers,https://images1.vinted.net/t/05_01f11_oCUbw11gAnYHHKB2fXBA3xTe/f800/4a74b675.webp?s=c43ac2bd08d7bb3b7d1091a9b900c1971daf044b
2026-10-02T13:10:45,10213185838,New balance 9060 in brown size 5,New Balance,86.74,USD,27,38,https://www.vinted.es/items/10213185838-new-balance-9060-in-brown-size-5,https://images1.vinted.net/t/02_0143f_XXoaQcFrUo5rtiFj94xj8Tw5/f800/20c1659f.webp?s=242b75a581c65a7224473751e8205a165d552bd4
2026-10-02T13:10:45,10213185838,New balance 9060 in brown size 5,New Balance,86.74,USD,27,38,https://www.vinted.es/items/10213185838-new-balance-9060-in-brown-size-5,https://images1.vinted.net/t/02_0143f_XXoaQcFrUo5rtiFj94xj8Tw5/f800/20c1659f.webp?s=242b75a581c65a7224473751e8205a165d552bd4
2026-10-02T13:10:45,10210798280,Onitsuka Tiger Mexico 66 Vintage Cream & Brown Sneakers,Onitsuka Tiger,119.99,USD,14,41,https://www.vinted.es/items/10210798280-onitsuka-tiger-mexico-66-vintage-cream-brown-sneakers,https://images1.vinted.net/t/02_00def_GeKp25NJhRdyu7LDxw1eTnzp/f800/1c9da111.webp?s=9b84ebc72c8a53293bdcef3ffe610c32ef39bce7
2026-10-02T13:20:41,10214603413,Ugg lowmel sand,UGG,80.06,USD,12,38,https://www.vinted.es/items/10214603413-ugg-lowmel-sand,https://images1.vinted.net/t/05_026fa_CivWhNY6sXPmQ4DcJpE1kcDX/f800/20128acc.webp?s=f229c2d5f9e99fe6c46cd8dc7ec6088ea8200ed7
2026-10-02T13:20:41,10213438182,Yellow asics gel-ds,Asics,86.74,USD,39,37,https://www.vinted.es/items/10213438182-yellow-asics-gel-ds,https://images1.vinted.net/t/06_0141b_gGfspwAwuYobgopnw5JYxT7N/f800/e61921a5.webp?s=33beb53e1130c41a98422692dd69468913f7d13b
2026-10-02T13:20:41,10213973693,Onitsuka Tiger Mexico 66 Black & White Trainers,Onitsuka Tiger,86.74,USD,18,38,https://www.vinted.es/items/10213973693-onitsuka-tiger-mexico-66-black-white-trainers,https://images1.vinted.net/t/05_01f11_oCUbw11gAnYHHKB2fXBA3xTe/f800/4a74b675.webp?s=c43ac2bd08d7bb3b7d1091a9b900c1971daf044b
2026-10-02T13:20:41,10213185838,New balance 9060 in brown size 5,New Balance,86.74,USD,31,38,https://www.vinted.es/items/10213185838-new-balance-9060-in-brown-size-5,https://images1.vinted.net/t/02_0143f_XXoaQcFrUo5rtiFj94xj8Tw5/f800/20c1659f.webp?s=242b75a581c65a7224473751e8205a165d552bd4
2026-10-02T13:20:41,10213973693,Onitsuka Tiger Mexico 66 Black & White Trainers,Onitsuka Tiger,86.74,USD,18,38,https://www.vinted.es/items/10213973693-onitsuka-tiger-mexico-66-black-white-trainers,https://images1.vinted.net/t/05_01f11_oCUbw11gAnYHHKB2fXBA3xTe/f800/4a74b675.webp?s=c43ac2bd08d7bb3b7d1091a9b900c1971daf044b
2026-10-02T13:20:41,10210798280,Onitsuka Tiger Mexico 66 Vintage Cream & Brown Sneakers,Onitsuka Tiger,119.99,USD,14,41,https://www.vinted.es/items/10210798280-onitsuka-tiger-mexico-66-vintage-cream-brown-sneakers,https://images1.vinted.net/t/02_00def_GeKp25NJhRdyu7LDxw1eTnzp/f800/1c9da111.webp?s=9b84ebc72c8a53293bdcef3ffe610c32ef39bce7
2026-10-02T13:30:58,10214603413,Ugg lowmel sand,UGG,80.06,USD,19,38,https://www.vinted.es/items/10214603413-ugg-lowmel-sand,https://images1.vinted.net/t/05_026fa_CivWhNY6sXPmQ4DcJpE1kcDX/f800/20128acc.webp?s=f229c2d5f9e99fe6c46cd8dc7ec6088ea8200ed7
2026-10-02T13:30:58,10213438182,Yellow asics gel-ds,Asics,86.74,USD,41,37,https://www.vinted.es/items/10213438182-yellow-asics-gel-ds,https://images1.vinted.net/t/06_0141b_gGfspwAwuYobgopnw5JYxT7N/f800/e61921a5.webp?s=33beb53e1130c41a98422692dd69468913f7d13b
2026-10-02T13:30:58,10213185838,New balance 9060 in brown size 5,New Balance,86.74,USD,33,38,https://www.vinted.es/items/10213185838-new-balance-9060-in-brown-size-5,https://images1.vinted.net/t/02_0143f_XXoaQcFrUo5rtiFj94xj8Tw5/f800/20c1659f.webp?s=242b75a581c65a7224473751e8205a165d552bd4
2026-10-02T13:30:58,10213973693,Onitsuka Tiger Mexico 66 Black & White Trainers,Onitsuka Tiger,86.74,USD,19,38,https://www.vinted.es/items/10213973693-onitsuka-tiger-mexico-66-black-white-trainers,https://images1.vinted.net/t/05_01f11_oCUbw11gAnYHHKB2fXBA3xTe/f800/4a74b675.webp?s=c43ac2bd08d7bb3b7d1091a9b900c1971daf044b
2026-10-02T13:30:58,10210798280,Onitsuka Tiger Mexico 66 Vintage Cream & Brown Sneakers,Onitsuka Tiger,119.99,USD,14,41,https://www.vinted.es/items/10210798280-onitsuka-tiger-mexico-66-vintage-cream-brown-sneakers,https://images1.vinted.net/t/02_00def_GeKp25NJhRdyu7LDxw1eTnzp/f800/1c9da111.webp?s=9b84ebc72c8a53293bdcef3ffe610c32ef39bce7
2026-10-02T13:40:42,10214603413,Ugg lowmel sand,UGG,80.06,USD,20,38,https://www.vinted.es/items/10214603413-ugg-lowmel-sand,https://images1.vinted.net/t/05_026fa_CivWhNY6sXPmQ4DcJpE1kcDX/f800/20128acc.webp?s=f229c2d5f9e99fe6c46cd8dc7ec6088ea8200ed7
2026-10-02T13:40:42,10213185838,New balance 9060 in brown size 5,New Balance,86.74,USD,34,38,https://www.vinted.es/items/10213185838-new-balance-9060-in-brown-size-5,https://images1.vinted.net/t/02_0143f_XXoaQcFrUo5rtiFj94xj8Tw5/f800/20c1659f.webp?s=242b75a581c65a7224473751e8205a165d552bd4
2026-10-02T13:40:42,10213438182,Yellow asics gel-ds,Asics,86.74,USD,43,37,https://www.vinted.es/items/10213438182-yellow-asics-gel-ds,https://images1.vinted.net/t/06_0141b_gGfspwAwuYobgopnw5JYxT7N/f800/e61921a5.webp?s=33beb53e1130c41a98422692dd69468913f7d13b
2026-10-02T13:40:42,10213973693,Onitsuka Tiger Mexico 66 Black & White Trainers,Onitsuka Tiger,86.74,USD,22,38,https://www.vinted.es/items/10213973693-onitsuka-tiger-mexico-66-black-white-trainers,https://images1.vinted.net/t/05_01f11_oCUbw11gAnYHHKB2fXBA3xTe/f800/4a74b675.webp?s=c43ac2bd08d7bb3b7d1091a9b900c1971daf044b
2026-10-02T13:40:42,10210798280,Onitsuka Tiger Mexico 66 Vintage Cream & Brown Sneakers,Onitsuka Tiger,119.99,USD,14,41,https://www.vinted.es/items/10210798280-onitsuka-tiger-mexico-66-vintage-cream-brown-sneakers,https://images1.vinted.net/t/02_00def_GeKp25NJhRdyu7LDxw1eTnzp/f800/1c9da111.webp?s=9b84ebc72c8a53293bdcef3ffe610c32ef39bce7
2026-10-02T13:50:42,10213973693,Onitsuka Tiger Mexico 66 Black & White Trainers,Onitsuka Tiger,86.74,USD,24,38,https://www.vinted.es/items/10213973693-onitsuka-tiger-mexico-66-black-white-trainers,https://images1.vinted.net/t/05_01f11_oCUbw11gAnYHHKB2fXBA3xTe/f800/4a74b675.webp?s=c43ac2bd08d7bb3b7d1091a9b900c1971daf044b
2026-10-02T13:50:42,10213438182,Yellow asics gel-ds,Asics,86.74,USD,45,37,https://www.vinted.es/items/10213438182-yellow-asics-gel-ds,https://images1.vinted.net/t/06_0141b_gGfspwAwuYobgopnw5JYxT7N/f800/e61921a5.webp?s=33beb53e1130c41a98422692dd69468913f7d13b
2026-10-02T14:02:16,10213973693,Onitsuka Tiger Mexico 66 Black & White Trainers,Onitsuka Tiger,86.74,USD,27,38,https://www.vinted.es/items/10213973693-onitsuka-tiger-mexico-66-black-white-trainers,https://images1.vinted.net/t/05_01f11_oCUbw11gAnYHHKB2fXBA3xTe/f800/4a74b675.webp?s=c43ac2bd08d7bb3b7d1091a9b900c1971daf044b
2026-10-02T14:02:16,10213438182,Yellow asics gel-ds,Asics,86.74,USD,50,37,https://www.vinted.es/items/10213438182-yellow-asics-gel-ds,https://images1.vinted.net/t/06_0141b_gGfspwAwuYobgopnw5JYxT7N/f800/e61921a5.webp?s=33beb53e1130c41a98422692dd69468913f7d13b
2026-10-02T14:10:44,10213973693,Onitsuka Tiger Mexico 66 Black & White Trainers,Onitsuka Tiger,86.74,USD,29,38,https://www.vinted.es/items/10213973693-onitsuka-tiger-mexico-66-black-white-trainers,https://images1.vinted.net/t/05_01f11_oCUbw11gAnYHHKB2fXBA3xTe/f800/4a74b675.webp?s=c43ac2bd08d7bb3b7d1091a9b900c1971daf044b
2026-10-02T14:10:44,10213438182,Yellow asics gel-ds,Asics,86.74,USD,52,37,https://www.vinted.es/items/10213438182-yellow-asics-gel-ds,https://images1.vinted.net/t/06_0141b_gGfspwAwuYobgopnw5JYxT7N/f800/e61921a5.webp?s=33beb53e1130c41a98422692dd69468913f7d13b
2026-10-02T14:20:46,10213973693,Onitsuka Tiger Mexico 66 Black & White Trainers,Onitsuka Tiger,86.74,USD,30,38,https://www.vinted.es/items/10213973693-onitsuka-tiger-mexico-66-black-white-trainers,https://images1.vinted.net/t/05_01f11_oCUbw11gAnYHHKB2fXBA3xTe/f800/4a74b675.webp?s=c43ac2bd08d7bb3b7d1091a9b900c1971daf044b
2026-10-02T14:20:46,10213438182,Yellow asics gel-ds,Asics,86.74,USD,56,37,https://www.vinted.es/items/10213438182-yellow-asics-gel-ds,https://images1.vinted.net/t/06_0141b_gGfspwAwuYobgopnw5JYxT7N/f800/e61921a5.webp?s=33beb53e1130c41a98422692dd69468913f7d13b
2026-10-02T14:30:59,10213973693,Onitsuka Tiger Mexico 66 Black & White Trainers,Onitsuka Tiger,86.74,USD,30,38,https://www.vinted.es/items/10213973693-onitsuka-tiger-mexico-66-black-white-trainers,https://images1.vinted.net/t/05_01f11_oCUbw11gAnYHHKB2fXBA3xTe/f800/4a74b675.webp?s=c43ac2bd08d7bb3b7d1091a9b900c1971daf044b
2026-10-02T14:30:59,10213438182,Yellow asics gel-ds,Asics,86.74,USD,61,37,https://www.vinted.es/items/10213438182-yellow-asics-gel-ds,https://images1.vinted.net/t/06_0141b_gGfspwAwuYobgopnw5JYxT7N/f800/e61921a5.webp?s=33beb53e1130c41a98422692dd69468913f7d13b
2026-10-02T14:40:40,10213973693,Onitsuka Tiger Mexico 66 Black & White Trainers,Onitsuka Tiger,86.74,USD,32,38,https://www.vinted.es/items/10213973693-onitsuka-tiger-mexico-66-black-white-trainers,https://images1.vinted.net/t/05_01f11_oCUbw11gAnYHHKB2fXBA3xTe/f800/4a74b675.webp?s=c43ac2bd08d7bb3b7d1091a9b900c1971daf044b
2026-10-02T14:50:40,10210798280,Onitsuka Tiger Mexico 66 Vintage Cream & Brown Sneakers,Onitsuka Tiger,119.99,USD,14,41,https://www.vinted.es/items/10210798280-onitsuka-tiger-mexico-66-vintage-cream-brown-sneakers,https://images1.vinted.net/t/02_00def_GeKp25NJhRdyu7LDxw1eTnzp/f800/1c9da111.webp?s=9b84ebc72c8a53293bdcef3ffe610c32ef39bce7
2026-10-02T15:01:14,10215762098,Adidas spezial brown and cream trainers,adidas,113.42,USD,0,39.5,https://www.vinted.es/items/10215762098-adidas-spezial-brown-and-cream-trainers,https://images1.vinted.net/t/05_00229_k2JjmRmZsMdaE9nW77G2himg/f800/f5dd4465.webp?s=e1f8ed064fd0a1a65fee6a5a81fe1bc0a5a12415
2026-10-02T15:10:40,10215762098,Adidas spezial brown and cream trainers,adidas,113.42,USD,1,39.5,https://www.vinted.es/items/10215762098-adidas-spezial-brown-and-cream-trainers,https://images1.vinted.net/t/05_00229_k2JjmRmZsMdaE9nW77G2himg/f800/f5dd4465.webp?s=e1f8ed064fd0a1a65fee6a5a81fe1bc0a5a12415
2026-10-02T15:10:40,10210798280,Onitsuka Tiger Mexico 66 Vintage Cream & Brown Sneakers,Onitsuka Tiger,119.99,USD,14,41,https://www.vinted.es/items/10210798280-onitsuka-tiger-mexico-66-vintage-cream-brown-sneakers,https://images1.vinted.net/t/02_00def_GeKp25NJhRdyu7LDxw1eTnzp/f800/1c9da111.webp?s=9b84ebc72c8a53293bdcef3ffe610c32ef39bce7
2026-10-02T15:20:45,10215762098,Adidas spezial brown and cream trainers,adidas,113.42,USD,2,39.5,https://www.vinted.es/items/10215762098-adidas-spezial-brown-and-cream-trainers,https://images1.vinted.net/t/05_00229_k2JjmRmZsMdaE9nW77G2himg/f800/f5dd4465.webp?s=e1f8ed064fd0a1a65fee6a5a81fe1bc0a5a12415
2026-10-02T15:20:45,10210798280,Onitsuka Tiger Mexico 66 Vintage Cream & Brown Sneakers,Onitsuka Tiger,119.99,USD,15,41,https://www.vinted.es/items/10210798280-onitsuka-tiger-mexico-66-vintage-cream-brown-sneakers,https://images1.vinted.net/t/02_00def_GeKp25NJhRdyu7LDxw1eTnzp/f800/1c9da111.webp?s=9b84ebc72c8a53293bdcef3ffe610c32ef39bce7
2026-10-02T15:30:57,10215762098,Adidas spezial brown and cream trainers,adidas,113.42,USD,2,39.5,https://www.vinted.es/items/10215762098-adidas-spezial-brown-and-cream-trainers,https://images1.vinted.net/t/05_00229_k2JjmRmZsMdaE9nW77G2himg/f800/f5dd4465.webp?s=e1f8ed064fd0a1a65fee6a5a81fe1bc0a5a12415
2026-10-02T15:30:57,10210798280,Onitsuka Tiger Mexico 66 Vintage Cream & Brown Sneakers,Onitsuka Tiger,119.99,USD,15,41,https://www.vinted.es/items/10210798280-onitsuka-tiger-mexico-66-vintage-cream-brown-sneakers,https://images1.vinted.net/t/02_00def_GeKp25NJhRdyu7LDxw1eTnzp/f800/1c9da111.webp?s=9b84ebc72c8a53293bdcef3ffe610c32ef39bce7
2026-10-02T15:40:40,10215762098,Adidas spezial brown and cream trainers,adidas,113.42,USD,2,39.5,https://www.vinted.es/items/10215762098-adidas-spezial-brown-and-cream-trainers,https://images1.vinted.net/t/05_00229_k2JjmRmZsMdaE9nW77G2himg/f800/f5dd4465.webp?s=e1f8ed064fd0a1a65fee6a5a81fe1bc0a5a12415
2026-10-02T15:40:40,10210798280,Onitsuka Tiger Mexico 66 Vintage Cream & Brown Sneakers,Onitsuka Tiger,119.99,USD,15,41,https://www.vinted.es/items/10210798280-onitsuka-tiger-mexico-66-vintage-cream-brown-sneakers,https://images1.vinted.net/t/02_00def_GeKp25NJhRdyu7LDxw1eTnzp/f800/1c9da111.webp?s=9b84ebc72c8a53293bdcef3ffe610c32ef39bce7
2026-10-02T15:50:45,10216494800,Mexico 66 Cream Navy Trainers,Onitsuka Tiger,85.40,USD,0,38,https://www.vinted.es/items/10216494800-mexico-66-cream-navy-trainers,https://images1.vinted.net/t/05_01263_j2NSG15X7y5o8Mv4A7jRG5za/f800/7c278dc1.webp?s=a9e6b1e86f0721f92eb425f11ecdd18a24cac7b0
2026-10-02T15:50:45,10215762098,Adidas spezial brown and cream trainers,adidas,113.42,USD,2,39.5,https://www.vinted.es/items/10215762098-adidas-spezial-brown-and-cream-trainers,https://images1.vinted.net/t/05_00229_k2JjmRmZsMdaE9nW77G2himg/f800/f5dd4465.webp?s=e1f8ed064fd0a1a65fee6a5a81fe1bc0a5a12415
2026-10-02T16:01:22,10216494800,Mexico 66 Cream Navy Trainers,Onitsuka Tiger,85.40,USD,0,38,https://www.vinted.es/items/10216494800-mexico-66-cream-navy-trainers,https://images1.vinted.net/t/05_01263_j2NSG15X7y5o8Mv4A7jRG5za/f800/7c278dc1.webp?s=a9e6b1e86f0721f92eb425f11ecdd18a24cac7b0
2026-10-02T16:01:22,10215762098,Adidas spezial brown and cream trainers,adidas,113.42,USD,4,39.5,https://www.vinted.es/items/10215762098-adidas-spezial-brown-and-cream-trainers,https://images1.vinted.net/t/05_00229_k2JjmRmZsMdaE9nW77G2himg/f800/f5dd4465.webp?s=e1f8ed064fd0a1a65fee6a5a81fe1bc0a5a12415
2026-10-02T16:10:46,10216494800,Mexico 66 Cream Navy Trainers,Onitsuka Tiger,85.40,USD,1,38,https://www.vinted.es/items/10216494800-mexico-66-cream-navy-trainers,https://images1.vinted.net/t/05_01263_j2NSG15X7y5o8Mv4A7jRG5za/f800/7c278dc1.webp?s=a9e6b1e86f0721f92eb425f11ecdd18a24cac7b0
2026-10-02T16:10:46,10215762098,Adidas spezial brown and cream trainers,adidas,113.42,USD,5,39.5,https://www.vinted.es/items/10215762098-adidas-spezial-brown-and-cream-trainers,https://images1.vinted.net/t/05_00229_k2JjmRmZsMdaE9nW77G2himg/f800/f5dd4465.webp?s=e1f8ed064fd0a1a65fee6a5a81fe1bc0a5a12415
2026-10-02T16:20:47,10216977723,Asics gel cumulus 16 black maat 37 / size 3.5 / size 6,Asics,129.95,EUR,0,37,https://www.vinted.es/items/10216977723-asics-gel-cumulus-16-black-maat-37-size-35-size-6,https://images1.vinted.net/t/05_0229d_PUmrWcH89aHbY98tSdVN1F1a/f800/094a72da.webp?s=f60e0672a2c6512ba275ebdaea961841c03bab10
2026-10-02T16:31:01,10216494800,Mexico 66 Cream Navy Trainers,Onitsuka Tiger,85.40,USD,2,38,https://www.vinted.es/items/10216494800-mexico-66-cream-navy-trainers,https://images1.vinted.net/t/05_01263_j2NSG15X7y5o8Mv4A7jRG5za/f800/7c278dc1.webp?s=a9e6b1e86f0721f92eb425f11ecdd18a24cac7b0
2026-10-02T16:40:41,10216494800,Mexico 66 Cream Navy Trainers,Onitsuka Tiger,85.40,USD,3,38,https://www.vinted.es/items/10216494800-mexico-66-cream-navy-trainers,https://images1.vinted.net/t/05_01263_j2NSG15X7y5o8Mv4A7jRG5za/f800/7c278dc1.webp?s=a9e6b1e86f0721f92eb425f11ecdd18a24cac7b0
2026-10-02T16:50:47,10216494800,Mexico 66 Cream Navy Trainers,Onitsuka Tiger,85.40,USD,3,38,https://www.vinted.es/items/10216494800-mexico-66-cream-navy-trainers,https://images1.vinted.net/t/05_01263_j2NSG15X7y5o8Mv4A7jRG5za/f800/7c278dc1.webp?s=a9e6b1e86f0721f92eb425f11ecdd18a24cac7b0
2026-10-02T17:01:09,10217449324,adidas spezial brown white shoes uk6,adidas,76.46,USD,8,39,https://www.vinted.es/items/10217449324-adidas-spezial-brown-white-shoes-uk6,https://images1.vinted.net/t/06_00a0b_7TUmJikLBSmXBo3Gnzh8cwxx/f800/d1ddcaf1.webp?s=451ceb7aeff5196e91c35cd35097969cc8ab2a46
2026-10-02T17:01:09,10216494800,Mexico 66 Cream Navy Trainers,Onitsuka Tiger,85.40,USD,3,38,https://www.vinted.es/items/10216494800-mexico-66-cream-navy-trainers,https://images1.vinted.net/t/05_01263_j2NSG15X7y5o8Mv4A7jRG5za/f800/7c278dc1.webp?s=a9e6b1e86f0721f92eb425f11ecdd18a24cac7b0
2026-10-02T17:10:43,10217449324,adidas spezial brown white shoes uk6,adidas,76.46,USD,15,39,https://www.vinted.es/items/10217449324-adidas-spezial-brown-white-shoes-uk6,https://images1.vinted.net/t/06_00a0b_7TUmJikLBSmXBo3Gnzh8cwxx/f800/d1ddcaf1.webp?s=451ceb7aeff5196e91c35cd35097969cc8ab2a46
2026-10-02T17:10:43,10216494800,Mexico 66 Cream Navy Trainers,Onitsuka Tiger,85.40,USD,3,38,https://www.vinted.es/items/10216494800-mexico-66-cream-navy-trainers,https://images1.vinted.net/t/05_01263_j2NSG15X7y5o8Mv4A7jRG5za/f800/7c278dc1.webp?s=a9e6b1e86f0721f92eb425f11ecdd18a24cac7b0
2026-10-02T17:20:40,10217449324,adidas spezial brown white shoes uk6,adidas,76.46,USD,20,39,https://www.vinted.es/items/10217449324-adidas-spezial-brown-white-shoes-uk6,https://images1.vinted.net/t/06_00a0b_7TUmJikLBSmXBo3Gnzh8cwxx/f800/d1ddcaf1.webp?s=451ceb7aeff5196e91c35cd35097969cc8ab2a46
2026-10-02T17:30:58,10217449324,adidas spezial brown white shoes uk6,adidas,76.46,USD,20,39,https://www.vinted.es/items/10217449324-adidas-spezial-brown-white-shoes-uk6,https://images1.vinted.net/t/06_00a0b_7TUmJikLBSmXBo3Gnzh8cwxx/f800/d1ddcaf1.webp?s=451ceb7aeff5196e91c35cd35097969cc8ab2a46
2026-10-02T17:40:40,10217449324,adidas spezial brown white shoes uk6,adidas,76.46,USD,23,39,https://www.vinted.es/items/10217449324-adidas-spezial-brown-white-shoes-uk6,https://images1.vinted.net/t/06_00a0b_7TUmJikLBSmXBo3Gnzh8cwxx/f800/d1ddcaf1.webp?s=451ceb7aeff5196e91c35cd35097969cc8ab2a46
2026-10-02T17:50:23,10217449324,adidas spezial brown white shoes uk6,adidas,76.46,USD,24,39,https://www.vinted.es/items/10217449324-adidas-spezial-brown-white-shoes-uk6,https://images1.vinted.net/t/06_00a0b_7TUmJikLBSmXBo3Gnzh8cwxx/f800/d1ddcaf1.webp?s=451ceb7aeff5196e91c35cd35097969cc8ab2a46
2026-10-02T18:01:08,10217449324,adidas spezial brown white shoes uk6,adidas,76.46,USD,29,39,https://www.vinted.es/items/10217449324-adidas-spezial-brown-white-shoes-uk6,https://images1.vinted.net/t/06_00a0b_7TUmJikLBSmXBo3Gnzh8cwxx/f800/d1ddcaf1.webp?s=451ceb7aeff5196e91c35cd35097969cc8ab2a46
2026-10-02T18:10:43,10217449324,adidas spezial brown white shoes uk6,adidas,76.46,USD,33,39,https://www.vinted.es/items/10217449324-adidas-spezial-brown-white-shoes-uk6,https://images1.vinted.net/t/06_00a0b_7TUmJikLBSmXBo3Gnzh8cwxx/f800/d1ddcaf1.webp?s=451ceb7aeff5196e91c35cd35097969cc8ab2a46
2026-10-02T18:20:42,10217449324,adidas spezial brown white shoes uk6,adidas,76.46,USD,34,39,https://www.vinted.es/items/10217449324-adidas-spezial-brown-white-shoes-uk6,https://images1.vinted.net/t/06_00a0b_7TUmJikLBSmXBo3Gnzh8cwxx/f800/d1ddcaf1.webp?s=451ceb7aeff5196e91c35cd35097969cc8ab2a46
2026-10-02T21:21:22,10220049253,Asics gel  cumulus 16 port royal burgandy,Asics,100.08,USD,1,40,https://www.vinted.es/items/10220049253-asics-gel-cumulus-16-port-royal-burgandy,https://images1.vinted.net/t/02_00162_oPk6oT1Qc1SyUQPLxJciP2z4/f800/1bc8ba32.webp?s=ac06924a9dde87efd533db8726b618268dcb855c
2026-10-02T21:30:52,10220049253,Asics gel  cumulus 16 port royal burgandy,Asics,100.08,USD,6,40,https://www.vinted.es/items/10220049253-asics-gel-cumulus-16-port-royal-burgandy,https://images1.vinted.net/t/02_00162_oPk6oT1Qc1SyUQPLxJciP2z4/f800/1bc8ba32.webp?s=ac06924a9dde87efd533db8726b618268dcb855c
2026-10-02T21:40:42,10220049253,Asics gel  cumulus 16 port royal burgandy,Asics,100.08,USD,12,40,https://www.vinted.es/items/10220049253-asics-gel-cumulus-16-port-royal-burgandy,https://images1.vinted.net/t/02_00162_oPk6oT1Qc1SyUQPLxJciP2z4/f800/1bc8ba32.webp?s=ac06924a9dde87efd533db8726b618268dcb855c
2026-10-02T21:50:43,10220049253,Asics gel  cumulus 16 port royal burgandy,Asics,100.08,USD,16,40,https://www.vinted.es/items/10220049253-asics-gel-cumulus-16-port-royal-burgandy,https://images1.vinted.net/t/02_00162_oPk6oT1Qc1SyUQPLxJciP2z4/f800/1bc8ba32.webp?s=ac06924a9dde87efd533db8726b618268dcb855c
2026-10-02T21:55:37,10220049253,Asics gel  cumulus 16 port royal burgandy,Asics,100.08,USD,16,40,https://www.vinted.es/items/10220049253-asics-gel-cumulus-16-port-royal-burgandy,https://images1.vinted.net/t/02_00162_oPk6oT1Qc1SyUQPLxJciP2z4/f800/1bc8ba32.webp?s=ac06924a9dde87efd533db8726b618268dcb855c
2026-10-02T22:01:07,10220049253,Asics gel  cumulus 16 port royal burgandy,Asics,100.08,USD,17,40,https://www.vinted.es/items/10220049253-asics-gel-cumulus-16-port-royal-burgandy,https://images1.vinted.net/t/02_00162_oPk6oT1Qc1SyUQPLxJciP2z4/f800/1bc8ba32.webp?s=ac06924a9dde87efd533db8726b618268dcb855c
2026-10-02T22:10:44,10220049253,Asics gel  cumulus 16 port royal burgandy,Asics,100.08,USD,19,40,https://www.vinted.es/items/10220049253-asics-gel-cumulus-16-port-royal-burgandy,https://images1.vinted.net/t/02_00162_oPk6oT1Qc1SyUQPLxJciP2z4/f800/1bc8ba32.webp?s=ac06924a9dde87efd533db8726b618268dcb855c
2026-10-02T22:20:40,10220049253,Asics gel  cumulus 16 port royal burgandy,Asics,100.08,USD,21,40,https://www.vinted.es/items/10220049253-asics-gel-cumulus-16-port-royal-burgandy,https://images1.vinted.net/t/02_00162_oPk6oT1Qc1SyUQPLxJciP2z4/f800/1bc8ba32.webp?s=ac06924a9dde87efd533db8726b618268dcb855c
2026-10-02T22:30:51,10220049253,Asics gel  cumulus 16 port royal burgandy,Asics,100.08,USD,22,40,https://www.vinted.es/items/10220049253-asics-gel-cumulus-16-port-royal-burgandy,https://images1.vinted.net/t/02_00162_oPk6oT1Qc1SyUQPLxJciP2z4/f800/1bc8ba32.webp?s=ac06924a9dde87efd533db8726b618268dcb855c
2026-10-02T22:40:40,10220049253,Asics gel  cumulus 16 port royal burgandy,Asics,100.08,USD,24,40,https://www.vinted.es/items/10220049253-asics-gel-cumulus-16-port-royal-burgandy,https://images1.vinted.net/t/02_00162_oPk6oT1Qc1SyUQPLxJciP2z4/f800/1bc8ba32.webp?s=ac06924a9dde87efd533db8726b618268dcb855c
2026-10-02T22:50:39,10220049253,Asics gel  cumulus 16 port royal burgandy,Asics,100.08,USD,26,40,https://www.vinted.es/items/10220049253-asics-gel-cumulus-16-port-royal-burgandy,https://images1.vinted.net/t/02_00162_oPk6oT1Qc1SyUQPLxJciP2z4/f800/1bc8ba32.webp?s=ac06924a9dde87efd533db8726b618268dcb855c
2026-10-02T23:01:03,10220049253,Asics gel  cumulus 16 port royal burgandy,Asics,100.08,USD,28,40,https://www.vinted.es/items/10220049253-asics-gel-cumulus-16-port-royal-burgandy,https://images1.vinted.net/t/02_00162_oPk6oT1Qc1SyUQPLxJciP2z4/f800/1bc8ba32.webp?s=ac06924a9dde87efd533db8726b618268dcb855c
2026-10-02T23:10:40,10220049253,Asics gel  cumulus 16 port royal burgandy,Asics,100.08,USD,30,40,https://www.vinted.es/items/10220049253-asics-gel-cumulus-16-port-royal-burgandy,https://images1.vinted.net/t/02_00162_oPk6oT1Qc1SyUQPLxJciP2z4/f800/1bc8ba32.webp?s=ac06924a9dde87efd533db8726b618268dcb855c
2026-10-02T23:20:40,10220049253,Asics gel  cumulus 16 port royal burgandy,Asics,100.08,USD,32,40,https://www.vinted.es/items/10220049253-asics-gel-cumulus-16-port-royal-burgandy,https://images1.vinted.net/t/02_00162_oPk6oT1Qc1SyUQPLxJciP2z4/f800/1bc8ba32.webp?s=ac06924a9dde87efd533db8726b618268dcb855c
2026-10-02T23:30:52,10220049253,Asics gel  cumulus 16 port royal burgandy,Asics,100.08,USD,35,40,https://www.vinted.es/items/10220049253-asics-gel-cumulus-16-port-royal-burgandy,https://images1.vinted.net/t/02_00162_oPk6oT1Qc1SyUQPLxJciP2z4/f800/1bc8ba32.webp?s=ac06924a9dde87efd533db8726b618268dcb855c
2026-10-02T23:40:41,10220049253,Asics gel  cumulus 16 port royal burgandy,Asics,100.08,USD,35,40,https://www.vinted.es/items/10220049253-asics-gel-cumulus-16-port-royal-burgandy,https://images1.vinted.net/t/02_00162_oPk6oT1Qc1SyUQPLxJciP2z4/f800/1bc8ba32.webp?s=ac06924a9dde87efd533db8726b618268dcb855c
2026-10-02T23:50:43,10220049253,Asics gel  cumulus 16 port royal burgandy,Asics,100.08,USD,36,40,https://www.vinted.es/items/10220049253-asics-gel-cumulus-16-port-royal-burgandy,https://images1.vinted.net/t/02_00162_oPk6oT1Qc1SyUQPLxJciP2z4/f800/1bc8ba32.webp?s=ac06924a9dde87efd533db8726b618268dcb855c
2026-10-03T00:01:07,10220049253,Asics gel  cumulus 16 port royal burgandy,Asics,100.08,USD,37,40,https://www.vinted.es/items/10220049253-asics-gel-cumulus-16-port-royal-burgandy,https://images1.vinted.net/t/02_00162_oPk6oT1Qc1SyUQPLxJciP2z4/f800/1bc8ba32.webp?s=ac06924a9dde87efd533db8726b618268dcb855c
2026-10-03T00:10:43,10220049253,Asics gel  cumulus 16 port royal burgandy,Asics,100.08,USD,38,40,https://www.vinted.es/items/10220049253-asics-gel-cumulus-16-port-royal-burgandy,https://images1.vinted.net/t/02_00162_oPk6oT1Qc1SyUQPLxJciP2z4/f800/1bc8ba32.webp?s=ac06924a9dde87efd533db8726b618268dcb855c
2026-10-03T00:10:43,10220049253,Asics gel  cumulus 16 port royal burgandy,Asics,100.08,USD,38,40,https://www.vinted.es/items/10220049253-asics-gel-cumulus-16-port-royal-burgandy,https://images1.vinted.net/t/02_00162_oPk6oT1Qc1SyUQPLxJciP2z4/f800/1bc8ba32.webp?s=ac06924a9dde87efd533db8726b618268dcb855c
2026-10-03T00:50:41,10220049253,Asics gel  cumulus 16 port royal burgandy,Asics,100.08,USD,44,40,https://www.vinted.es/items/10220049253-asics-gel-cumulus-16-port-royal-burgandy,https://images1.vinted.net/t/02_00162_oPk6oT1Qc1SyUQPLxJciP2z4/f800/1bc8ba32.webp?s=ac06924a9dde87efd533db8726b618268dcb855c
2026-10-03T00:58:32,10220049253,Asics gel  cumulus 16 port royal burgandy,Asics,100.08,USD,44,40,https://www.vinted.es/items/10220049253-asics-gel-cumulus-16-port-royal-burgandy,https://images1.vinted.net/t/02_00162_oPk6oT1Qc1SyUQPLxJciP2z4/f800/1bc8ba32.webp?s=ac06924a9dde87efd533db8726b618268dcb855c
2026-10-03T01:01:06,10220049253,Asics gel  cumulus 16 port royal burgandy,Asics,100.08,USD,45,40,https://www.vinted.es/items/10220049253-asics-gel-cumulus-16-port-royal-burgandy,https://images1.vinted.net/t/02_00162_oPk6oT1Qc1SyUQPLxJciP2z4/f800/1bc8ba32.webp?s=ac06924a9dde87efd533db8726b618268dcb855c
2026-10-03T01:10:41,10220049253,Asics gel  cumulus 16 port royal burgandy,Asics,100.08,USD,45,40,https://www.vinted.es/items/10220049253-asics-gel-cumulus-16-port-royal-burgandy,https://images1.vinted.net/t/02_00162_oPk6oT1Qc1SyUQPLxJciP2z4/f800/1bc8ba32.webp?s=ac06924a9dde87efd533db8726b618268dcb855c
2026-10-03T01:20:38,10220049253,Asics gel  cumulus 16 port royal burgandy,Asics,100.08,USD,45,40,https://www.vinted.es/items/10220049253-asics-gel-cumulus-16-port-royal-burgandy,https://images1.vinted.net/t/02_00162_oPk6oT1Qc1SyUQPLxJciP2z4/f800/1bc8ba32.webp?s=ac06924a9dde87efd533db8726b618268dcb855c
2026-10-03T01:20:38,10220049253,Asics gel  cumulus 16 port royal burgandy,Asics,100.08,USD,45,40,https://www.vinted.es/items/10220049253-asics-gel-cumulus-16-port-royal-burgandy,https://images1.vinted.net/t/02_00162_oPk6oT1Qc1SyUQPLxJciP2z4/f800/1bc8ba32.webp?s=ac06924a9dde87efd533db8726b618268dcb855c
2026-10-03T01:30:52,10220049253,Asics gel  cumulus 16 port royal burgandy,Asics,100.08,USD,45,40,https://www.vinted.es/items/10220049253-asics-gel-cumulus-16-port-royal-burgandy,https://images1.vinted.net/t/02_00162_oPk6oT1Qc1SyUQPLxJciP2z4/f800/1bc8ba32.webp?s=ac06924a9dde87efd533db8726b618268dcb855c
2026-10-03T01:40:39,10220049253,Asics gel  cumulus 16 port royal burgandy,Asics,100.08,USD,46,40,https://www.vinted.es/items/10220049253-asics-gel-cumulus-16-port-royal-burgandy,https://images1.vinted.net/t/02_00162_oPk6oT1Qc1SyUQPLxJciP2z4/f800/1bc8ba32.webp?s=ac06924a9dde87efd533db8726b618268dcb855c
2026-10-03T01:40:39,10220049253,Asics gel  cumulus 16 port royal burgandy,Asics,100.08,USD,46,40,https://www.vinted.es/items/10220049253-asics-gel-cumulus-16-port-royal-burgandy,https://images1.vinted.net/t/02_00162_oPk6oT1Qc1SyUQPLxJciP2z4/f800/1bc8ba32.webp?s=ac06924a9dde87efd533db8726b618268dcb855c
2026-10-03T01:50:39,10220049253,Asics gel  cumulus 16 port royal burgandy,Asics,100.08,USD,46,40,https://www.vinted.es/items/10220049253-asics-gel-cumulus-16-port-royal-burgandy,https://images1.vinted.net/t/02_00162_oPk6oT1Qc1SyUQPLxJciP2z4/f800/1bc8ba32.webp?s=ac06924a9dde87efd533db8726b618268dcb855c
2026-10-03T01:50:39,10220049253,Asics gel  cumulus 16 port royal burgandy,Asics,100.08,USD,46,40,https://www.vinted.es/items/10220049253-asics-gel-cumulus-16-port-royal-burgandy,https://images1.vinted.net/t/02_00162_oPk6oT1Qc1SyUQPLxJciP2z4/f800/1bc8ba32.webp?s=ac06924a9dde87efd533db8726b618268dcb855c
2026-10-03T02:10:40,10220049253,Asics gel  cumulus 16 port royal burgandy,Asics,100.56,USD,47,40,https://www.vinted.es/items/10220049253-asics-gel-cumulus-16-port-royal-burgandy,https://images1.vinted.net/t/02_00162_oPk6oT1Qc1SyUQPLxJciP2z4/f800/1bc8ba32.webp?s=ac06924a9dde87efd533db8726b618268dcb855c
2026-10-03T02:20:41,10220049253,Asics gel  cumulus 16 port royal burgandy,Asics,100.56,USD,47,40,https://www.vinted.es/items/10220049253-asics-gel-cumulus-16-port-royal-burgandy,https://images1.vinted.net/t/02_00162_oPk6oT1Qc1SyUQPLxJciP2z4/f800/1bc8ba32.webp?s=ac06924a9dde87efd533db8726b618268dcb855c
2026-10-03T02:20:41,10220049253,Asics gel  cumulus 16 port royal burgandy,Asics,100.56,USD,47,40,https://www.vinted.es/items/10220049253-asics-gel-cumulus-16-port-royal-burgandy,https://images1.vinted.net/t/02_00162_oPk6oT1Qc1SyUQPLxJciP2z4/f800/1bc8ba32.webp?s=ac06924a9dde87efd533db8726b618268dcb855c
2026-10-03T02:30:51,10220049253,Asics gel  cumulus 16 port royal burgandy,Asics,100.56,USD,47,40,https://www.vinted.es/items/10220049253-asics-gel-cumulus-16-port-royal-burgandy,https://images1.vinted.net/t/02_00162_oPk6oT1Qc1SyUQPLxJciP2z4/f800/1bc8ba32.webp?s=ac06924a9dde87efd533db8726b618268dcb855c
2026-10-03T02:30:51,10220049253,Asics gel  cumulus 16 port royal burgandy,Asics,100.56,USD,47,40,https://www.vinted.es/items/10220049253-asics-gel-cumulus-16-port-royal-burgandy,https://images1.vinted.net/t/02_00162_oPk6oT1Qc1SyUQPLxJciP2z4/f800/1bc8ba32.webp?s=ac06924a9dde87efd533db8726b618268dcb855c
2026-10-03T02:40:39,10220049253,Asics gel  cumulus 16 port royal burgandy,Asics,100.56,USD,47,40,https://www.vinted.es/items/10220049253-asics-gel-cumulus-16-port-royal-burgandy,https://images1.vinted.net/t/02_00162_oPk6oT1Qc1SyUQPLxJciP2z4/f800/1bc8ba32.webp?s=ac06924a9dde87efd533db8726b618268dcb855c
2026-10-03T02:50:39,10220049253,Asics gel  cumulus 16 port royal burgandy,Asics,100.56,USD,48,40,https://www.vinted.es/items/10220049253-asics-gel-cumulus-16-port-royal-burgandy,https://images1.vinted.net/t/02_00162_oPk6oT1Qc1SyUQPLxJciP2z4/f800/1bc8ba32.webp?s=ac06924a9dde87efd533db8726b618268dcb855c
2026-10-03T03:01:05,10220049253,Asics gel  cumulus 16 port royal burgandy,Asics,100.56,USD,48,40,https://www.vinted.es/items/10220049253-asics-gel-cumulus-16-port-royal-burgandy,https://images1.vinted.net/t/02_00162_oPk6oT1Qc1SyUQPLxJciP2z4/f800/1bc8ba32.webp?s=ac06924a9dde87efd533db8726b618268dcb855c
2026-10-03T03:10:38,10220049253,Asics gel  cumulus 16 port royal burgandy,Asics,100.56,USD,48,40,https://www.vinted.es/items/10220049253-asics-gel-cumulus-16-port-royal-burgandy,https://images1.vinted.net/t/02_00162_oPk6oT1Qc1SyUQPLxJciP2z4/f800/1bc8ba32.webp?s=ac06924a9dde87efd533db8726b618268dcb855c
2026-10-03T03:20:42,10220049253,Asics gel  cumulus 16 port royal burgandy,Asics,100.56,USD,48,40,https://www.vinted.es/items/10220049253-asics-gel-cumulus-16-port-royal-burgandy,https://images1.vinted.net/t/02_00162_oPk6oT1Qc1SyUQPLxJciP2z4/f800/1bc8ba32.webp?s=ac06924a9dde87efd533db8726b618268dcb855c
2026-10-03T03:30:54,10220049253,Asics gel  cumulus 16 port royal burgandy,Asics,100.56,USD,49,40,https://www.vinted.es/items/10220049253-asics-gel-cumulus-16-port-royal-burgandy,https://images1.vinted.net/t/02_00162_oPk6oT1Qc1SyUQPLxJciP2z4/f800/1bc8ba32.webp?s=ac06924a9dde87efd533db8726b618268dcb855c
2026-10-03T03:40:39,10220049253,Asics gel  cumulus 16 port royal burgandy,Asics,100.56,USD,49,40,https://www.vinted.es/items/10220049253-asics-gel-cumulus-16-port-royal-burgandy,https://images1.vinted.net/t/02_00162_oPk6oT1Qc1SyUQPLxJciP2z4/f800/1bc8ba32.webp?s=ac06924a9dde87efd533db8726b618268dcb855c
2026-10-03T03:50:39,10220049253,Asics gel  cumulus 16 port royal burgandy,Asics,100.56,USD,49,40,https://www.vinted.es/items/10220049253-asics-gel-cumulus-16-port-royal-burgandy,https://images1.vinted.net/t/02_00162_oPk6oT1Qc1SyUQPLxJciP2z4/f800/1bc8ba32.webp?s=ac06924a9dde87efd533db8726b618268dcb855c
2026-10-03T04:01:07,10220049253,Asics gel  cumulus 16 port royal burgandy,Asics,100.56,USD,49,40,https://www.vinted.es/items/10220049253-asics-gel-cumulus-16-port-royal-burgandy,https://images1.vinted.net/t/02_00162_oPk6oT1Qc1SyUQPLxJciP2z4/f800/1bc8ba32.webp?s=ac06924a9dde87efd533db8726b618268dcb855c
2026-10-03T04:10:40,10220049253,Asics gel  cumulus 16 port royal burgandy,Asics,100.56,USD,49,40,https://www.vinted.es/items/10220049253-asics-gel-cumulus-16-port-royal-burgandy,https://images1.vinted.net/t/02_00162_oPk6oT1Qc1SyUQPLxJciP2z4/f800/1bc8ba32.webp?s=ac06924a9dde87efd533db8726b618268dcb855c
2026-10-03T04:20:43,10220049253,Asics gel  cumulus 16 port royal burgandy,Asics,100.56,USD,52,40,https://www.vinted.es/items/10220049253-asics-gel-cumulus-16-port-royal-burgandy,https://images1.vinted.net/t/02_00162_oPk6oT1Qc1SyUQPLxJciP2z4/f800/1bc8ba32.webp?s=ac06924a9dde87efd533db8726b618268dcb855c
2026-10-03T04:30:53,10220049253,Asics gel  cumulus 16 port royal burgandy,Asics,100.56,USD,52,40,https://www.vinted.es/items/10220049253-asics-gel-cumulus-16-port-royal-burgandy,https://images1.vinted.net/t/02_00162_oPk6oT1Qc1SyUQPLxJciP2z4/f800/1bc8ba32.webp?s=ac06924a9dde87efd533db8726b618268dcb855c
2026-10-03T04:40:40,10220049253,Asics gel  cumulus 16 port royal burgandy,Asics,100.56,USD,52,40,https://www.vinted.es/items/10220049253-asics-gel-cumulus-16-port-royal-burgandy,https://images1.vinted.net/t/02_00162_oPk6oT1Qc1SyUQPLxJciP2z4/f800/1bc8ba32.webp?s=ac06924a9dde87efd533db8726b618268dcb855c
2026-10-03T04:51:15,10220049253,Asics gel  cumulus 16 port royal burgandy,Asics,100.56,USD,52,40,https://www.vinted.es/items/10220049253-asics-gel-cumulus-16-port-royal-burgandy,https://images1.vinted.net/t/02_00162_oPk6oT1Qc1SyUQPLxJciP2z4/f800/1bc8ba32.webp?s=ac06924a9dde87efd533db8726b618268dcb855c
2026-10-03T05:01:05,10220049253,Asics gel  cumulus 16 port royal burgandy,Asics,100.56,USD,53,40,https://www.vinted.es/items/10220049253-asics-gel-cumulus-16-port-royal-burgandy,https://images1.vinted.net/t/02_00162_oPk6oT1Qc1SyUQPLxJciP2z4/f800/1bc8ba32.webp?s=ac06924a9dde87efd533db8726b618268dcb855c
2026-10-03T05:10:40,10220049253,Asics gel  cumulus 16 port royal burgandy,Asics,100.56,USD,53,40,https://www.vinted.es/items/10220049253-asics-gel-cumulus-16-port-royal-burgandy,https://images1.vinted.net/t/02_00162_oPk6oT1Qc1SyUQPLxJciP2z4/f800/1bc8ba32.webp?s=ac06924a9dde87efd533db8726b618268dcb855c
2026-10-03T05:20:41,10220049253,Asics gel  cumulus 16 port royal burgandy,Asics,100.56,USD,53,40,https://www.vinted.es/items/10220049253-asics-gel-cumulus-16-port-royal-burgandy,https://images1.vinted.net/t/02_00162_oPk6oT1Qc1SyUQPLxJciP2z4/f800/1bc8ba32.webp?s=ac06924a9dde87efd533db8726b618268dcb855c
2026-10-03T05:30:51,10220049253,Asics gel  cumulus 16 port royal burgandy,Asics,100.56,USD,53,40,https://www.vinted.es/items/10220049253-asics-gel-cumulus-16-port-royal-burgandy,https://images1.vinted.net/t/02_00162_oPk6oT1Qc1SyUQPLxJciP2z4/f800/1bc8ba32.webp?s=ac06924a9dde87efd533db8726b618268dcb855c
2026-10-03T05:40:42,10220049253,Asics gel  cumulus 16 port royal burgandy,Asics,100.56,USD,54,40,https://www.vinted.es/items/10220049253-asics-gel-cumulus-16-port-royal-burgandy,https://images1.vinted.net/t/02_00162_oPk6oT1Qc1SyUQPLxJciP2z4/f800/1bc8ba32.webp?s=ac06924a9dde87efd533db8726b618268dcb855c
2026-10-03T05:50:42,10220049253,Asics gel  cumulus 16 port royal burgandy,Asics,100.56,USD,54,40,https://www.vinted.es/items/10220049253-asics-gel-cumulus-16-port-royal-burgandy,https://images1.vinted.net/t/02_00162_oPk6oT1Qc1SyUQPLxJciP2z4/f800/1bc8ba32.webp?s=ac06924a9dde87efd533db8726b618268dcb855c
2026-10-03T06:01:05,10220049253,Asics gel  cumulus 16 port royal burgandy,Asics,100.56,USD,54,40,https://www.vinted.es/items/10220049253-asics-gel-cumulus-16-port-royal-burgandy,https://images1.vinted.net/t/02_00162_oPk6oT1Qc1SyUQPLxJciP2z4/f800/1bc8ba32.webp?s=ac06924a9dde87efd533db8726b618268dcb855c
2026-10-03T06:10:41,10220049253,Asics gel  cumulus 16 port royal burgandy,Asics,100.56,USD,54,40,https://www.vinted.es/items/10220049253-asics-gel-cumulus-16-port-royal-burgandy,https://images1.vinted.net/t/02_00162_oPk6oT1Qc1SyUQPLxJciP2z4/f800/1bc8ba32.webp?s=ac06924a9dde87efd533db8726b618268dcb855c
2026-10-03T06:31:04,10220049253,Asics gel  cumulus 16 port royal burgandy,Asics,100.56,USD,57,40,https://www.vinted.es/items/10220049253-asics-gel-cumulus-16-port-royal-burgandy,https://images1.vinted.net/t/02_00162_oPk6oT1Qc1SyUQPLxJciP2z4/f800/1bc8ba32.webp?s=ac06924a9dde87efd533db8726b618268dcb855c
2026-10-03T13:30:53,10226810771,Onitsuka Tiger Mexico 66 Cream & Brown – UK 5.5,Onitsuka Tiger,77.76,USD,0,38.5,https://www.vinted.es/items/10226810771-onitsuka-tiger-mexico-66-cream-brown-uk-55,https://images1.vinted.net/t/06_002cc_vmMM3nLNotA2B7h3pMDqoWmC/f800/8ce804a8.webp?s=86f7dc77d6de26006d54187f05bea8f2bcd3f2ee
2026-10-03T13:40:42,10226810771,Onitsuka Tiger Mexico 66 Cream & Brown – UK 5.5,Onitsuka Tiger,77.76,USD,4,38.5,https://www.vinted.es/items/10226810771-onitsuka-tiger-mexico-66-cream-brown-uk-55,https://images1.vinted.net/t/06_002cc_vmMM3nLNotA2B7h3pMDqoWmC/f800/8ce804a8.webp?s=86f7dc77d6de26006d54187f05bea8f2bcd3f2ee
2026-10-03T13:50:39,10226810771,Onitsuka Tiger Mexico 66 Cream & Brown – UK 5.5,Onitsuka Tiger,77.76,USD,6,38.5,https://www.vinted.es/items/10226810771-onitsuka-tiger-mexico-66-cream-brown-uk-55,https://images1.vinted.net/t/06_002cc_vmMM3nLNotA2B7h3pMDqoWmC/f800/8ce804a8.webp?s=86f7dc77d6de26006d54187f05bea8f2bcd3f2ee
2026-10-03T14:01:04,10226810771,Onitsuka Tiger Mexico 66 Cream & Brown – UK 5.5,Onitsuka Tiger,77.76,USD,9,38.5,https://www.vinted.es/items/10226810771-onitsuka-tiger-mexico-66-cream-brown-uk-55,https://images1.vinted.net/t/06_002cc_vmMM3nLNotA2B7h3pMDqoWmC/f800/8ce804a8.webp?s=86f7dc77d6de26006d54187f05bea8f2bcd3f2ee
2026-10-03T14:26:00,10226810771,Onitsuka Tiger Mexico 66 Cream & Brown – UK 5.5,Onitsuka Tiger,77.76,USD,11,38.5,https://www.vinted.es/items/10226810771-onitsuka-tiger-mexico-66-cream-brown-uk-55,https://images1.vinted.net/t/06_002cc_vmMM3nLNotA2B7h3pMDqoWmC/f800/8ce804a8.webp?s=86f7dc77d6de26006d54187f05bea8f2bcd3f2ee
2026-10-03T14:30:54,10226810771,Onitsuka Tiger Mexico 66 Cream & Brown – UK 5.5,Onitsuka Tiger,77.76,USD,11,38.5,https://www.vinted.es/items/10226810771-onitsuka-tiger-mexico-66-cream-brown-uk-55,https://images1.vinted.net/t/06_002cc_vmMM3nLNotA2B7h3pMDqoWmC/f800/8ce804a8.webp?s=86f7dc77d6de26006d54187f05bea8f2bcd3f2ee
2026-10-03T14:40:42,10226810771,Onitsuka Tiger Mexico 66 Cream & Brown – UK 5.5,Onitsuka Tiger,77.76,USD,12,38.5,https://www.vinted.es/items/10226810771-onitsuka-tiger-mexico-66-cream-brown-uk-55,https://images1.vinted.net/t/06_002cc_vmMM3nLNotA2B7h3pMDqoWmC/f800/8ce804a8.webp?s=86f7dc77d6de26006d54187f05bea8f2bcd3f2ee
2026-10-03T14:50:40,10226810771,Onitsuka Tiger Mexico 66 Cream & Brown – UK 5.5,Onitsuka Tiger,77.76,USD,13,38.5,https://www.vinted.es/items/10226810771-onitsuka-tiger-mexico-66-cream-brown-uk-55,https://images1.vinted.net/t/06_002cc_vmMM3nLNotA2B7h3pMDqoWmC/f800/8ce804a8.webp?s=86f7dc77d6de26006d54187f05bea8f2bcd3f2ee
2026-10-03T15:01:09,10226810771,Onitsuka Tiger Mexico 66 Cream & Brown – UK 5.5,Onitsuka Tiger,77.76,USD,17,38.5,https://www.vinted.es/items/10226810771-onitsuka-tiger-mexico-66-cream-brown-uk-55,https://images1.vinted.net/t/06_002cc_vmMM3nLNotA2B7h3pMDqoWmC/f800/8ce804a8.webp?s=86f7dc77d6de26006d54187f05bea8f2bcd3f2ee
2026-10-03T15:10:41,10226810771,Onitsuka Tiger Mexico 66 Cream & Brown – UK 5.5,Onitsuka Tiger,77.76,USD,18,38.5,https://www.vinted.es/items/10226810771-onitsuka-tiger-mexico-66-cream-brown-uk-55,https://images1.vinted.net/t/06_002cc_vmMM3nLNotA2B7h3pMDqoWmC/f800/8ce804a8.webp?s=86f7dc77d6de26006d54187f05bea8f2bcd3f2ee
2026-10-03T15:20:41,10226810771,Onitsuka Tiger Mexico 66 Cream & Brown – UK 5.5,Onitsuka Tiger,77.76,USD,20,38.5,https://www.vinted.es/items/10226810771-onitsuka-tiger-mexico-66-cream-brown-uk-55,https://images1.vinted.net/t/06_002cc_vmMM3nLNotA2B7h3pMDqoWmC/f800/8ce804a8.webp?s=86f7dc77d6de26006d54187f05bea8f2bcd3f2ee
2026-10-03T15:30:52,10226810771,Onitsuka Tiger Mexico 66 Cream & Brown – UK 5.5,Onitsuka Tiger,77.76,USD,23,38.5,https://www.vinted.es/items/10226810771-onitsuka-tiger-mexico-66-cream-brown-uk-55,https://images1.vinted.net/t/06_002cc_vmMM3nLNotA2B7h3pMDqoWmC/f800/8ce804a8.webp?s=86f7dc77d6de26006d54187f05bea8f2bcd3f2ee
2026-10-03T15:51:57,10226810771,Onitsuka Tiger Mexico 66 Cream & Brown – UK 5.5,Onitsuka Tiger,77.76,USD,24,38.5,https://www.vinted.es/items/10226810771-onitsuka-tiger-mexico-66-cream-brown-uk-55,https://images1.vinted.net/t/06_002cc_vmMM3nLNotA2B7h3pMDqoWmC/f800/8ce804a8.webp?s=86f7dc77d6de26006d54187f05bea8f2bcd3f2ee
2026-10-03T16:01:07,10226810771,Onitsuka Tiger Mexico 66 Cream & Brown – UK 5.5,Onitsuka Tiger,77.76,USD,25,38.5,https://www.vinted.es/items/10226810771-onitsuka-tiger-mexico-66-cream-brown-uk-55,https://images1.vinted.net/t/06_002cc_vmMM3nLNotA2B7h3pMDqoWmC/f800/8ce804a8.webp?s=86f7dc77d6de26006d54187f05bea8f2bcd3f2ee
2026-10-03T16:10:42,10226810771,Onitsuka Tiger Mexico 66 Cream & Brown – UK 5.5,Onitsuka Tiger,77.76,USD,27,38.5,https://www.vinted.es/items/10226810771-onitsuka-tiger-mexico-66-cream-brown-uk-55,https://images1.vinted.net/t/06_002cc_vmMM3nLNotA2B7h3pMDqoWmC/f800/8ce804a8.webp?s=86f7dc77d6de26006d54187f05bea8f2bcd3f2ee
2026-10-03T16:20:40,10226810771,Onitsuka Tiger Mexico 66 Cream & Brown – UK 5.5,Onitsuka Tiger,77.76,USD,27,38.5,https://www.vinted.es/items/10226810771-onitsuka-tiger-mexico-66-cream-brown-uk-55,https://images1.vinted.net/t/06_002cc_vmMM3nLNotA2B7h3pMDqoWmC/f800/8ce804a8.webp?s=86f7dc77d6de26006d54187f05bea8f2bcd3f2ee
2026-10-03T16:30:57,10226810771,Onitsuka Tiger Mexico 66 Cream & Brown – UK 5.5,Onitsuka Tiger,77.76,USD,29,38.5,https://www.vinted.es/items/10226810771-onitsuka-tiger-mexico-66-cream-brown-uk-55,https://images1.vinted.net/t/06_002cc_vmMM3nLNotA2B7h3pMDqoWmC/f800/8ce804a8.webp?s=86f7dc77d6de26006d54187f05bea8f2bcd3f2ee
2026-10-03T16:40:41,10226810771,Onitsuka Tiger Mexico 66 Cream & Brown – UK 5.5,Onitsuka Tiger,77.76,USD,31,38.5,https://www.vinted.es/items/10226810771-onitsuka-tiger-mexico-66-cream-brown-uk-55,https://images1.vinted.net/t/06_002cc_vmMM3nLNotA2B7h3pMDqoWmC/f800/8ce804a8.webp?s=86f7dc77d6de26006d54187f05bea8f2bcd3f2ee
2026-10-03T16:50:38,10226810771,Onitsuka Tiger Mexico 66 Cream & Brown – UK 5.5,Onitsuka Tiger,77.76,USD,34,38.5,https://www.vinted.es/items/10226810771-onitsuka-tiger-mexico-66-cream-brown-uk-55,https://images1.vinted.net/t/06_002cc_vmMM3nLNotA2B7h3pMDqoWmC/f800/8ce804a8.webp?s=86f7dc77d6de26006d54187f05bea8f2bcd3f2ee
2026-10-03T17:01:31,10226810771,Onitsuka Tiger Mexico 66 Cream & Brown – UK 5.5,Onitsuka Tiger,77.76,USD,34,38.5,https://www.vinted.es/items/10226810771-onitsuka-tiger-mexico-66-cream-brown-uk-55,https://images1.vinted.net/t/06_002cc_vmMM3nLNotA2B7h3pMDqoWmC/f800/8ce804a8.webp?s=86f7dc77d6de26006d54187f05bea8f2bcd3f2ee
2026-10-03T17:10:39,10226810771,Onitsuka Tiger Mexico 66 Cream & Brown – UK 5.5,Onitsuka Tiger,77.76,USD,36,38.5,https://www.vinted.es/items/10226810771-onitsuka-tiger-mexico-66-cream-brown-uk-55,https://images1.vinted.net/t/06_002cc_vmMM3nLNotA2B7h3pMDqoWmC/f800/8ce804a8.webp?s=86f7dc77d6de26006d54187f05bea8f2bcd3f2ee
2026-10-03T17:20:42,10226810771,Onitsuka Tiger Mexico 66 Cream & Brown – UK 5.5,Onitsuka Tiger,77.76,USD,36,38.5,https://www.vinted.es/items/10226810771-onitsuka-tiger-mexico-66-cream-brown-uk-55,https://images1.vinted.net/t/06_002cc_vmMM3nLNotA2B7h3pMDqoWmC/f800/8ce804a8.webp?s=86f7dc77d6de26006d54187f05bea8f2bcd3f2ee
2026-10-03T17:30:57,10226810771,Onitsuka Tiger Mexico 66 Cream & Brown – UK 5.5,Onitsuka Tiger,77.76,USD,37,38.5,https://www.vinted.es/items/10226810771-onitsuka-tiger-mexico-66-cream-brown-uk-55,https://images1.vinted.net/t/06_002cc_vmMM3nLNotA2B7h3pMDqoWmC/f800/8ce804a8.webp?s=86f7dc77d6de26006d54187f05bea8f2bcd3f2ee
2026-10-03T17:40:42,10226810771,Onitsuka Tiger Mexico 66 Cream & Brown – UK 5.5,Onitsuka Tiger,77.76,USD,38,38.5,https://www.vinted.es/items/10226810771-onitsuka-tiger-mexico-66-cream-brown-uk-55,https://images1.vinted.net/t/06_002cc_vmMM3nLNotA2B7h3pMDqoWmC/f800/8ce804a8.webp?s=86f7dc77d6de26006d54187f05bea8f2bcd3f2ee
2026-10-03T18:01:09,10230951133,adidas spezial brown white shoes uk6,adidas,76.82,USD,7,39,https://www.vinted.es/items/10230951133-adidas-spezial-brown-white-shoes-uk6,https://images1.vinted.net/t/06_00b9f_Fq2ggJeP7apjCHTH2buJMAkv/f800/3a299eec.webp?s=498a667946a6412ef01a0d602d7b86d74a477243
2026-10-03T18:01:09,10226810771,Onitsuka Tiger Mexico 66 Cream & Brown – UK 5.5,Onitsuka Tiger,77.76,USD,41,38.5,https://www.vinted.es/items/10226810771-onitsuka-tiger-mexico-66-cream-brown-uk-55,https://images1.vinted.net/t/06_002cc_vmMM3nLNotA2B7h3pMDqoWmC/f800/8ce804a8.webp?s=86f7dc77d6de26006d54187f05bea8f2bcd3f2ee
2026-10-03T18:10:39,10230951133,adidas spezial brown white shoes uk6,adidas,76.82,USD,9,39,https://www.vinted.es/items/10230951133-adidas-spezial-brown-white-shoes-uk6,https://images1.vinted.net/t/06_00b9f_Fq2ggJeP7apjCHTH2buJMAkv/f800/3a299eec.webp?s=498a667946a6412ef01a0d602d7b86d74a477243
2026-10-03T18:10:39,10226810771,Onitsuka Tiger Mexico 66 Cream & Brown – UK 5.5,Onitsuka Tiger,77.76,USD,43,38.5,https://www.vinted.es/items/10226810771-onitsuka-tiger-mexico-66-cream-brown-uk-55,https://images1.vinted.net/t/06_002cc_vmMM3nLNotA2B7h3pMDqoWmC/f800/8ce804a8.webp?s=86f7dc77d6de26006d54187f05bea8f2bcd3f2ee
2026-10-03T18:20:40,10230951133,adidas spezial brown white shoes uk6,adidas,76.82,USD,15,39,https://www.vinted.es/items/10230951133-adidas-spezial-brown-white-shoes-uk6,https://images1.vinted.net/t/06_00b9f_Fq2ggJeP7apjCHTH2buJMAkv/f800/3a299eec.webp?s=498a667946a6412ef01a0d602d7b86d74a477243
2026-10-03T19:10:44,10231840307,BNWT Ugg Lowmel Sand colour UK 7,UGG,120.67,USD,1,40,https://www.vinted.es/items/10231840307-bnwt-ugg-lowmel-sand-colour-uk-7,https://images1.vinted.net/t/06_00284_5eKZ8ug8ndvzEbHW4Kct3EiJ/f800/e3cecc24.webp?s=f39e840a9005ae05005282415b1ec86f5e9f95eb
2026-10-03T19:20:43,10231840307,BNWT Ugg Lowmel Sand colour UK 7,UGG,120.67,USD,5,40,https://www.vinted.es/items/10231840307-bnwt-ugg-lowmel-sand-colour-uk-7,https://images1.vinted.net/t/06_00284_5eKZ8ug8ndvzEbHW4Kct3EiJ/f800/e3cecc24.webp?s=f39e840a9005ae05005282415b1ec86f5e9f95eb
2026-10-03T19:30:57,10231956874,"Retro Mesh Trainers, Burgundy Red White Silver",Saucony,100.56,USD,4,37.5,https://www.vinted.es/items/10231956874-retro-mesh-trainers-burgundy-red-white-silver,https://images1.vinted.net/t/05_01db0_9GVV13MWiRiasD9a4AMsasQa/f800/e2983fff.webp?s=651ae2e21bafda062cee14eee90653d524cfbb18
2026-10-03T19:41:19,10231956874,"Retro Mesh Trainers, Burgundy Red White Silver",Saucony,100.56,USD,8,37.5,https://www.vinted.es/items/10231956874-retro-mesh-trainers-burgundy-red-white-silver,https://images1.vinted.net/t/05_01db0_9GVV13MWiRiasD9a4AMsasQa/f800/e2983fff.webp?s=651ae2e21bafda062cee14eee90653d524cfbb18
2026-10-03T19:50:42,10231956874,"Retro Mesh Trainers, Burgundy Red White Silver",Saucony,100.56,USD,11,37.5,https://www.vinted.es/items/10231956874-retro-mesh-trainers-burgundy-red-white-silver,https://images1.vinted.net/t/05_01db0_9GVV13MWiRiasD9a4AMsasQa/f800/e2983fff.webp?s=651ae2e21bafda062cee14eee90653d524cfbb18
2026-10-03T20:01:05,10232349973,Burgundy/Pink asics gel cumulus 16,Asics,134.07,USD,1,40,https://www.vinted.es/items/10232349973-burgundypink-asics-gel-cumulus-16,https://images1.vinted.net/t/05_023f3_WmHun5cwm5m5pJgjeSy2mFaF/f800/55a08da7.webp?s=41dd63b954b5e5f12c7fd779326a38f01c43dffb
2026-10-03T20:01:05,10231956874,"Retro Mesh Trainers, Burgundy Red White Silver",Saucony,100.56,USD,14,37.5,https://www.vinted.es/items/10231956874-retro-mesh-trainers-burgundy-red-white-silver,https://images1.vinted.net/t/05_01db0_9GVV13MWiRiasD9a4AMsasQa/f800/e2983fff.webp?s=651ae2e21bafda062cee14eee90653d524cfbb18
2026-10-03T20:10:44,10232349973,Burgundy/Pink asics gel cumulus 16,Asics,134.07,USD,3,40,https://www.vinted.es/items/10232349973-burgundypink-asics-gel-cumulus-16,https://images1.vinted.net/t/05_023f3_WmHun5cwm5m5pJgjeSy2mFaF/f800/55a08da7.webp?s=41dd63b954b5e5f12c7fd779326a38f01c43dffb
2026-10-03T20:10:44,10231956874,"Retro Mesh Trainers, Burgundy Red White Silver",Saucony,100.56,USD,18,37.5,https://www.vinted.es/items/10231956874-retro-mesh-trainers-burgundy-red-white-silver,https://images1.vinted.net/t/05_01db0_9GVV13MWiRiasD9a4AMsasQa/f800/e2983fff.webp?s=651ae2e21bafda062cee14eee90653d524cfbb18
2026-10-03T20:20:39,10232349973,Burgundy/Pink asics gel cumulus 16,Asics,134.07,USD,4,40,https://www.vinted.es/items/10232349973-burgundypink-asics-gel-cumulus-16,https://images1.vinted.net/t/05_023f3_WmHun5cwm5m5pJgjeSy2mFaF/f800/55a08da7.webp?s=41dd63b954b5e5f12c7fd779326a38f01c43dffb
2026-10-03T20:20:39,10231956874,"Retro Mesh Trainers, Burgundy Red White Silver",Saucony,100.56,USD,21,37.5,https://www.vinted.es/items/10231956874-retro-mesh-trainers-burgundy-red-white-silver,https://images1.vinted.net/t/05_01db0_9GVV13MWiRiasD9a4AMsasQa/f800/e2983fff.webp?s=651ae2e21bafda062cee14eee90653d524cfbb18
2026-10-03T20:30:57,10232349973,Burgundy/Pink asics gel cumulus 16,Asics,134.07,USD,5,40,https://www.vinted.es/items/10232349973-burgundypink-asics-gel-cumulus-16,https://images1.vinted.net/t/05_023f3_WmHun5cwm5m5pJgjeSy2mFaF/f800/55a08da7.webp?s=41dd63b954b5e5f12c7fd779326a38f01c43dffb
2026-10-03T20:30:57,10231956874,"Retro Mesh Trainers, Burgundy Red White Silver",Saucony,100.56,USD,23,37.5,https://www.vinted.es/items/10231956874-retro-mesh-trainers-burgundy-red-white-silver,https://images1.vinted.net/t/05_01db0_9GVV13MWiRiasD9a4AMsasQa/f800/e2983fff.webp?s=651ae2e21bafda062cee14eee90653d524cfbb18
2026-10-03T20:40:47,10232719370,ASICS Gel Cumulus trainers NEW Uk 6,Asics,80.44,USD,0,39,https://www.vinted.es/items/10232719370-asics-gel-cumulus-trainers-new-uk-6,https://images1.vinted.net/t/06_008a2_bH75KVx18uciNfM4UP6PEzJ9/f800/b71894a2.webp?s=1b9e6a57951fcfe5189ce1ced3beb664b31779d8
2026-10-03T20:40:47,10232349973,Burgundy/Pink asics gel cumulus 16,Asics,134.07,USD,5,40,https://www.vinted.es/items/10232349973-burgundypink-asics-gel-cumulus-16,https://images1.vinted.net/t/05_023f3_WmHun5cwm5m5pJgjeSy2mFaF/f800/55a08da7.webp?s=41dd63b954b5e5f12c7fd779326a38f01c43dffb
2026-10-03T20:40:47,10231956874,"Retro Mesh Trainers, Burgundy Red White Silver",Saucony,100.56,USD,24,37.5,https://www.vinted.es/items/10231956874-retro-mesh-trainers-burgundy-red-white-silver,https://images1.vinted.net/t/05_01db0_9GVV13MWiRiasD9a4AMsasQa/f800/e2983fff.webp?s=651ae2e21bafda062cee14eee90653d524cfbb18
2026-10-03T20:50:45,10232719370,ASICS Gel Cumulus trainers NEW Uk 6,Asics,80.44,USD,0,39,https://www.vinted.es/items/10232719370-asics-gel-cumulus-trainers-new-uk-6,https://images1.vinted.net/t/06_008a2_bH75KVx18uciNfM4UP6PEzJ9/f800/b71894a2.webp?s=1b9e6a57951fcfe5189ce1ced3beb664b31779d8
2026-10-03T20:50:45,10232349973,Burgundy/Pink asics gel cumulus 16,Asics,134.07,USD,5,40,https://www.vinted.es/items/10232349973-burgundypink-asics-gel-cumulus-16,https://images1.vinted.net/t/05_023f3_WmHun5cwm5m5pJgjeSy2mFaF/f800/55a08da7.webp?s=41dd63b954b5e5f12c7fd779326a38f01c43dffb
2026-10-03T20:50:45,10231956874,"Retro Mesh Trainers, Burgundy Red White Silver",Saucony,100.56,USD,25,37.5,https://www.vinted.es/items/10231956874-retro-mesh-trainers-burgundy-red-white-silver,https://images1.vinted.net/t/05_01db0_9GVV13MWiRiasD9a4AMsasQa/f800/e2983fff.webp?s=651ae2e21bafda062cee14eee90653d524cfbb18
2026-10-03T21:01:09,10232719370,ASICS Gel Cumulus trainers NEW Uk 6,Asics,80.44,USD,1,39,https://www.vinted.es/items/10232719370-asics-gel-cumulus-trainers-new-uk-6,https://images1.vinted.net/t/06_008a2_bH75KVx18uciNfM4UP6PEzJ9/f800/b71894a2.webp?s=1b9e6a57951fcfe5189ce1ced3beb664b31779d8
2026-10-03T21:01:09,10232349973,Burgundy/Pink asics gel cumulus 16,Asics,134.07,USD,6,40,https://www.vinted.es/items/10232349973-burgundypink-asics-gel-cumulus-16,https://images1.vinted.net/t/05_023f3_WmHun5cwm5m5pJgjeSy2mFaF/f800/55a08da7.webp?s=41dd63b954b5e5f12c7fd779326a38f01c43dffb
2026-10-03T21:10:43,10232719370,ASICS Gel Cumulus trainers NEW Uk 6,Asics,80.44,USD,1,39,https://www.vinted.es/items/10232719370-asics-gel-cumulus-trainers-new-uk-6,https://images1.vinted.net/t/06_008a2_bH75KVx18uciNfM4UP6PEzJ9/f800/b71894a2.webp?s=1b9e6a57951fcfe5189ce1ced3beb664b31779d8
2026-10-03T21:10:43,10232349973,Burgundy/Pink asics gel cumulus 16,Asics,134.07,USD,7,40,https://www.vinted.es/items/10232349973-burgundypink-asics-gel-cumulus-16,https://images1.vinted.net/t/05_023f3_WmHun5cwm5m5pJgjeSy2mFaF/f800/55a08da7.webp?s=41dd63b954b5e5f12c7fd779326a38f01c43dffb
2026-10-03T21:20:42,10232719370,ASICS Gel Cumulus trainers NEW Uk 6,Asics,80.44,USD,1,39,https://www.vinted.es/items/10232719370-asics-gel-cumulus-trainers-new-uk-6,https://images1.vinted.net/t/06_008a2_bH75KVx18uciNfM4UP6PEzJ9/f800/b71894a2.webp?s=1b9e6a57951fcfe5189ce1ced3beb664b31779d8
2026-10-03T21:20:42,10232349973,Burgundy/Pink asics gel cumulus 16,Asics,134.07,USD,7,40,https://www.vinted.es/items/10232349973-burgundypink-asics-gel-cumulus-16,https://images1.vinted.net/t/05_023f3_WmHun5cwm5m5pJgjeSy2mFaF/f800/55a08da7.webp?s=41dd63b954b5e5f12c7fd779326a38f01c43dffb
2026-10-03T21:30:56,10233157293,Asics gel-DS trainer 14 UK 6 / EU 40 New,Asics,100.56,USD,1,39,https://www.vinted.es/items/10233157293-asics-gel-ds-trainer-14-uk-6-eu-40-new,https://images1.vinted.net/t/06_00b0a_Ex2XQf9VzbQDsNfgbP4BVUsL/f800/89f25ef9.webp?s=26e3e0104c3d8648d1daf985fe0b10ca1a50e225
2026-10-03T21:30:56,10232719370,ASICS Gel Cumulus trainers NEW Uk 6,Asics,80.44,USD,1,39,https://www.vinted.es/items/10232719370-asics-gel-cumulus-trainers-new-uk-6,https://images1.vinted.net/t/06_008a2_bH75KVx18uciNfM4UP6PEzJ9/f800/b71894a2.webp?s=1b9e6a57951fcfe5189ce1ced3beb664b31779d8
2026-10-03T21:40:51,10233157293,Asics gel-DS trainer 14 UK 6 / EU 40 New,Asics,100.56,USD,1,39,https://www.vinted.es/items/10233157293-asics-gel-ds-trainer-14-uk-6-eu-40-new,https://images1.vinted.net/t/06_00b0a_Ex2XQf9VzbQDsNfgbP4BVUsL/f800/89f25ef9.webp?s=26e3e0104c3d8648d1daf985fe0b10ca1a50e225
2026-10-03T21:40:51,10232719370,ASICS Gel Cumulus trainers NEW Uk 6,Asics,80.44,USD,1,39,https://www.vinted.es/items/10232719370-asics-gel-cumulus-trainers-new-uk-6,https://images1.vinted.net/t/06_008a2_bH75KVx18uciNfM4UP6PEzJ9/f800/b71894a2.webp?s=1b9e6a57951fcfe5189ce1ced3beb664b31779d8
2026-10-03T21:58:33,10233394802,adidas Originals brown Handball Spezial sneakers,adidas,100.00,USD,0,35.5,https://www.vinted.es/items/10233394802-adidas-originals-brown-handball-spezial-sneakers,https://images1.vinted.net/t/05_007ca_ZgoHqRd5mCBxC5vRHdgk2DGp/f800/e21bb08d.webp?s=53822c72db35f571de66f4d790b2f79809064590
2026-10-03T21:58:33,10233157293,Asics gel-DS trainer 14 UK 6 / EU 40 New,Asics,100.56,USD,2,39,https://www.vinted.es/items/10233157293-asics-gel-ds-trainer-14-uk-6-eu-40-new,https://images1.vinted.net/t/06_00b0a_Ex2XQf9VzbQDsNfgbP4BVUsL/f800/89f25ef9.webp?s=26e3e0104c3d8648d1daf985fe0b10ca1a50e225
2026-10-03T21:58:33,10232719370,ASICS Gel Cumulus trainers NEW Uk 6,Asics,80.44,USD,1,39,https://www.vinted.es/items/10232719370-asics-gel-cumulus-trainers-new-uk-6,https://images1.vinted.net/t/06_008a2_bH75KVx18uciNfM4UP6PEzJ9/f800/b71894a2.webp?s=1b9e6a57951fcfe5189ce1ced3beb664b31779d8
2026-10-03T22:01:42,10233394802,adidas Originals brown Handball Spezial sneakers,adidas,100.00,USD,0,35.5,https://www.vinted.es/items/10233394802-adidas-originals-brown-handball-spezial-sneakers,https://images1.vinted.net/t/05_007ca_ZgoHqRd5mCBxC5vRHdgk2DGp/f800/e21bb08d.webp?s=53822c72db35f571de66f4d790b2f79809064590
2026-10-03T22:01:42,10233157293,Asics gel-DS trainer 14 UK 6 / EU 40 New,Asics,100.56,USD,2,39,https://www.vinted.es/items/10233157293-asics-gel-ds-trainer-14-uk-6-eu-40-new,https://images1.vinted.net/t/06_00b0a_Ex2XQf9VzbQDsNfgbP4BVUsL/f800/89f25ef9.webp?s=26e3e0104c3d8648d1daf985fe0b10ca1a50e225
2026-10-03T22:01:42,10232719370,ASICS Gel Cumulus trainers NEW Uk 6,Asics,80.44,USD,1,39,https://www.vinted.es/items/10232719370-asics-gel-cumulus-trainers-new-uk-6,https://images1.vinted.net/t/06_008a2_bH75KVx18uciNfM4UP6PEzJ9/f800/b71894a2.webp?s=1b9e6a57951fcfe5189ce1ced3beb664b31779d8
2026-10-03T22:06:39,10233394802,adidas Originals brown Handball Spezial sneakers,adidas,100.00,USD,0,35.5,https://www.vinted.es/items/10233394802-adidas-originals-brown-handball-spezial-sneakers,https://images1.vinted.net/t/05_007ca_ZgoHqRd5mCBxC5vRHdgk2DGp/f800/e21bb08d.webp?s=53822c72db35f571de66f4d790b2f79809064590
2026-10-03T22:06:39,10233157293,Asics gel-DS trainer 14 UK 6 / EU 40 New,Asics,100.56,USD,2,39,https://www.vinted.es/items/10233157293-asics-gel-ds-trainer-14-uk-6-eu-40-new,https://images1.vinted.net/t/06_00b0a_Ex2XQf9VzbQDsNfgbP4BVUsL/f800/89f25ef9.webp?s=26e3e0104c3d8648d1daf985fe0b10ca1a50e225
2026-10-03T22:06:39,10232719370,ASICS Gel Cumulus trainers NEW Uk 6,Asics,80.44,USD,1,39,https://www.vinted.es/items/10232719370-asics-gel-cumulus-trainers-new-uk-6,https://images1.vinted.net/t/06_008a2_bH75KVx18uciNfM4UP6PEzJ9/f800/b71894a2.webp?s=1b9e6a57951fcfe5189ce1ced3beb664b31779d8
2026-10-03T22:15:38,10233394802,adidas Originals brown Handball Spezial sneakers,adidas,100.00,USD,0,35.5,https://www.vinted.es/items/10233394802-adidas-originals-brown-handball-spezial-sneakers,https://images1.vinted.net/t/05_007ca_ZgoHqRd5mCBxC5vRHdgk2DGp/f800/e21bb08d.webp?s=53822c72db35f571de66f4d790b2f79809064590
2026-10-03T22:15:38,10233157293,Asics gel-DS trainer 14 UK 6 / EU 40 New,Asics,100.56,USD,2,39,https://www.vinted.es/items/10233157293-asics-gel-ds-trainer-14-uk-6-eu-40-new,https://images1.vinted.net/t/06_00b0a_Ex2XQf9VzbQDsNfgbP4BVUsL/f800/89f25ef9.webp?s=26e3e0104c3d8648d1daf985fe0b10ca1a50e225
2026-10-03T22:15:38,10232719370,ASICS Gel Cumulus trainers NEW Uk 6,Asics,80.44,USD,1,39,https://www.vinted.es/items/10232719370-asics-gel-cumulus-trainers-new-uk-6,https://images1.vinted.net/t/06_008a2_bH75KVx18uciNfM4UP6PEzJ9/f800/b71894a2.webp?s=1b9e6a57951fcfe5189ce1ced3beb664b31779d8
2026-10-03T22:20:42,10233394802,adidas Originals brown Handball Spezial sneakers,adidas,100.00,USD,0,35.5,https://www.vinted.es/items/10233394802-adidas-originals-brown-handball-spezial-sneakers,https://images1.vinted.net/t/05_007ca_ZgoHqRd5mCBxC5vRHdgk2DGp/f800/e21bb08d.webp?s=53822c72db35f571de66f4d790b2f79809064590
2026-10-03T22:20:42,10233157293,Asics gel-DS trainer 14 UK 6 / EU 40 New,Asics,100.56,USD,2,39,https://www.vinted.es/items/10233157293-asics-gel-ds-trainer-14-uk-6-eu-40-new,https://images1.vinted.net/t/06_00b0a_Ex2XQf9VzbQDsNfgbP4BVUsL/f800/89f25ef9.webp?s=26e3e0104c3d8648d1daf985fe0b10ca1a50e225
2026-10-03T22:20:42,10232719370,ASICS Gel Cumulus trainers NEW Uk 6,Asics,80.44,USD,1,39,https://www.vinted.es/items/10232719370-asics-gel-cumulus-trainers-new-uk-6,https://images1.vinted.net/t/06_008a2_bH75KVx18uciNfM4UP6PEzJ9/f800/b71894a2.webp?s=1b9e6a57951fcfe5189ce1ced3beb664b31779d8
2026-10-03T22:30:51,10233394802,adidas Originals brown Handball Spezial sneakers,adidas,100.00,USD,0,35.5,https://www.vinted.es/items/10233394802-adidas-originals-brown-handball-spezial-sneakers,https://images1.vinted.net/t/05_007ca_ZgoHqRd5mCBxC5vRHdgk2DGp/f800/e21bb08d.webp?s=53822c72db35f571de66f4d790b2f79809064590
2026-10-03T22:30:51,10233157293,Asics gel-DS trainer 14 UK 6 / EU 40 New,Asics,100.56,USD,2,39,https://www.vinted.es/items/10233157293-asics-gel-ds-trainer-14-uk-6-eu-40-new,https://images1.vinted.net/t/06_00b0a_Ex2XQf9VzbQDsNfgbP4BVUsL/f800/89f25ef9.webp?s=26e3e0104c3d8648d1daf985fe0b10ca1a50e225
2026-10-03T22:30:51,10232719370,ASICS Gel Cumulus trainers NEW Uk 6,Asics,80.44,USD,2,39,https://www.vinted.es/items/10232719370-asics-gel-cumulus-trainers-new-uk-6,https://images1.vinted.net/t/06_008a2_bH75KVx18uciNfM4UP6PEzJ9/f800/b71894a2.webp?s=1b9e6a57951fcfe5189ce1ced3beb664b31779d8
2026-10-03T22:40:43,10233394802,adidas Originals brown Handball Spezial sneakers,adidas,100.00,USD,0,35.5,https://www.vinted.es/items/10233394802-adidas-originals-brown-handball-spezial-sneakers,https://images1.vinted.net/t/05_007ca_ZgoHqRd5mCBxC5vRHdgk2DGp/f800/e21bb08d.webp?s=53822c72db35f571de66f4d790b2f79809064590
2026-10-03T22:40:43,10233157293,Asics gel-DS trainer 14 UK 6 / EU 40 New,Asics,100.56,USD,2,39,https://www.vinted.es/items/10233157293-asics-gel-ds-trainer-14-uk-6-eu-40-new,https://images1.vinted.net/t/06_00b0a_Ex2XQf9VzbQDsNfgbP4BVUsL/f800/89f25ef9.webp?s=26e3e0104c3d8648d1daf985fe0b10ca1a50e225
2026-10-03T22:50:45,10233394802,adidas Originals brown Handball Spezial sneakers,adidas,100.00,USD,0,35.5,https://www.vinted.es/items/10233394802-adidas-originals-brown-handball-spezial-sneakers,https://images1.vinted.net/t/05_007ca_ZgoHqRd5mCBxC5vRHdgk2DGp/f800/e21bb08d.webp?s=53822c72db35f571de66f4d790b2f79809064590
2026-10-03T22:50:45,10233157293,Asics gel-DS trainer 14 UK 6 / EU 40 New,Asics,100.56,USD,2,39,https://www.vinted.es/items/10233157293-asics-gel-ds-trainer-14-uk-6-eu-40-new,https://images1.vinted.net/t/06_00b0a_Ex2XQf9VzbQDsNfgbP4BVUsL/f800/89f25ef9.webp?s=26e3e0104c3d8648d1daf985fe0b10ca1a50e225
2026-10-03T23:01:07,10233394802,adidas Originals brown Handball Spezial sneakers,adidas,100.00,USD,0,35.5,https://www.vinted.es/items/10233394802-adidas-originals-brown-handball-spezial-sneakers,https://images1.vinted.net/t/05_007ca_ZgoHqRd5mCBxC5vRHdgk2DGp/f800/e21bb08d.webp?s=53822c72db35f571de66f4d790b2f79809064590
2026-10-03T23:01:07,10233157293,Asics gel-DS trainer 14 UK 6 / EU 40 New,Asics,100.56,USD,2,39,https://www.vinted.es/items/10233157293-asics-gel-ds-trainer-14-uk-6-eu-40-new,https://images1.vinted.net/t/06_00b0a_Ex2XQf9VzbQDsNfgbP4BVUsL/f800/89f25ef9.webp?s=26e3e0104c3d8648d1daf985fe0b10ca1a50e225
2026-10-03T23:01:07,10233157293,Asics gel-DS trainer 14 UK 6 / EU 40 New,Asics,100.56,USD,2,39,https://www.vinted.es/items/10233157293-asics-gel-ds-trainer-14-uk-6-eu-40-new,https://images1.vinted.net/t/06_00b0a_Ex2XQf9VzbQDsNfgbP4BVUsL/f800/89f25ef9.webp?s=26e3e0104c3d8648d1daf985fe0b10ca1a50e225
2026-10-03T23:10:42,10233394802,adidas Originals brown Handball Spezial sneakers,adidas,100.00,USD,0,35.5,https://www.vinted.es/items/10233394802-adidas-originals-brown-handball-spezial-sneakers,https://images1.vinted.net/t/05_007ca_ZgoHqRd5mCBxC5vRHdgk2DGp/f800/e21bb08d.webp?s=53822c72db35f571de66f4d790b2f79809064590
2026-10-03T23:10:42,10233157293,Asics gel-DS trainer 14 UK 6 / EU 40 New,Asics,100.56,USD,2,39,https://www.vinted.es/items/10233157293-asics-gel-ds-trainer-14-uk-6-eu-40-new,https://images1.vinted.net/t/06_00b0a_Ex2XQf9VzbQDsNfgbP4BVUsL/f800/89f25ef9.webp?s=26e3e0104c3d8648d1daf985fe0b10ca1a50e225
2026-10-03T23:20:39,10233394802,adidas Originals brown Handball Spezial sneakers,adidas,100.00,USD,0,35.5,https://www.vinted.es/items/10233394802-adidas-originals-brown-handball-spezial-sneakers,https://images1.vinted.net/t/05_007ca_ZgoHqRd5mCBxC5vRHdgk2DGp/f800/e21bb08d.webp?s=53822c72db35f571de66f4d790b2f79809064590
2026-10-03T23:20:39,10233157293,Asics gel-DS trainer 14 UK 6 / EU 40 New,Asics,100.56,USD,3,39,https://www.vinted.es/items/10233157293-asics-gel-ds-trainer-14-uk-6-eu-40-new,https://images1.vinted.net/t/06_00b0a_Ex2XQf9VzbQDsNfgbP4BVUsL/f800/89f25ef9.webp?s=26e3e0104c3d8648d1daf985fe0b10ca1a50e225
2026-10-03T23:30:53,10233394802,adidas Originals brown Handball Spezial sneakers,adidas,100.00,USD,0,35.5,https://www.vinted.es/items/10233394802-adidas-originals-brown-handball-spezial-sneakers,https://images1.vinted.net/t/05_007ca_ZgoHqRd5mCBxC5vRHdgk2DGp/f800/e21bb08d.webp?s=53822c72db35f571de66f4d790b2f79809064590
2026-10-03T23:30:53,10233157293,Asics gel-DS trainer 14 UK 6 / EU 40 New,Asics,100.56,USD,3,39,https://www.vinted.es/items/10233157293-asics-gel-ds-trainer-14-uk-6-eu-40-new,https://images1.vinted.net/t/06_00b0a_Ex2XQf9VzbQDsNfgbP4BVUsL/f800/89f25ef9.webp?s=26e3e0104c3d8648d1daf985fe0b10ca1a50e225
2026-10-03T23:40:44,10233394802,adidas Originals brown Handball Spezial sneakers,adidas,100.00,USD,0,35.5,https://www.vinted.es/items/10233394802-adidas-originals-brown-handball-spezial-sneakers,https://images1.vinted.net/t/05_007ca_ZgoHqRd5mCBxC5vRHdgk2DGp/f800/e21bb08d.webp?s=53822c72db35f571de66f4d790b2f79809064590
2026-10-03T23:40:44,10233157293,Asics gel-DS trainer 14 UK 6 / EU 40 New,Asics,100.56,USD,3,39,https://www.vinted.es/items/10233157293-asics-gel-ds-trainer-14-uk-6-eu-40-new,https://images1.vinted.net/t/06_00b0a_Ex2XQf9VzbQDsNfgbP4BVUsL/f800/89f25ef9.webp?s=26e3e0104c3d8648d1daf985fe0b10ca1a50e225
2026-10-03T23:50:42,10233394802,adidas Originals brown Handball Spezial sneakers,adidas,100.00,USD,0,35.5,https://www.vinted.es/items/10233394802-adidas-originals-brown-handball-spezial-sneakers,https://images1.vinted.net/t/05_007ca_ZgoHqRd5mCBxC5vRHdgk2DGp/f800/e21bb08d.webp?s=53822c72db35f571de66f4d790b2f79809064590
2026-10-03T23:50:42,10233157293,Asics gel-DS trainer 14 UK 6 / EU 40 New,Asics,100.56,USD,3,39,https://www.vinted.es/items/10233157293-asics-gel-ds-trainer-14-uk-6-eu-40-new,https://images1.vinted.net/t/06_00b0a_Ex2XQf9VzbQDsNfgbP4BVUsL/f800/89f25ef9.webp?s=26e3e0104c3d8648d1daf985fe0b10ca1a50e225
2026-10-04T00:01:12,10233394802,adidas Originals brown Handball Spezial sneakers,adidas,100.00,USD,0,35.5,https://www.vinted.es/items/10233394802-adidas-originals-brown-handball-spezial-sneakers,https://images1.vinted.net/t/05_007ca_ZgoHqRd5mCBxC5vRHdgk2DGp/f800/e21bb08d.webp?s=53822c72db35f571de66f4d790b2f79809064590
2026-10-04T00:01:12,10233157293,Asics gel-DS trainer 14 UK 6 / EU 40 New,Asics,100.56,USD,3,39,https://www.vinted.es/items/10233157293-asics-gel-ds-trainer-14-uk-6-eu-40-new,https://images1.vinted.net/t/06_00b0a_Ex2XQf9VzbQDsNfgbP4BVUsL/f800/89f25ef9.webp?s=26e3e0104c3d8648d1daf985fe0b10ca1a50e225
2026-10-04T00:10:42,10233394802,adidas Originals brown Handball Spezial sneakers,adidas,100.00,USD,0,35.5,https://www.vinted.es/items/10233394802-adidas-originals-brown-handball-spezial-sneakers,https://images1.vinted.net/t/05_007ca_ZgoHqRd5mCBxC5vRHdgk2DGp/f800/e21bb08d.webp?s=53822c72db35f571de66f4d790b2f79809064590
2026-10-04T00:10:42,10233157293,Asics gel-DS trainer 14 UK 6 / EU 40 New,Asics,100.56,USD,3,39,https://www.vinted.es/items/10233157293-asics-gel-ds-trainer-14-uk-6-eu-40-new,https://images1.vinted.net/t/06_00b0a_Ex2XQf9VzbQDsNfgbP4BVUsL/f800/89f25ef9.webp?s=26e3e0104c3d8648d1daf985fe0b10ca1a50e225
2026-10-04T00:20:43,10233394802,adidas Originals brown Handball Spezial sneakers,adidas,100.00,USD,0,35.5,https://www.vinted.es/items/10233394802-adidas-originals-brown-handball-spezial-sneakers,https://images1.vinted.net/t/05_007ca_ZgoHqRd5mCBxC5vRHdgk2DGp/f800/e21bb08d.webp?s=53822c72db35f571de66f4d790b2f79809064590
2026-10-04T00:30:55,10233394802,adidas Originals brown Handball Spezial sneakers,adidas,100.00,USD,0,35.5,https://www.vinted.es/items/10233394802-adidas-originals-brown-handball-spezial-sneakers,https://images1.vinted.net/t/05_007ca_ZgoHqRd5mCBxC5vRHdgk2DGp/f800/e21bb08d.webp?s=53822c72db35f571de66f4d790b2f79809064590
2026-10-04T10:01:20,10237268169,Asics Gel Cumulus 16 Dried Leaf Green (UK5.5),Asics,113.96,USD,0,38.5,https://www.vinted.es/items/10237268169-asics-gel-cumulus-16-dried-leaf-green-uk55,https://images1.vinted.net/t/06_002f4_PVVnYon2tsAXtJtCcz9AD2X1/f800/7659cae3.webp?s=7ff9f29420f005c71aff3d5780574d066e82754d
2026-10-04T10:10:43,10237268169,Asics Gel Cumulus 16 Dried Leaf Green (UK5.5),Asics,113.96,USD,0,38.5,https://www.vinted.es/items/10237268169-asics-gel-cumulus-16-dried-leaf-green-uk55,https://images1.vinted.net/t/06_002f4_PVVnYon2tsAXtJtCcz9AD2X1/f800/7659cae3.webp?s=7ff9f29420f005c71aff3d5780574d066e82754d
2026-10-04T10:20:41,10237268169,Asics Gel Cumulus 16 Dried Leaf Green (UK5.5),Asics,113.96,USD,0,38.5,https://www.vinted.es/items/10237268169-asics-gel-cumulus-16-dried-leaf-green-uk55,https://images1.vinted.net/t/06_002f4_PVVnYon2tsAXtJtCcz9AD2X1/f800/7659cae3.webp?s=7ff9f29420f005c71aff3d5780574d066e82754d
2026-10-04T10:30:56,10237268169,Asics Gel Cumulus 16 Dried Leaf Green (UK5.5),Asics,113.96,USD,0,38.5,https://www.vinted.es/items/10237268169-asics-gel-cumulus-16-dried-leaf-green-uk55,https://images1.vinted.net/t/06_002f4_PVVnYon2tsAXtJtCcz9AD2X1/f800/7659cae3.webp?s=7ff9f29420f005c71aff3d5780574d066e82754d
2026-10-04T10:40:42,10237268169,Asics Gel Cumulus 16 Dried Leaf Green (UK5.5),Asics,113.96,USD,0,38.5,https://www.vinted.es/items/10237268169-asics-gel-cumulus-16-dried-leaf-green-uk55,https://images1.vinted.net/t/06_002f4_PVVnYon2tsAXtJtCcz9AD2X1/f800/7659cae3.webp?s=7ff9f29420f005c71aff3d5780574d066e82754d
2026-10-04T10:50:42,10237268169,Asics Gel Cumulus 16 Dried Leaf Green (UK5.5),Asics,113.96,USD,2,38.5,https://www.vinted.es/items/10237268169-asics-gel-cumulus-16-dried-leaf-green-uk55,https://images1.vinted.net/t/06_002f4_PVVnYon2tsAXtJtCcz9AD2X1/f800/7659cae3.webp?s=7ff9f29420f005c71aff3d5780574d066e82754d
2026-10-04T11:01:07,10237268169,Asics Gel Cumulus 16 Dried Leaf Green (UK5.5),Asics,113.96,USD,2,38.5,https://www.vinted.es/items/10237268169-asics-gel-cumulus-16-dried-leaf-green-uk55,https://images1.vinted.net/t/06_002f4_PVVnYon2tsAXtJtCcz9AD2X1/f800/7659cae3.webp?s=7ff9f29420f005c71aff3d5780574d066e82754d
2026-10-04T11:10:39,10237268169,Asics Gel Cumulus 16 Dried Leaf Green (UK5.5),Asics,113.96,USD,2,38.5,https://www.vinted.es/items/10237268169-asics-gel-cumulus-16-dried-leaf-green-uk55,https://images1.vinted.net/t/06_002f4_PVVnYon2tsAXtJtCcz9AD2X1/f800/7659cae3.webp?s=7ff9f29420f005c71aff3d5780574d066e82754d
2026-10-04T11:20:41,10237268169,Asics Gel Cumulus 16 Dried Leaf Green (UK5.5),Asics,113.96,USD,2,38.5,https://www.vinted.es/items/10237268169-asics-gel-cumulus-16-dried-leaf-green-uk55,https://images1.vinted.net/t/06_002f4_PVVnYon2tsAXtJtCcz9AD2X1/f800/7659cae3.webp?s=7ff9f29420f005c71aff3d5780574d066e82754d
2026-10-04T11:30:54,10237268169,Asics Gel Cumulus 16 Dried Leaf Green (UK5.5),Asics,113.96,USD,2,38.5,https://www.vinted.es/items/10237268169-asics-gel-cumulus-16-dried-leaf-green-uk55,https://images1.vinted.net/t/06_002f4_PVVnYon2tsAXtJtCcz9AD2X1/f800/7659cae3.webp?s=7ff9f29420f005c71aff3d5780574d066e82754d
2026-10-04T11:40:39,10237268169,Asics Gel Cumulus 16 Dried Leaf Green (UK5.5),Asics,113.96,USD,2,38.5,https://www.vinted.es/items/10237268169-asics-gel-cumulus-16-dried-leaf-green-uk55,https://images1.vinted.net/t/06_002f4_PVVnYon2tsAXtJtCcz9AD2X1/f800/7659cae3.webp?s=7ff9f29420f005c71aff3d5780574d066e82754d
2026-10-04T12:01:06,10239036627,Onitsuka Tiger Mexico 66 Cream & Brown - UK 6.5,Onitsuka Tiger,77.76,USD,4,39.5,https://www.vinted.es/items/10239036627-onitsuka-tiger-mexico-66-cream-brown-uk-65,https://images1.vinted.net/t/06_01eef_wNQ2ks9upPbWNLoS7MeQvH9S/f800/8de53f96.webp?s=20e276ecec4a4910b8ac4870ee305bd541905c59
2026-10-04T12:10:49,10239036627,Onitsuka Tiger Mexico 66 Cream & Brown - UK 6.5,Onitsuka Tiger,77.76,USD,6,39.5,https://www.vinted.es/items/10239036627-onitsuka-tiger-mexico-66-cream-brown-uk-65,https://images1.vinted.net/t/06_01eef_wNQ2ks9upPbWNLoS7MeQvH9S/f800/8de53f96.webp?s=20e276ecec4a4910b8ac4870ee305bd541905c59
2026-10-04T12:20:43,10239036627,Onitsuka Tiger Mexico 66 Cream & Brown - UK 6.5,Onitsuka Tiger,77.76,USD,7,39.5,https://www.vinted.es/items/10239036627-onitsuka-tiger-mexico-66-cream-brown-uk-65,https://images1.vinted.net/t/06_01eef_wNQ2ks9upPbWNLoS7MeQvH9S/f800/8de53f96.webp?s=20e276ecec4a4910b8ac4870ee305bd541905c59
2026-10-04T12:30:58,10239036627,Onitsuka Tiger Mexico 66 Cream & Brown - UK 6.5,Onitsuka Tiger,77.76,USD,10,39.5,https://www.vinted.es/items/10239036627-onitsuka-tiger-mexico-66-cream-brown-uk-65,https://images1.vinted.net/t/06_01eef_wNQ2ks9upPbWNLoS7MeQvH9S/f800/8de53f96.webp?s=20e276ecec4a4910b8ac4870ee305bd541905c59
2026-10-04T12:34:20,10239036627,Onitsuka Tiger Mexico 66 Cream & Brown - UK 6.5,Onitsuka Tiger,77.76,USD,10,39.5,https://www.vinted.es/items/10239036627-onitsuka-tiger-mexico-66-cream-brown-uk-65,https://images1.vinted.net/t/06_01eef_wNQ2ks9upPbWNLoS7MeQvH9S/f800/8de53f96.webp?s=20e276ecec4a4910b8ac4870ee305bd541905c59
2026-10-04T12:40:40,10239036627,Onitsuka Tiger Mexico 66 Cream & Brown - UK 6.5,Onitsuka Tiger,77.76,USD,12,39.5,https://www.vinted.es/items/10239036627-onitsuka-tiger-mexico-66-cream-brown-uk-65,https://images1.vinted.net/t/06_01eef_wNQ2ks9upPbWNLoS7MeQvH9S/f800/8de53f96.webp?s=20e276ecec4a4910b8ac4870ee305bd541905c59
2026-10-04T12:50:41,10239036627,Onitsuka Tiger Mexico 66 Cream & Brown - UK 6.5,Onitsuka Tiger,77.76,USD,12,39.5,https://www.vinted.es/items/10239036627-onitsuka-tiger-mexico-66-cream-brown-uk-65,https://images1.vinted.net/t/06_01eef_wNQ2ks9upPbWNLoS7MeQvH9S/f800/8de53f96.webp?s=20e276ecec4a4910b8ac4870ee305bd541905c59
2026-10-04T13:01:40,10240464361,adidas Originals - brown and white - size 6,adidas,80.44,USD,3,39,https://www.vinted.es/items/10240464361-adidas-originals-brown-and-white-size-6,https://images1.vinted.net/t/02_008b5_kjXtUVPk5P2c7U68wf3tgrY7/f800/a6bd97eb.webp?s=57b28b220a63d68f528777272ec85191a9b96d45
2026-10-04T13:01:40,10240417489,Adidas Spezial Brown,adidas,100.56,USD,2,39,https://www.vinted.es/items/10240417489-adidas-spezial-brown,https://images1.vinted.net/t/06_00c73_U7H3wMrDLKtgTyfw3JCNrFyY/f800/b845d558.webp?s=9a38719aab1a2b842fb822d2741db7124b9009c6
2026-10-04T13:01:40,10239036627,Onitsuka Tiger Mexico 66 Cream & Brown - UK 6.5,Onitsuka Tiger,77.76,USD,14,39.5,https://www.vinted.es/items/10239036627-onitsuka-tiger-mexico-66-cream-brown-uk-65,https://images1.vinted.net/t/06_01eef_wNQ2ks9upPbWNLoS7MeQvH9S/f800/8de53f96.webp?s=20e276ecec4a4910b8ac4870ee305bd541905c59
2026-10-04T13:10:48,10240464361,adidas Originals - brown and white - size 6,adidas,80.44,USD,13,39,https://www.vinted.es/items/10240464361-adidas-originals-brown-and-white-size-6,https://images1.vinted.net/t/02_008b5_kjXtUVPk5P2c7U68wf3tgrY7/f800/a6bd97eb.webp?s=57b28b220a63d68f528777272ec85191a9b96d45
2026-10-04T13:10:48,10240417489,Adidas Spezial Brown,adidas,100.56,USD,3,39,https://www.vinted.es/items/10240417489-adidas-spezial-brown,https://images1.vinted.net/t/06_00c73_U7H3wMrDLKtgTyfw3JCNrFyY/f800/b845d558.webp?s=9a38719aab1a2b842fb822d2741db7124b9009c6
2026-10-04T13:10:48,10239036627,Onitsuka Tiger Mexico 66 Cream & Brown - UK 6.5,Onitsuka Tiger,77.76,USD,15,39.5,https://www.vinted.es/items/10239036627-onitsuka-tiger-mexico-66-cream-brown-uk-65,https://images1.vinted.net/t/06_01eef_wNQ2ks9upPbWNLoS7MeQvH9S/f800/8de53f96.webp?s=20e276ecec4a4910b8ac4870ee305bd541905c59
2026-10-04T13:20:40,10240464361,adidas Originals - brown and white - size 6,adidas,80.44,USD,14,39,https://www.vinted.es/items/10240464361-adidas-originals-brown-and-white-size-6,https://images1.vinted.net/t/02_008b5_kjXtUVPk5P2c7U68wf3tgrY7/f800/a6bd97eb.webp?s=57b28b220a63d68f528777272ec85191a9b96d45
2026-10-04T13:20:40,10240417489,Adidas Spezial Brown,adidas,100.56,USD,3,39,https://www.vinted.es/items/10240417489-adidas-spezial-brown,https://images1.vinted.net/t/06_00c73_U7H3wMrDLKtgTyfw3JCNrFyY/f800/b845d558.webp?s=9a38719aab1a2b842fb822d2741db7124b9009c6
2026-10-04T13:20:40,10239036627,Onitsuka Tiger Mexico 66 Cream & Brown - UK 6.5,Onitsuka Tiger,77.76,USD,15,39.5,https://www.vinted.es/items/10239036627-onitsuka-tiger-mexico-66-cream-brown-uk-65,https://images1.vinted.net/t/06_01eef_wNQ2ks9upPbWNLoS7MeQvH9S/f800/8de53f96.webp?s=20e276ecec4a4910b8ac4870ee305bd541905c59
2026-10-04T13:30:52,10240464361,adidas Originals - brown and white - size 6,adidas,80.44,USD,16,39,https://www.vinted.es/items/10240464361-adidas-originals-brown-and-white-size-6,https://images1.vinted.net/t/02_008b5_kjXtUVPk5P2c7U68wf3tgrY7/f800/a6bd97eb.webp?s=57b28b220a63d68f528777272ec85191a9b96d45
2026-10-04T13:30:52,10240417489,Adidas Spezial Brown,adidas,100.56,USD,5,39,https://www.vinted.es/items/10240417489-adidas-spezial-brown,https://images1.vinted.net/t/06_00c73_U7H3wMrDLKtgTyfw3JCNrFyY/f800/b845d558.webp?s=9a38719aab1a2b842fb822d2741db7124b9009c6
2026-10-04T13:40:40,10241170762,"ASICS Gel Cumulus 16 Port Royal burgundy, maroon, red, pink trainers - UK size 7",Asics,87.15,USD,4,40,https://www.vinted.es/items/10241170762-asics-gel-cumulus-16-port-royal-burgundy-maroon-red-pink-trainers-uk-size-7,https://images1.vinted.net/t/05_007ea_WdqjeVxtRCoQVdV5Bvw39BJ5/f800/1661d021.webp?s=4ce874ba27868af1b220453bf1290a96672bbc1f
2026-10-04T13:40:40,10240464361,adidas Originals - brown and white - size 6,adidas,80.44,USD,18,39,https://www.vinted.es/items/10240464361-adidas-originals-brown-and-white-size-6,https://images1.vinted.net/t/02_008b5_kjXtUVPk5P2c7U68wf3tgrY7/f800/a6bd97eb.webp?s=57b28b220a63d68f528777272ec85191a9b96d45
2026-10-04T13:40:40,10240417489,Adidas Spezial Brown,adidas,100.56,USD,7,39,https://www.vinted.es/items/10240417489-adidas-spezial-brown,https://images1.vinted.net/t/06_00c73_U7H3wMrDLKtgTyfw3JCNrFyY/f800/b845d558.webp?s=9a38719aab1a2b842fb822d2741db7124b9009c6
2026-10-04T13:50:42,10241170762,"ASICS Gel Cumulus 16 Port Royal burgundy, maroon, red, pink trainers - UK size 7",Asics,87.15,USD,6,40,https://www.vinted.es/items/10241170762-asics-gel-cumulus-16-port-royal-burgundy-maroon-red-pink-trainers-uk-size-7,https://images1.vinted.net/t/05_007ea_WdqjeVxtRCoQVdV5Bvw39BJ5/f800/1661d021.webp?s=4ce874ba27868af1b220453bf1290a96672bbc1f
2026-10-04T13:50:42,10240464361,adidas Originals - brown and white - size 6,adidas,80.44,USD,22,39,https://www.vinted.es/items/10240464361-adidas-originals-brown-and-white-size-6,https://images1.vinted.net/t/02_008b5_kjXtUVPk5P2c7U68wf3tgrY7/f800/a6bd97eb.webp?s=57b28b220a63d68f528777272ec85191a9b96d45
2026-10-04T13:50:42,10240417489,Adidas Spezial Brown,adidas,100.56,USD,8,39,https://www.vinted.es/items/10240417489-adidas-spezial-brown,https://images1.vinted.net/t/06_00c73_U7H3wMrDLKtgTyfw3JCNrFyY/f800/b845d558.webp?s=9a38719aab1a2b842fb822d2741db7124b9009c6
2026-10-04T14:01:11,10241170762,"ASICS Gel Cumulus 16 Port Royal burgundy, maroon, red, pink trainers - UK size 7",Asics,87.15,USD,11,40,https://www.vinted.es/items/10241170762-asics-gel-cumulus-16-port-royal-burgundy-maroon-red-pink-trainers-uk-size-7,https://images1.vinted.net/t/05_007ea_WdqjeVxtRCoQVdV5Bvw39BJ5/f800/1661d021.webp?s=4ce874ba27868af1b220453bf1290a96672bbc1f
2026-10-04T14:01:11,10240464361,adidas Originals - brown and white - size 6,adidas,80.44,USD,25,39,https://www.vinted.es/items/10240464361-adidas-originals-brown-and-white-size-6,https://images1.vinted.net/t/02_008b5_kjXtUVPk5P2c7U68wf3tgrY7/f800/a6bd97eb.webp?s=57b28b220a63d68f528777272ec85191a9b96d45
2026-10-04T14:01:11,10240417489,Adidas Spezial Brown,adidas,100.56,USD,10,39,https://www.vinted.es/items/10240417489-adidas-spezial-brown,https://images1.vinted.net/t/06_00c73_U7H3wMrDLKtgTyfw3JCNrFyY/f800/b845d558.webp?s=9a38719aab1a2b842fb822d2741db7124b9009c6
2026-10-04T14:10:38,10241170762,"ASICS Gel Cumulus 16 Port Royal burgundy, maroon, red, pink trainers - UK size 7",Asics,87.15,USD,15,40,https://www.vinted.es/items/10241170762-asics-gel-cumulus-16-port-royal-burgundy-maroon-red-pink-trainers-uk-size-7,https://images1.vinted.net/t/05_007ea_WdqjeVxtRCoQVdV5Bvw39BJ5/f800/1661d021.webp?s=4ce874ba27868af1b220453bf1290a96672bbc1f
2026-10-04T14:10:38,10240464361,adidas Originals - brown and white - size 6,adidas,80.44,USD,29,39,https://www.vinted.es/items/10240464361-adidas-originals-brown-and-white-size-6,https://images1.vinted.net/t/02_008b5_kjXtUVPk5P2c7U68wf3tgrY7/f800/a6bd97eb.webp?s=57b28b220a63d68f528777272ec85191a9b96d45
2026-10-04T14:10:38,10240417489,Adidas Spezial Brown,adidas,100.56,USD,12,39,https://www.vinted.es/items/10240417489-adidas-spezial-brown,https://images1.vinted.net/t/06_00c73_U7H3wMrDLKtgTyfw3JCNrFyY/f800/b845d558.webp?s=9a38719aab1a2b842fb822d2741db7124b9009c6
2026-10-04T14:20:39,10241170762,"ASICS Gel Cumulus 16 Port Royal burgundy, maroon, red, pink trainers - UK size 7",Asics,87.15,USD,22,40,https://www.vinted.es/items/10241170762-asics-gel-cumulus-16-port-royal-burgundy-maroon-red-pink-trainers-uk-size-7,https://images1.vinted.net/t/05_007ea_WdqjeVxtRCoQVdV5Bvw39BJ5/f800/1661d021.webp?s=4ce874ba27868af1b220453bf1290a96672bbc1f
2026-10-04T14:20:39,10240464361,adidas Originals - brown and white - size 6,adidas,80.44,USD,34,39,https://www.vinted.es/items/10240464361-adidas-originals-brown-and-white-size-6,https://images1.vinted.net/t/02_008b5_kjXtUVPk5P2c7U68wf3tgrY7/f800/a6bd97eb.webp?s=57b28b220a63d68f528777272ec85191a9b96d45
2026-10-04T14:30:53,10241170762,"ASICS Gel Cumulus 16 Port Royal burgundy, maroon, red, pink trainers - UK size 7",Asics,87.15,USD,26,40,https://www.vinted.es/items/10241170762-asics-gel-cumulus-16-port-royal-burgundy-maroon-red-pink-trainers-uk-size-7,https://images1.vinted.net/t/05_007ea_WdqjeVxtRCoQVdV5Bvw39BJ5/f800/1661d021.webp?s=4ce874ba27868af1b220453bf1290a96672bbc1f
2026-10-04T14:30:53,10240464361,adidas Originals - brown and white - size 6,adidas,80.44,USD,37,39,https://www.vinted.es/items/10240464361-adidas-originals-brown-and-white-size-6,https://images1.vinted.net/t/02_008b5_kjXtUVPk5P2c7U68wf3tgrY7/f800/a6bd97eb.webp?s=57b28b220a63d68f528777272ec85191a9b96d45
2026-10-04T14:40:39,10241170762,"ASICS Gel Cumulus 16 Port Royal burgundy, maroon, red, pink trainers - UK size 7",Asics,87.15,USD,32,40,https://www.vinted.es/items/10241170762-asics-gel-cumulus-16-port-royal-burgundy-maroon-red-pink-trainers-uk-size-7,https://images1.vinted.net/t/05_007ea_WdqjeVxtRCoQVdV5Bvw39BJ5/f800/1661d021.webp?s=4ce874ba27868af1b220453bf1290a96672bbc1f
2026-10-04T14:50:40,10241170762,"ASICS Gel Cumulus 16 Port Royal burgundy, maroon, red, pink trainers - UK size 7",Asics,87.15,USD,36,40,https://www.vinted.es/items/10241170762-asics-gel-cumulus-16-port-royal-burgundy-maroon-red-pink-trainers-uk-size-7,https://images1.vinted.net/t/05_007ea_WdqjeVxtRCoQVdV5Bvw39BJ5/f800/1661d021.webp?s=4ce874ba27868af1b220453bf1290a96672bbc1f
2026-10-04T15:01:09,10241170762,"ASICS Gel Cumulus 16 Port Royal burgundy, maroon, red, pink trainers - UK size 7",Asics,87.15,USD,43,40,https://www.vinted.es/items/10241170762-asics-gel-cumulus-16-port-royal-burgundy-maroon-red-pink-trainers-uk-size-7,https://images1.vinted.net/t/05_007ea_WdqjeVxtRCoQVdV5Bvw39BJ5/f800/1661d021.webp?s=4ce874ba27868af1b220453bf1290a96672bbc1f
2026-10-04T15:10:40,10241170762,"ASICS Gel Cumulus 16 Port Royal burgundy, maroon, red, pink trainers - UK size 7",Asics,87.15,USD,50,40,https://www.vinted.es/items/10241170762-asics-gel-cumulus-16-port-royal-burgundy-maroon-red-pink-trainers-uk-size-7,https://images1.vinted.net/t/05_007ea_WdqjeVxtRCoQVdV5Bvw39BJ5/f800/1661d021.webp?s=4ce874ba27868af1b220453bf1290a96672bbc1f
2026-10-04T15:20:38,10241170762,"ASICS Gel Cumulus 16 Port Royal burgundy, maroon, red, pink trainers - UK size 7",Asics,87.15,USD,54,40,https://www.vinted.es/items/10241170762-asics-gel-cumulus-16-port-royal-burgundy-maroon-red-pink-trainers-uk-size-7,https://images1.vinted.net/t/05_007ea_WdqjeVxtRCoQVdV5Bvw39BJ5/f800/1661d021.webp?s=4ce874ba27868af1b220453bf1290a96672bbc1f
2026-10-04T15:30:50,10241170762,"ASICS Gel Cumulus 16 Port Royal burgundy, maroon, red, pink trainers - UK size 7",Asics,87.15,USD,54,40,https://www.vinted.es/items/10241170762-asics-gel-cumulus-16-port-royal-burgundy-maroon-red-pink-trainers-uk-size-7,https://images1.vinted.net/t/05_007ea_WdqjeVxtRCoQVdV5Bvw39BJ5/f800/1661d021.webp?s=4ce874ba27868af1b220453bf1290a96672bbc1f
2026-10-04T15:40:37,10241170762,"ASICS Gel Cumulus 16 Port Royal burgundy, maroon, red, pink trainers - UK size 7",Asics,87.15,USD,61,40,https://www.vinted.es/items/10241170762-asics-gel-cumulus-16-port-royal-burgundy-maroon-red-pink-trainers-uk-size-7,https://images1.vinted.net/t/05_007ea_WdqjeVxtRCoQVdV5Bvw39BJ5/f800/1661d021.webp?s=4ce874ba27868af1b220453bf1290a96672bbc1f
2026-10-04T16:20:42,10244475048,UGG Lowmel Trainers in Sand Size UK 6,UGG,80.44,USD,7,39,https://www.vinted.es/items/10244475048-ugg-lowmel-trainers-in-sand-size-uk-6,https://images1.vinted.net/t/02_02560_THqSzC7gs9L68peNN2t8PucR/f800/8adc876b.webp?s=0e85be89005eae08c3ce55b1c708b66040ff8ebc
2026-10-04T16:30:53,10244475048,UGG Lowmel Trainers in Sand Size UK 6,UGG,80.44,USD,12,39,https://www.vinted.es/items/10244475048-ugg-lowmel-trainers-in-sand-size-uk-6,https://images1.vinted.net/t/02_02560_THqSzC7gs9L68peNN2t8PucR/f800/8adc876b.webp?s=0e85be89005eae08c3ce55b1c708b66040ff8ebc
2026-10-04T16:40:40,10244475048,UGG Lowmel Trainers in Sand Size UK 6,UGG,80.44,USD,16,39,https://www.vinted.es/items/10244475048-ugg-lowmel-trainers-in-sand-size-uk-6,https://images1.vinted.net/t/02_02560_THqSzC7gs9L68peNN2t8PucR/f800/8adc876b.webp?s=0e85be89005eae08c3ce55b1c708b66040ff8ebc
2026-10-04T16:40:40,10241170762,"ASICS Gel Cumulus 16 Port Royal burgundy, maroon, red, pink trainers - UK size 7",Asics,87.15,USD,103,40,https://www.vinted.es/items/10241170762-asics-gel-cumulus-16-port-royal-burgundy-maroon-red-pink-trainers-uk-size-7,https://images1.vinted.net/t/05_007ea_WdqjeVxtRCoQVdV5Bvw39BJ5/f800/1661d021.webp?s=4ce874ba27868af1b220453bf1290a96672bbc1f
2026-10-04T16:50:40,10244475048,UGG Lowmel Trainers in Sand Size UK 6,UGG,80.44,USD,20,39,https://www.vinted.es/items/10244475048-ugg-lowmel-trainers-in-sand-size-uk-6,https://images1.vinted.net/t/02_02560_THqSzC7gs9L68peNN2t8PucR/f800/8adc876b.webp?s=0e85be89005eae08c3ce55b1c708b66040ff8ebc
2026-10-04T17:00:57,10244475048,UGG Lowmel Trainers in Sand Size UK 6,UGG,93.85,USD,24,39,https://www.vinted.es/items/10244475048-ugg-lowmel-trainers-in-sand-size-uk-6,https://images1.vinted.net/t/06_0118d_jXHNWwXSWhZU8BVy3Z1PZCgs/f800/813c0f15.webp?s=7b78e910f24b6ff1a6540a024ab895d69b7a73e6
2026-10-04T17:10:40,10244475048,UGG Lowmel Trainers in Sand Size UK 6,UGG,93.85,USD,24,39,https://www.vinted.es/items/10244475048-ugg-lowmel-trainers-in-sand-size-uk-6,https://images1.vinted.net/t/06_0118d_jXHNWwXSWhZU8BVy3Z1PZCgs/f800/813c0f15.webp?s=7b78e910f24b6ff1a6540a024ab895d69b7a73e6
2026-10-04T17:20:45,10244475048,UGG Lowmel Trainers in Sand Size UK 6,UGG,93.85,USD,25,39,https://www.vinted.es/items/10244475048-ugg-lowmel-trainers-in-sand-size-uk-6,https://images1.vinted.net/t/06_0118d_jXHNWwXSWhZU8BVy3Z1PZCgs/f800/813c0f15.webp?s=7b78e910f24b6ff1a6540a024ab895d69b7a73e6
2026-10-04T18:01:03,10244475048,UGG Lowmel Trainers in Sand Size UK 6,UGG,93.85,USD,30,39,https://www.vinted.es/items/10244475048-ugg-lowmel-trainers-in-sand-size-uk-6,https://images1.vinted.net/t/06_0118d_jXHNWwXSWhZU8BVy3Z1PZCgs/f800/813c0f15.webp?s=7b78e910f24b6ff1a6540a024ab895d69b7a73e6
2026-10-04T18:10:45,10244475048,UGG Lowmel Trainers in Sand Size UK 6,UGG,93.85,USD,31,39,https://www.vinted.es/items/10244475048-ugg-lowmel-trainers-in-sand-size-uk-6,https://images1.vinted.net/t/06_0118d_jXHNWwXSWhZU8BVy3Z1PZCgs/f800/813c0f15.webp?s=7b78e910f24b6ff1a6540a024ab895d69b7a73e6
2026-10-04T18:20:39,10244475048,UGG Lowmel Trainers in Sand Size UK 6,UGG,93.85,USD,31,39,https://www.vinted.es/items/10244475048-ugg-lowmel-trainers-in-sand-size-uk-6,https://images1.vinted.net/t/06_0118d_jXHNWwXSWhZU8BVy3Z1PZCgs/f800/813c0f15.webp?s=7b78e910f24b6ff1a6540a024ab895d69b7a73e6
2026-10-04T18:30:56,10244475048,UGG Lowmel Trainers in Sand Size UK 6,UGG,93.85,USD,31,39,https://www.vinted.es/items/10244475048-ugg-lowmel-trainers-in-sand-size-uk-6,https://images1.vinted.net/t/06_0118d_jXHNWwXSWhZU8BVy3Z1PZCgs/f800/813c0f15.webp?s=7b78e910f24b6ff1a6540a024ab895d69b7a73e6
2026-10-04T18:40:42,10244475048,UGG Lowmel Trainers in Sand Size UK 6,UGG,93.85,USD,31,39,https://www.vinted.es/items/10244475048-ugg-lowmel-trainers-in-sand-size-uk-6,https://images1.vinted.net/t/06_0118d_jXHNWwXSWhZU8BVy3Z1PZCgs/f800/813c0f15.webp?s=7b78e910f24b6ff1a6540a024ab895d69b7a73e6
2026-10-04T19:40:45,10248012791,ASICS gel cumulus 16 size 7,Asics,92.51,USD,0,40,https://www.vinted.es/items/10248012791-asics-gel-cumulus-16-size-7,https://images1.vinted.net/t/06_01f58_QS6QCxcW48LHVYdTNA5BMK8y/f800/1e19948a.webp?s=f8d078c3711764fd38377eecf117e4277cccd53e
2026-10-04T19:50:42,10248077197,Adidas Spezial in Brown with Cow Print,adidas,87.15,USD,6,39,https://www.vinted.es/items/10248077197-adidas-spezial-in-brown-with-cow-print,https://images1.vinted.net/t/01_01f70_7aG92orNSXWJtHBLmTroxP74/f800/c1c051f1.webp?s=44116ec9f50f655c5447eed8b1924302eaaa4641
2026-10-04T19:50:42,10248012791,ASICS gel cumulus 16 size 7,Asics,92.51,USD,14,40,https://www.vinted.es/items/10248012791-asics-gel-cumulus-16-size-7,https://images1.vinted.net/t/06_01f58_QS6QCxcW48LHVYdTNA5BMK8y/f800/1e19948a.webp?s=f8d078c3711764fd38377eecf117e4277cccd53e
2026-10-04T20:01:02,10248077197,Adidas Spezial in Brown with Cow Print,adidas,87.15,USD,11,39,https://www.vinted.es/items/10248077197-adidas-spezial-in-brown-with-cow-print,https://images1.vinted.net/t/01_01f70_7aG92orNSXWJtHBLmTroxP74/f800/c1c051f1.webp?s=44116ec9f50f655c5447eed8b1924302eaaa4641
2026-10-04T20:01:02,10248012791,ASICS gel cumulus 16 size 7,Asics,92.51,USD,22,40,https://www.vinted.es/items/10248012791-asics-gel-cumulus-16-size-7,https://images1.vinted.net/t/06_01f58_QS6QCxcW48LHVYdTNA5BMK8y/f800/1e19948a.webp?s=f8d078c3711764fd38377eecf117e4277cccd53e
2026-10-04T20:08:20,10248077197,Adidas Spezial in Brown with Cow Print,adidas,87.15,USD,12,39,https://www.vinted.es/items/10248077197-adidas-spezial-in-brown-with-cow-print,https://images1.vinted.net/t/01_01f70_7aG92orNSXWJtHBLmTroxP74/f800/c1c051f1.webp?s=44116ec9f50f655c5447eed8b1924302eaaa4641
2026-10-04T20:08:20,10248012791,ASICS gel cumulus 16 size 7,Asics,92.51,USD,28,40,https://www.vinted.es/items/10248012791-asics-gel-cumulus-16-size-7,https://images1.vinted.net/t/06_01f58_QS6QCxcW48LHVYdTNA5BMK8y/f800/1e19948a.webp?s=f8d078c3711764fd38377eecf117e4277cccd53e
2026-10-04T20:10:43,10248077197,Adidas Spezial in Brown with Cow Print,adidas,87.15,USD,12,39,https://www.vinted.es/items/10248077197-adidas-spezial-in-brown-with-cow-print,https://images1.vinted.net/t/01_01f70_7aG92orNSXWJtHBLmTroxP74/f800/c1c051f1.webp?s=44116ec9f50f655c5447eed8b1924302eaaa4641
2026-10-04T20:10:43,10248012791,ASICS gel cumulus 16 size 7,Asics,92.51,USD,28,40,https://www.vinted.es/items/10248012791-asics-gel-cumulus-16-size-7,https://images1.vinted.net/t/06_01f58_QS6QCxcW48LHVYdTNA5BMK8y/f800/1e19948a.webp?s=f8d078c3711764fd38377eecf117e4277cccd53e
2026-10-04T20:20:43,10248077197,Adidas Spezial in Brown with Cow Print,adidas,87.15,USD,16,39,https://www.vinted.es/items/10248077197-adidas-spezial-in-brown-with-cow-print,https://images1.vinted.net/t/01_01f70_7aG92orNSXWJtHBLmTroxP74/f800/c1c051f1.webp?s=44116ec9f50f655c5447eed8b1924302eaaa4641
2026-10-04T20:20:43,10248012791,ASICS gel cumulus 16 size 7,Asics,92.51,USD,32,40,https://www.vinted.es/items/10248012791-asics-gel-cumulus-16-size-7,https://images1.vinted.net/t/06_01f58_QS6QCxcW48LHVYdTNA5BMK8y/f800/1e19948a.webp?s=f8d078c3711764fd38377eecf117e4277cccd53e
2026-10-04T20:30:51,10248077197,Adidas Spezial in Brown with Cow Print,adidas,87.15,USD,17,39,https://www.vinted.es/items/10248077197-adidas-spezial-in-brown-with-cow-print,https://images1.vinted.net/t/01_01f70_7aG92orNSXWJtHBLmTroxP74/f800/c1c051f1.webp?s=44116ec9f50f655c5447eed8b1924302eaaa4641
2026-10-04T20:30:51,10248012791,ASICS gel cumulus 16 size 7,Asics,92.51,USD,36,40,https://www.vinted.es/items/10248012791-asics-gel-cumulus-16-size-7,https://images1.vinted.net/t/06_01f58_QS6QCxcW48LHVYdTNA5BMK8y/f800/1e19948a.webp?s=f8d078c3711764fd38377eecf117e4277cccd53e
2026-10-04T20:40:49,10248077197,Adidas Spezial in Brown with Cow Print,adidas,87.15,USD,20,39,https://www.vinted.es/items/10248077197-adidas-spezial-in-brown-with-cow-print,https://images1.vinted.net/t/01_01f70_7aG92orNSXWJtHBLmTroxP74/f800/c1c051f1.webp?s=44116ec9f50f655c5447eed8b1924302eaaa4641
2026-10-04T20:40:49,10248012791,ASICS gel cumulus 16 size 7,Asics,92.51,USD,43,40,https://www.vinted.es/items/10248012791-asics-gel-cumulus-16-size-7,https://images1.vinted.net/t/06_01f58_QS6QCxcW48LHVYdTNA5BMK8y/f800/1e19948a.webp?s=f8d078c3711764fd38377eecf117e4277cccd53e
2026-10-04T20:50:48,10248865091,Onitsuka Tiger Mexico 66 black sneakers,Onitsuka Tiger,85.00,USD,1,39.5,https://www.vinted.es/items/10248865091-onitsuka-tiger-mexico-66-black-sneakers,https://images1.vinted.net/t/04_01596_Ygv5SNBudTNurwd7Jdu3Hpkr/f800/88a91b28.webp?s=8a0e62088a446f61620a79737323c679938323e3
2026-10-04T21:01:06,10248865091,Onitsuka Tiger Mexico 66 black sneakers,Onitsuka Tiger,85.00,USD,4,39.5,https://www.vinted.es/items/10248865091-onitsuka-tiger-mexico-66-black-sneakers,https://images1.vinted.net/t/05_02024_NDrHgXirPgVHdQwb51nKS5AJ/f800/a86b1018.webp?s=76523f7ca8a7ac9fef0ffff8ebfe30bc47a2b47f
2026-10-04T21:01:06,10248012791,ASICS gel cumulus 16 size 7,Asics,92.51,USD,56,40,https://www.vinted.es/items/10248012791-asics-gel-cumulus-16-size-7,https://images1.vinted.net/t/06_01f58_QS6QCxcW48LHVYdTNA5BMK8y/f800/1e19948a.webp?s=f8d078c3711764fd38377eecf117e4277cccd53e
2026-10-04T21:01:06,10248012791,ASICS gel cumulus 16 size 7,Asics,92.51,USD,56,40,https://www.vinted.es/items/10248012791-asics-gel-cumulus-16-size-7,https://images1.vinted.net/t/06_01f58_QS6QCxcW48LHVYdTNA5BMK8y/f800/1e19948a.webp?s=f8d078c3711764fd38377eecf117e4277cccd53e
2026-10-04T21:10:40,10248865091,Onitsuka Tiger Mexico 66 black sneakers,Onitsuka Tiger,85.00,USD,5,39.5,https://www.vinted.es/items/10248865091-onitsuka-tiger-mexico-66-black-sneakers,https://images1.vinted.net/t/05_02024_NDrHgXirPgVHdQwb51nKS5AJ/f800/a86b1018.webp?s=76523f7ca8a7ac9fef0ffff8ebfe30bc47a2b47f
2026-10-04T21:10:40,10248012791,ASICS gel cumulus 16 size 7,Asics,92.51,USD,61,40,https://www.vinted.es/items/10248012791-asics-gel-cumulus-16-size-7,https://images1.vinted.net/t/06_01f58_QS6QCxcW48LHVYdTNA5BMK8y/f800/1e19948a.webp?s=f8d078c3711764fd38377eecf117e4277cccd53e
2026-10-04T21:20:41,10248865091,Onitsuka Tiger Mexico 66 black sneakers,Onitsuka Tiger,85.00,USD,7,39.5,https://www.vinted.es/items/10248865091-onitsuka-tiger-mexico-66-black-sneakers,https://images1.vinted.net/t/05_02024_NDrHgXirPgVHdQwb51nKS5AJ/f800/a86b1018.webp?s=76523f7ca8a7ac9fef0ffff8ebfe30bc47a2b47f
2026-10-04T21:20:41,10248012791,ASICS gel cumulus 16 size 7,Asics,92.51,USD,64,40,https://www.vinted.es/items/10248012791-asics-gel-cumulus-16-size-7,https://images1.vinted.net/t/06_01f58_QS6QCxcW48LHVYdTNA5BMK8y/f800/1e19948a.webp?s=f8d078c3711764fd38377eecf117e4277cccd53e
2026-10-04T21:30:52,10248865091,Onitsuka Tiger Mexico 66 black sneakers,Onitsuka Tiger,85.00,USD,7,39.5,https://www.vinted.es/items/10248865091-onitsuka-tiger-mexico-66-black-sneakers,https://images1.vinted.net/t/05_02024_NDrHgXirPgVHdQwb51nKS5AJ/f800/a86b1018.webp?s=76523f7ca8a7ac9fef0ffff8ebfe30bc47a2b47f
2026-10-04T21:30:52,10248012791,ASICS gel cumulus 16 size 7,Asics,92.51,USD,68,40,https://www.vinted.es/items/10248012791-asics-gel-cumulus-16-size-7,https://images1.vinted.net/t/06_01f58_QS6QCxcW48LHVYdTNA5BMK8y/f800/1e19948a.webp?s=f8d078c3711764fd38377eecf117e4277cccd53e
2026-10-04T21:30:52,10248012791,ASICS gel cumulus 16 size 7,Asics,92.51,USD,68,40,https://www.vinted.es/items/10248012791-asics-gel-cumulus-16-size-7,https://images1.vinted.net/t/06_01f58_QS6QCxcW48LHVYdTNA5BMK8y/f800/1e19948a.webp?s=f8d078c3711764fd38377eecf117e4277cccd53e
2026-10-04T21:40:40,10248865091,Onitsuka Tiger Mexico 66 black sneakers,Onitsuka Tiger,85.00,USD,7,39.5,https://www.vinted.es/items/10248865091-onitsuka-tiger-mexico-66-black-sneakers,https://images1.vinted.net/t/05_02024_NDrHgXirPgVHdQwb51nKS5AJ/f800/a86b1018.webp?s=76523f7ca8a7ac9fef0ffff8ebfe30bc47a2b47f
2026-10-04T21:40:40,10248012791,ASICS gel cumulus 16 size 7,Asics,92.51,USD,72,40,https://www.vinted.es/items/10248012791-asics-gel-cumulus-16-size-7,https://images1.vinted.net/t/06_01f58_QS6QCxcW48LHVYdTNA5BMK8y/f800/1e19948a.webp?s=f8d078c3711764fd38377eecf117e4277cccd53e
2026-10-04T21:50:39,10248865091,Onitsuka Tiger Mexico 66 black sneakers,Onitsuka Tiger,85.00,USD,7,39.5,https://www.vinted.es/items/10248865091-onitsuka-tiger-mexico-66-black-sneakers,https://images1.vinted.net/t/05_02024_NDrHgXirPgVHdQwb51nKS5AJ/f800/a86b1018.webp?s=76523f7ca8a7ac9fef0ffff8ebfe30bc47a2b47f
2026-10-04T22:01:06,10248865091,Onitsuka Tiger Mexico 66 black sneakers,Onitsuka Tiger,85.00,USD,8,39.5,https://www.vinted.es/items/10248865091-onitsuka-tiger-mexico-66-black-sneakers,https://images1.vinted.net/t/05_02024_NDrHgXirPgVHdQwb51nKS5AJ/f800/a86b1018.webp?s=76523f7ca8a7ac9fef0ffff8ebfe30bc47a2b47f
2026-10-04T22:10:41,10248865091,Onitsuka Tiger Mexico 66 black sneakers,Onitsuka Tiger,85.00,USD,9,39.5,https://www.vinted.es/items/10248865091-onitsuka-tiger-mexico-66-black-sneakers,https://images1.vinted.net/t/05_02024_NDrHgXirPgVHdQwb51nKS5AJ/f800/a86b1018.webp?s=76523f7ca8a7ac9fef0ffff8ebfe30bc47a2b47f
2026-10-04T22:20:43,10248865091,Onitsuka Tiger Mexico 66 black sneakers,Onitsuka Tiger,85.00,USD,10,39.5,https://www.vinted.es/items/10248865091-onitsuka-tiger-mexico-66-black-sneakers,https://images1.vinted.net/t/05_02024_NDrHgXirPgVHdQwb51nKS5AJ/f800/a86b1018.webp?s=76523f7ca8a7ac9fef0ffff8ebfe30bc47a2b47f
2026-10-04T22:30:49,10249687680,New Balance 9060 Brown,New Balance,125.00,USD,0,41,https://www.vinted.es/items/10249687680-new-balance-9060-brown,https://images1.vinted.net/t/01_01c4e_u1jVaQi56dYBDdFNkz3VjAjN/f800/da1013dc.webp?s=0fadafee7908a46ddd34e0c4d1db8e347178b1c7
2026-10-04T22:30:49,10248865091,Onitsuka Tiger Mexico 66 black sneakers,Onitsuka Tiger,85.00,USD,10,39.5,https://www.vinted.es/items/10248865091-onitsuka-tiger-mexico-66-black-sneakers,https://images1.vinted.net/t/05_02024_NDrHgXirPgVHdQwb51nKS5AJ/f800/a86b1018.webp?s=76523f7ca8a7ac9fef0ffff8ebfe30bc47a2b47f
2026-10-04T22:40:44,10249687680,New Balance 9060 Brown,New Balance,125.00,USD,0,41,https://www.vinted.es/items/10249687680-new-balance-9060-brown,https://images1.vinted.net/t/01_01c4e_u1jVaQi56dYBDdFNkz3VjAjN/f800/da1013dc.webp?s=0fadafee7908a46ddd34e0c4d1db8e347178b1c7
2026-10-04T22:40:44,10248865091,Onitsuka Tiger Mexico 66 black sneakers,Onitsuka Tiger,85.00,USD,10,39.5,https://www.vinted.es/items/10248865091-onitsuka-tiger-mexico-66-black-sneakers,https://images1.vinted.net/t/05_02024_NDrHgXirPgVHdQwb51nKS5AJ/f800/a86b1018.webp?s=76523f7ca8a7ac9fef0ffff8ebfe30bc47a2b47f
2026-10-04T22:50:42,10249687680,New Balance 9060 Brown,New Balance,125.00,USD,0,41,https://www.vinted.es/items/10249687680-new-balance-9060-brown,https://images1.vinted.net/t/01_01c4e_u1jVaQi56dYBDdFNkz3VjAjN/f800/da1013dc.webp?s=0fadafee7908a46ddd34e0c4d1db8e347178b1c7
2026-10-04T22:50:42,10248865091,Onitsuka Tiger Mexico 66 black sneakers,Onitsuka Tiger,85.00,USD,13,39.5,https://www.vinted.es/items/10248865091-onitsuka-tiger-mexico-66-black-sneakers,https://images1.vinted.net/t/05_02024_NDrHgXirPgVHdQwb51nKS5AJ/f800/a86b1018.webp?s=76523f7ca8a7ac9fef0ffff8ebfe30bc47a2b47f
2026-10-04T23:01:03,10249687680,New Balance 9060 Brown,New Balance,125.00,USD,0,41,https://www.vinted.es/items/10249687680-new-balance-9060-brown,https://images1.vinted.net/t/01_01c4e_u1jVaQi56dYBDdFNkz3VjAjN/f800/da1013dc.webp?s=0fadafee7908a46ddd34e0c4d1db8e347178b1c7
2026-10-04T23:01:03,10248865091,Onitsuka Tiger Mexico 66 black sneakers,Onitsuka Tiger,85.00,USD,13,39.5,https://www.vinted.es/items/10248865091-onitsuka-tiger-mexico-66-black-sneakers,https://images1.vinted.net/t/05_02024_NDrHgXirPgVHdQwb51nKS5AJ/f800/a86b1018.webp?s=76523f7ca8a7ac9fef0ffff8ebfe30bc47a2b47f
2026-10-04T23:08:21,10249687680,New Balance 9060 Brown,New Balance,125.00,USD,0,41,https://www.vinted.es/items/10249687680-new-balance-9060-brown,https://images1.vinted.net/t/01_01c4e_u1jVaQi56dYBDdFNkz3VjAjN/f800/da1013dc.webp?s=0fadafee7908a46ddd34e0c4d1db8e347178b1c7
2026-10-04T23:08:21,10248865091,Onitsuka Tiger Mexico 66 black sneakers,Onitsuka Tiger,85.00,USD,13,39.5,https://www.vinted.es/items/10248865091-onitsuka-tiger-mexico-66-black-sneakers,https://images1.vinted.net/t/05_02024_NDrHgXirPgVHdQwb51nKS5AJ/f800/a86b1018.webp?s=76523f7ca8a7ac9fef0ffff8ebfe30bc47a2b47f
2026-10-04T23:10:39,10249687680,New Balance 9060 Brown,New Balance,125.00,USD,0,41,https://www.vinted.es/items/10249687680-new-balance-9060-brown,https://images1.vinted.net/t/01_01c4e_u1jVaQi56dYBDdFNkz3VjAjN/f800/da1013dc.webp?s=0fadafee7908a46ddd34e0c4d1db8e347178b1c7
2026-10-04T23:10:39,10248865091,Onitsuka Tiger Mexico 66 black sneakers,Onitsuka Tiger,85.00,USD,13,39.5,https://www.vinted.es/items/10248865091-onitsuka-tiger-mexico-66-black-sneakers,https://images1.vinted.net/t/05_02024_NDrHgXirPgVHdQwb51nKS5AJ/f800/a86b1018.webp?s=76523f7ca8a7ac9fef0ffff8ebfe30bc47a2b47f
2026-10-04T23:20:40,10249687680,New Balance 9060 Brown,New Balance,125.00,USD,0,41,https://www.vinted.es/items/10249687680-new-balance-9060-brown,https://images1.vinted.net/t/01_01c4e_u1jVaQi56dYBDdFNkz3VjAjN/f800/da1013dc.webp?s=0fadafee7908a46ddd34e0c4d1db8e347178b1c7
2026-10-04T23:20:40,10248865091,Onitsuka Tiger Mexico 66 black sneakers,Onitsuka Tiger,85.00,USD,13,39.5,https://www.vinted.es/items/10248865091-onitsuka-tiger-mexico-66-black-sneakers,https://images1.vinted.net/t/05_02024_NDrHgXirPgVHdQwb51nKS5AJ/f800/a86b1018.webp?s=76523f7ca8a7ac9fef0ffff8ebfe30bc47a2b47f
2026-10-04T23:30:54,10249687680,New Balance 9060 Brown,New Balance,125.00,USD,0,41,https://www.vinted.es/items/10249687680-new-balance-9060-brown,https://images1.vinted.net/t/01_01c4e_u1jVaQi56dYBDdFNkz3VjAjN/f800/da1013dc.webp?s=0fadafee7908a46ddd34e0c4d1db8e347178b1c7
2026-10-04T23:30:54,10248865091,Onitsuka Tiger Mexico 66 black sneakers,Onitsuka Tiger,85.00,USD,14,39.5,https://www.vinted.es/items/10248865091-onitsuka-tiger-mexico-66-black-sneakers,https://images1.vinted.net/t/05_02024_NDrHgXirPgVHdQwb51nKS5AJ/f800/a86b1018.webp?s=76523f7ca8a7ac9fef0ffff8ebfe30bc47a2b47f
2026-10-04T23:40:43,10249687680,New Balance 9060 Brown,New Balance,125.00,USD,0,41,https://www.vinted.es/items/10249687680-new-balance-9060-brown,https://images1.vinted.net/t/01_01c4e_u1jVaQi56dYBDdFNkz3VjAjN/f800/da1013dc.webp?s=0fadafee7908a46ddd34e0c4d1db8e347178b1c7
2026-10-04T23:50:42,10249687680,New Balance 9060 Brown,New Balance,125.00,USD,0,41,https://www.vinted.es/items/10249687680-new-balance-9060-brown,https://images1.vinted.net/t/01_01c4e_u1jVaQi56dYBDdFNkz3VjAjN/f800/da1013dc.webp?s=0fadafee7908a46ddd34e0c4d1db8e347178b1c7
2026-10-04T23:50:42,10248865091,Onitsuka Tiger Mexico 66 black sneakers,Onitsuka Tiger,85.00,USD,15,39.5,https://www.vinted.es/items/10248865091-onitsuka-tiger-mexico-66-black-sneakers,https://images1.vinted.net/t/05_02024_NDrHgXirPgVHdQwb51nKS5AJ/f800/a86b1018.webp?s=76523f7ca8a7ac9fef0ffff8ebfe30bc47a2b47f
2026-10-05T00:01:05,10249687680,New Balance 9060 Brown,New Balance,125.00,USD,0,41,https://www.vinted.es/items/10249687680-new-balance-9060-brown,https://images1.vinted.net/t/01_01c4e_u1jVaQi56dYBDdFNkz3VjAjN/f800/da1013dc.webp?s=0fadafee7908a46ddd34e0c4d1db8e347178b1c7
2026-10-05T00:01:05,10248865091,Onitsuka Tiger Mexico 66 black sneakers,Onitsuka Tiger,85.00,USD,18,39.5,https://www.vinted.es/items/10248865091-onitsuka-tiger-mexico-66-black-sneakers,https://images1.vinted.net/t/05_02024_NDrHgXirPgVHdQwb51nKS5AJ/f800/a86b1018.webp?s=76523f7ca8a7ac9fef0ffff8ebfe30bc47a2b47f
2026-10-05T00:10:40,10249687680,New Balance 9060 Brown,New Balance,125.00,USD,0,41,https://www.vinted.es/items/10249687680-new-balance-9060-brown,https://images1.vinted.net/t/01_01c4e_u1jVaQi56dYBDdFNkz3VjAjN/f800/da1013dc.webp?s=0fadafee7908a46ddd34e0c4d1db8e347178b1c7
2026-10-05T00:10:40,10248865091,Onitsuka Tiger Mexico 66 black sneakers,Onitsuka Tiger,85.00,USD,21,39.5,https://www.vinted.es/items/10248865091-onitsuka-tiger-mexico-66-black-sneakers,https://images1.vinted.net/t/05_02024_NDrHgXirPgVHdQwb51nKS5AJ/f800/a86b1018.webp?s=76523f7ca8a7ac9fef0ffff8ebfe30bc47a2b47f
2026-10-05T00:21:16,10249687680,New Balance 9060 Brown,New Balance,125.00,USD,0,41,https://www.vinted.es/items/10249687680-new-balance-9060-brown,https://images1.vinted.net/t/01_01c4e_u1jVaQi56dYBDdFNkz3VjAjN/f800/da1013dc.webp?s=0fadafee7908a46ddd34e0c4d1db8e347178b1c7
2026-10-05T00:21:16,10248865091,Onitsuka Tiger Mexico 66 black sneakers,Onitsuka Tiger,85.00,USD,22,39.5,https://www.vinted.es/items/10248865091-onitsuka-tiger-mexico-66-black-sneakers,https://images1.vinted.net/t/05_02024_NDrHgXirPgVHdQwb51nKS5AJ/f800/a86b1018.webp?s=76523f7ca8a7ac9fef0ffff8ebfe30bc47a2b47f
2026-10-05T00:30:52,10249687680,New Balance 9060 Brown,New Balance,125.00,USD,0,41,https://www.vinted.es/items/10249687680-new-balance-9060-brown,https://images1.vinted.net/t/01_01c4e_u1jVaQi56dYBDdFNkz3VjAjN/f800/da1013dc.webp?s=0fadafee7908a46ddd34e0c4d1db8e347178b1c7
2026-10-05T00:30:52,10248865091,Onitsuka Tiger Mexico 66 black sneakers,Onitsuka Tiger,85.00,USD,22,39.5,https://www.vinted.es/items/10248865091-onitsuka-tiger-mexico-66-black-sneakers,https://images1.vinted.net/t/05_02024_NDrHgXirPgVHdQwb51nKS5AJ/f800/a86b1018.webp?s=76523f7ca8a7ac9fef0ffff8ebfe30bc47a2b47f
2026-10-05T00:40:42,10249687680,New Balance 9060 Brown,New Balance,125.00,USD,0,41,https://www.vinted.es/items/10249687680-new-balance-9060-brown,https://images1.vinted.net/t/01_01c4e_u1jVaQi56dYBDdFNkz3VjAjN/f800/da1013dc.webp?s=0fadafee7908a46ddd34e0c4d1db8e347178b1c7
2026-10-05T00:40:42,10248865091,Onitsuka Tiger Mexico 66 black sneakers,Onitsuka Tiger,85.00,USD,23,39.5,https://www.vinted.es/items/10248865091-onitsuka-tiger-mexico-66-black-sneakers,https://images1.vinted.net/t/05_02024_NDrHgXirPgVHdQwb51nKS5AJ/f800/a86b1018.webp?s=76523f7ca8a7ac9fef0ffff8ebfe30bc47a2b47f
2026-10-05T00:50:41,10248865091,Onitsuka Tiger Mexico 66 black sneakers,Onitsuka Tiger,85.00,USD,23,39.5,https://www.vinted.es/items/10248865091-onitsuka-tiger-mexico-66-black-sneakers,https://images1.vinted.net/t/05_02024_NDrHgXirPgVHdQwb51nKS5AJ/f800/a86b1018.webp?s=76523f7ca8a7ac9fef0ffff8ebfe30bc47a2b47f
2026-10-05T00:50:41,10249687680,New Balance 9060 Brown,New Balance,125.00,USD,0,41,https://www.vinted.es/items/10249687680-new-balance-9060-brown,https://images1.vinted.net/t/01_01c4e_u1jVaQi56dYBDdFNkz3VjAjN/f800/da1013dc.webp?s=0fadafee7908a46ddd34e0c4d1db8e347178b1c7
2026-10-05T01:01:06,10248865091,Onitsuka Tiger Mexico 66 black sneakers,Onitsuka Tiger,85.00,USD,23,39.5,https://www.vinted.es/items/10248865091-onitsuka-tiger-mexico-66-black-sneakers,https://images1.vinted.net/t/05_02024_NDrHgXirPgVHdQwb51nKS5AJ/f800/a86b1018.webp?s=76523f7ca8a7ac9fef0ffff8ebfe30bc47a2b47f
2026-10-05T01:01:06,10249687680,New Balance 9060 Brown,New Balance,125.00,USD,0,41,https://www.vinted.es/items/10249687680-new-balance-9060-brown,https://images1.vinted.net/t/01_01c4e_u1jVaQi56dYBDdFNkz3VjAjN/f800/da1013dc.webp?s=0fadafee7908a46ddd34e0c4d1db8e347178b1c7
2026-10-05T01:10:41,10248865091,Onitsuka Tiger Mexico 66 black sneakers,Onitsuka Tiger,85.00,USD,26,39.5,https://www.vinted.es/items/10248865091-onitsuka-tiger-mexico-66-black-sneakers,https://images1.vinted.net/t/05_02024_NDrHgXirPgVHdQwb51nKS5AJ/f800/a86b1018.webp?s=76523f7ca8a7ac9fef0ffff8ebfe30bc47a2b47f
2026-10-05T01:10:41,10249687680,New Balance 9060 Brown,New Balance,125.00,USD,0,41,https://www.vinted.es/items/10249687680-new-balance-9060-brown,https://images1.vinted.net/t/01_01c4e_u1jVaQi56dYBDdFNkz3VjAjN/f800/da1013dc.webp?s=0fadafee7908a46ddd34e0c4d1db8e347178b1c7
2026-10-05T01:20:43,10248865091,Onitsuka Tiger Mexico 66 black sneakers,Onitsuka Tiger,85.00,USD,27,39.5,https://www.vinted.es/items/10248865091-onitsuka-tiger-mexico-66-black-sneakers,https://images1.vinted.net/t/05_02024_NDrHgXirPgVHdQwb51nKS5AJ/f800/a86b1018.webp?s=76523f7ca8a7ac9fef0ffff8ebfe30bc47a2b47f
2026-10-05T01:30:52,10248865091,Onitsuka Tiger Mexico 66 black sneakers,Onitsuka Tiger,85.00,USD,27,39.5,https://www.vinted.es/items/10248865091-onitsuka-tiger-mexico-66-black-sneakers,https://images1.vinted.net/t/05_02024_NDrHgXirPgVHdQwb51nKS5AJ/f800/a86b1018.webp?s=76523f7ca8a7ac9fef0ffff8ebfe30bc47a2b47f
2026-10-05T01:40:40,10248865091,Onitsuka Tiger Mexico 66 black sneakers,Onitsuka Tiger,85.00,USD,28,39.5,https://www.vinted.es/items/10248865091-onitsuka-tiger-mexico-66-black-sneakers,https://images1.vinted.net/t/05_02024_NDrHgXirPgVHdQwb51nKS5AJ/f800/a86b1018.webp?s=76523f7ca8a7ac9fef0ffff8ebfe30bc47a2b47f
2026-10-05T01:50:38,10248865091,Onitsuka Tiger Mexico 66 black sneakers,Onitsuka Tiger,85.00,USD,28,39.5,https://www.vinted.es/items/10248865091-onitsuka-tiger-mexico-66-black-sneakers,https://images1.vinted.net/t/05_02024_NDrHgXirPgVHdQwb51nKS5AJ/f800/a86b1018.webp?s=76523f7ca8a7ac9fef0ffff8ebfe30bc47a2b47f
2026-10-05T01:59:19,10248865091,Onitsuka Tiger Mexico 66 black sneakers,Onitsuka Tiger,85.00,USD,29,39.5,https://www.vinted.es/items/10248865091-onitsuka-tiger-mexico-66-black-sneakers,https://images1.vinted.net/t/05_02024_NDrHgXirPgVHdQwb51nKS5AJ/f800/a86b1018.webp?s=76523f7ca8a7ac9fef0ffff8ebfe30bc47a2b47f
2026-10-05T09:50:43,10252878174,New Balance 9060 Brown Olive Beige UK 5,New Balance,93.78,USD,1,38,https://www.vinted.es/items/10252878174-new-balance-9060-brown-olive-beige-uk-5,https://images1.vinted.net/t/05_00f64_mAAy5TYXmdeTqr5sTc41TK8u/f800/a0535134.webp?s=d1fad2c884e94d3e47ece6f5c6283dc029881835
2026-10-05T10:01:11,10252878174,New Balance 9060 Brown Olive Beige UK 5,New Balance,93.78,USD,2,38,https://www.vinted.es/items/10252878174-new-balance-9060-brown-olive-beige-uk-5,https://images1.vinted.net/t/05_00f64_mAAy5TYXmdeTqr5sTc41TK8u/f800/a0535134.webp?s=d1fad2c884e94d3e47ece6f5c6283dc029881835
2026-10-05T10:10:46,10252878174,New Balance 9060 Brown Olive Beige UK 5,New Balance,93.78,USD,2,38,https://www.vinted.es/items/10252878174-new-balance-9060-brown-olive-beige-uk-5,https://images1.vinted.net/t/05_00f64_mAAy5TYXmdeTqr5sTc41TK8u/f800/a0535134.webp?s=d1fad2c884e94d3e47ece6f5c6283dc029881835
2026-10-05T10:20:44,10252878174,New Balance 9060 Brown Olive Beige UK 5,New Balance,93.78,USD,2,38,https://www.vinted.es/items/10252878174-new-balance-9060-brown-olive-beige-uk-5,https://images1.vinted.net/t/05_00f64_mAAy5TYXmdeTqr5sTc41TK8u/f800/a0535134.webp?s=d1fad2c884e94d3e47ece6f5c6283dc029881835
2026-10-05T11:01:14,10253682967,ASICS gel cumulus 16 size 7,Asics,92.44,USD,0,40,https://www.vinted.es/items/10253682967-asics-gel-cumulus-16-size-7,https://images1.vinted.net/t/06_01f58_QS6QCxcW48LHVYdTNA5BMK8y/f800/1e19948a.webp?s=f8d078c3711764fd38377eecf117e4277cccd53e
2026-10-05T11:10:46,10253682967,ASICS gel cumulus 16 size 7,Asics,92.44,USD,5,40,https://www.vinted.es/items/10253682967-asics-gel-cumulus-16-size-7,https://images1.vinted.net/t/06_01f58_QS6QCxcW48LHVYdTNA5BMK8y/f800/1e19948a.webp?s=f8d078c3711764fd38377eecf117e4277cccd53e
2026-10-05T11:20:44,10253682967,ASICS gel cumulus 16 size 7,Asics,92.44,USD,7,40,https://www.vinted.es/items/10253682967-asics-gel-cumulus-16-size-7,https://images1.vinted.net/t/06_01f58_QS6QCxcW48LHVYdTNA5BMK8y/f800/1e19948a.webp?s=f8d078c3711764fd38377eecf117e4277cccd53e
2026-10-05T11:30:59,10253682967,ASICS gel cumulus 16 size 7,Asics,92.44,USD,8,40,https://www.vinted.es/items/10253682967-asics-gel-cumulus-16-size-7,https://images1.vinted.net/t/06_01f58_QS6QCxcW48LHVYdTNA5BMK8y/f800/1e19948a.webp?s=f8d078c3711764fd38377eecf117e4277cccd53e
2026-10-05T11:40:44,10253682967,ASICS gel cumulus 16 size 7,Asics,92.44,USD,9,40,https://www.vinted.es/items/10253682967-asics-gel-cumulus-16-size-7,https://images1.vinted.net/t/06_01f58_QS6QCxcW48LHVYdTNA5BMK8y/f800/1e19948a.webp?s=f8d078c3711764fd38377eecf117e4277cccd53e
2026-10-05T11:50:47,10253682967,ASICS gel cumulus 16 size 7,Asics,92.44,USD,10,40,https://www.vinted.es/items/10253682967-asics-gel-cumulus-16-size-7,https://images1.vinted.net/t/06_01f58_QS6QCxcW48LHVYdTNA5BMK8y/f800/1e19948a.webp?s=f8d078c3711764fd38377eecf117e4277cccd53e
2026-10-05T12:01:15,10253682967,ASICS gel cumulus 16 size 7,Asics,92.44,USD,10,40,https://www.vinted.es/items/10253682967-asics-gel-cumulus-16-size-7,https://images1.vinted.net/t/06_01f58_QS6QCxcW48LHVYdTNA5BMK8y/f800/1e19948a.webp?s=f8d078c3711764fd38377eecf117e4277cccd53e
2026-10-05T12:10:45,10253682967,ASICS gel cumulus 16 size 7,Asics,92.44,USD,11,40,https://www.vinted.es/items/10253682967-asics-gel-cumulus-16-size-7,https://images1.vinted.net/t/06_01f58_QS6QCxcW48LHVYdTNA5BMK8y/f800/1e19948a.webp?s=f8d078c3711764fd38377eecf117e4277cccd53e
2026-10-05T12:20:44,10254602649,Burgundy/pink Asics gel cumulus 16,Asics,140.67,USD,1,38,https://www.vinted.es/items/10254602649-burgundypink-asics-gel-cumulus-16,https://images1.vinted.net/t/05_0079b_ucBSkgAtSRAWDixXNuHSVFio/f800/eb7d074b.webp?s=54a4e1bcdfeb4efc5a2f4a41fad9b9e5d5783028
2026-10-05T12:20:44,10253682967,ASICS gel cumulus 16 size 7,Asics,92.44,USD,13,40,https://www.vinted.es/items/10253682967-asics-gel-cumulus-16-size-7,https://images1.vinted.net/t/06_01f58_QS6QCxcW48LHVYdTNA5BMK8y/f800/1e19948a.webp?s=f8d078c3711764fd38377eecf117e4277cccd53e
2026-10-05T12:31:01,10254602649,Burgundy/pink Asics gel cumulus 16,Asics,140.67,USD,1,38,https://www.vinted.es/items/10254602649-burgundypink-asics-gel-cumulus-16,https://images1.vinted.net/t/05_0079b_ucBSkgAtSRAWDixXNuHSVFio/f800/eb7d074b.webp?s=54a4e1bcdfeb4efc5a2f4a41fad9b9e5d5783028
2026-10-05T12:40:48,10254602649,Burgundy/pink Asics gel cumulus 16,Asics,140.67,USD,3,38,https://www.vinted.es/items/10254602649-burgundypink-asics-gel-cumulus-16,https://images1.vinted.net/t/05_0079b_ucBSkgAtSRAWDixXNuHSVFio/f800/eb7d074b.webp?s=54a4e1bcdfeb4efc5a2f4a41fad9b9e5d5783028
2026-10-05T12:50:46,10254602649,Burgundy/pink Asics gel cumulus 16,Asics,140.67,USD,4,38,https://www.vinted.es/items/10254602649-burgundypink-asics-gel-cumulus-16,https://images1.vinted.net/t/05_0079b_ucBSkgAtSRAWDixXNuHSVFio/f800/eb7d074b.webp?s=54a4e1bcdfeb4efc5a2f4a41fad9b9e5d5783028
2026-10-05T13:01:18,10254602649,Burgundy/pink Asics gel cumulus 16,Asics,140.67,USD,7,38,https://www.vinted.es/items/10254602649-burgundypink-asics-gel-cumulus-16,https://images1.vinted.net/t/05_0079b_ucBSkgAtSRAWDixXNuHSVFio/f800/eb7d074b.webp?s=54a4e1bcdfeb4efc5a2f4a41fad9b9e5d5783028
2026-10-05T13:10:47,10254602649,Burgundy/pink Asics gel cumulus 16,Asics,140.67,USD,8,38,https://www.vinted.es/items/10254602649-burgundypink-asics-gel-cumulus-16,https://images1.vinted.net/t/05_0079b_ucBSkgAtSRAWDixXNuHSVFio/f800/eb7d074b.webp?s=54a4e1bcdfeb4efc5a2f4a41fad9b9e5d5783028
2026-10-05T13:20:44,10254602649,Burgundy/pink Asics gel cumulus 16,Asics,140.67,USD,8,38,https://www.vinted.es/items/10254602649-burgundypink-asics-gel-cumulus-16,https://images1.vinted.net/t/05_0079b_ucBSkgAtSRAWDixXNuHSVFio/f800/eb7d074b.webp?s=54a4e1bcdfeb4efc5a2f4a41fad9b9e5d5783028
2026-10-05T13:31:02,10254602649,Burgundy/pink Asics gel cumulus 16,Asics,140.67,USD,8,38,https://www.vinted.es/items/10254602649-burgundypink-asics-gel-cumulus-16,https://images1.vinted.net/t/05_0079b_ucBSkgAtSRAWDixXNuHSVFio/f800/eb7d074b.webp?s=54a4e1bcdfeb4efc5a2f4a41fad9b9e5d5783028
2026-10-05T13:40:43,10250295603,Onitsuka Tiger Mexico 66 Cream Green Brown Trainers UK 5,Onitsuka Tiger,87.08,USD,1,38,https://www.vinted.es/items/10250295603-onitsuka-tiger-mexico-66-cream-green-brown-trainers-uk-5,https://images1.vinted.net/t/01_013a7_j9bGgin78VLvu1S1pYqHP2vp/f800/87e13f2a.webp?s=4917815f73946b320785d8b42cd11a06a2372b84
2026-10-05T13:40:43,10254602649,Burgundy/pink Asics gel cumulus 16,Asics,140.67,USD,8,38,https://www.vinted.es/items/10254602649-burgundypink-asics-gel-cumulus-16,https://images1.vinted.net/t/05_0079b_ucBSkgAtSRAWDixXNuHSVFio/f800/eb7d074b.webp?s=54a4e1bcdfeb4efc5a2f4a41fad9b9e5d5783028
2026-10-05T13:50:45,10255657008,ASICS gel Cumulus 16,Asics,120.57,USD,0,38,https://www.vinted.es/items/10255657008-asics-gel-cumulus-16,https://images1.vinted.net/t/06_00b5a_dPtYyR7nMYyd1igQFE6bmEwz/f800/e1818a7e.webp?s=53f25577c54a674cdc58b06d829b8fce90478fe5
2026-10-05T13:50:45,10250295603,Onitsuka Tiger Mexico 66 Cream Green Brown Trainers UK 5,Onitsuka Tiger,87.08,USD,3,38,https://www.vinted.es/items/10250295603-onitsuka-tiger-mexico-66-cream-green-brown-trainers-uk-5,https://images1.vinted.net/t/01_013a7_j9bGgin78VLvu1S1pYqHP2vp/f800/87e13f2a.webp?s=4917815f73946b320785d8b42cd11a06a2372b84
2026-10-05T14:01:11,10255657008,ASICS gel Cumulus 16,Asics,120.57,USD,0,38,https://www.vinted.es/items/10255657008-asics-gel-cumulus-16,https://images1.vinted.net/t/06_00b5a_dPtYyR7nMYyd1igQFE6bmEwz/f800/e1818a7e.webp?s=53f25577c54a674cdc58b06d829b8fce90478fe5
2026-10-05T14:01:11,10250295603,Onitsuka Tiger Mexico 66 Cream Green Brown Trainers UK 5,Onitsuka Tiger,87.08,USD,7,38,https://www.vinted.es/items/10250295603-onitsuka-tiger-mexico-66-cream-green-brown-trainers-uk-5,https://images1.vinted.net/t/01_013a7_j9bGgin78VLvu1S1pYqHP2vp/f800/87e13f2a.webp?s=4917815f73946b320785d8b42cd11a06a2372b84
2026-10-05T14:01:11,10254602649,Burgundy/pink Asics gel cumulus 16,Asics,140.67,USD,8,38,https://www.vinted.es/items/10254602649-burgundypink-asics-gel-cumulus-16,https://images1.vinted.net/t/05_0079b_ucBSkgAtSRAWDixXNuHSVFio/f800/eb7d074b.webp?s=54a4e1bcdfeb4efc5a2f4a41fad9b9e5d5783028
2026-10-05T14:10:47,10255657008,ASICS gel Cumulus 16,Asics,120.57,USD,0,38,https://www.vinted.es/items/10255657008-asics-gel-cumulus-16,https://images1.vinted.net/t/06_00b5a_dPtYyR7nMYyd1igQFE6bmEwz/f800/e1818a7e.webp?s=53f25577c54a674cdc58b06d829b8fce90478fe5
2026-10-05T14:10:47,10250295603,Onitsuka Tiger Mexico 66 Cream Green Brown Trainers UK 5,Onitsuka Tiger,87.08,USD,8,38,https://www.vinted.es/items/10250295603-onitsuka-tiger-mexico-66-cream-green-brown-trainers-uk-5,https://images1.vinted.net/t/01_013a7_j9bGgin78VLvu1S1pYqHP2vp/f800/87e13f2a.webp?s=4917815f73946b320785d8b42cd11a06a2372b84
2026-10-05T14:10:47,10254602649,Burgundy/pink Asics gel cumulus 16,Asics,140.67,USD,8,38,https://www.vinted.es/items/10254602649-burgundypink-asics-gel-cumulus-16,https://images1.vinted.net/t/05_0079b_ucBSkgAtSRAWDixXNuHSVFio/f800/eb7d074b.webp?s=54a4e1bcdfeb4efc5a2f4a41fad9b9e5d5783028
2026-10-05T14:20:44,10255657008,ASICS gel Cumulus 16,Asics,120.57,USD,0,38,https://www.vinted.es/items/10255657008-asics-gel-cumulus-16,https://images1.vinted.net/t/06_00b5a_dPtYyR7nMYyd1igQFE6bmEwz/f800/e1818a7e.webp?s=53f25577c54a674cdc58b06d829b8fce90478fe5
2026-10-05T14:30:57,10255657008,ASICS gel Cumulus 16,Asics,120.57,USD,0,38,https://www.vinted.es/items/10255657008-asics-gel-cumulus-16,https://images1.vinted.net/t/06_00b5a_dPtYyR7nMYyd1igQFE6bmEwz/f800/e1818a7e.webp?s=53f25577c54a674cdc58b06d829b8fce90478fe5
2026-10-05T14:40:43,10255657008,ASICS gel Cumulus 16,Asics,120.57,USD,0,38,https://www.vinted.es/items/10255657008-asics-gel-cumulus-16,https://images1.vinted.net/t/06_00b5a_dPtYyR7nMYyd1igQFE6bmEwz/f800/e1818a7e.webp?s=53f25577c54a674cdc58b06d829b8fce90478fe5
2026-10-05T14:50:46,10255657008,ASICS gel Cumulus 16,Asics,120.57,USD,0,38,https://www.vinted.es/items/10255657008-asics-gel-cumulus-16,https://images1.vinted.net/t/06_00b5a_dPtYyR7nMYyd1igQFE6bmEwz/f800/e1818a7e.webp?s=53f25577c54a674cdc58b06d829b8fce90478fe5
2026-10-05T15:01:15,10255657008,ASICS gel Cumulus 16,Asics,120.57,USD,0,38,https://www.vinted.es/items/10255657008-asics-gel-cumulus-16,https://images1.vinted.net/t/06_00b5a_dPtYyR7nMYyd1igQFE6bmEwz/f800/e1818a7e.webp?s=53f25577c54a674cdc58b06d829b8fce90478fe5
2026-10-05T15:10:44,10255657008,ASICS gel Cumulus 16,Asics,120.57,USD,0,38,https://www.vinted.es/items/10255657008-asics-gel-cumulus-16,https://images1.vinted.net/t/06_00b5a_dPtYyR7nMYyd1igQFE6bmEwz/f800/e1818a7e.webp?s=53f25577c54a674cdc58b06d829b8fce90478fe5
2026-10-05T16:21:29,10257795439,ASICS Gel Cumulus 16,Asics,87.08,USD,2,39,https://www.vinted.es/items/10257795439-asics-gel-cumulus-16,https://images1.vinted.net/t/04_00a35_V4bGiFAjuanigH3gHzwE9oyg/f800/22977c32.webp?s=5c40fec3a97642fc749560aa889e66d6962b2043
2026-10-05T16:31:01,10257795439,ASICS Gel Cumulus 16,Asics,87.08,USD,10,39,https://www.vinted.es/items/10257795439-asics-gel-cumulus-16,https://images1.vinted.net/t/04_00a35_V4bGiFAjuanigH3gHzwE9oyg/f800/22977c32.webp?s=5c40fec3a97642fc749560aa889e66d6962b2043
2026-10-05T16:40:43,10257795439,ASICS Gel Cumulus 16,Asics,87.08,USD,16,39,https://www.vinted.es/items/10257795439-asics-gel-cumulus-16,https://images1.vinted.net/t/04_00a35_V4bGiFAjuanigH3gHzwE9oyg/f800/22977c32.webp?s=5c40fec3a97642fc749560aa889e66d6962b2043
2026-10-05T16:51:03,10257795439,ASICS Gel Cumulus 16,Asics,87.08,USD,17,39,https://www.vinted.es/items/10257795439-asics-gel-cumulus-16,https://images1.vinted.net/t/04_00a35_V4bGiFAjuanigH3gHzwE9oyg/f800/22977c32.webp?s=5c40fec3a97642fc749560aa889e66d6962b2043
2026-10-05T17:01:15,10257795439,ASICS Gel Cumulus 16,Asics,87.08,USD,19,39,https://www.vinted.es/items/10257795439-asics-gel-cumulus-16,https://images1.vinted.net/t/04_00a35_V4bGiFAjuanigH3gHzwE9oyg/f800/22977c32.webp?s=5c40fec3a97642fc749560aa889e66d6962b2043
2026-10-05T17:10:43,10258633987,Asics gel cumulus 16,Asics,107.17,USD,0,37.5,https://www.vinted.es/items/10258633987-asics-gel-cumulus-16,https://images1.vinted.net/t/03_003b4_kET9EyigS2eNWYWdoYrYRnNo/f800/8ec90d52.webp?s=d248d04c3f6e31884240558ee476fa3734c39a8d
2026-10-05T17:10:43,10257795439,ASICS Gel Cumulus 16,Asics,87.08,USD,21,39,https://www.vinted.es/items/10257795439-asics-gel-cumulus-16,https://images1.vinted.net/t/04_00a35_V4bGiFAjuanigH3gHzwE9oyg/f800/22977c32.webp?s=5c40fec3a97642fc749560aa889e66d6962b2043
2026-10-05T17:20:47,10258633987,Asics gel cumulus 16,Asics,107.17,USD,0,37.5,https://www.vinted.es/items/10258633987-asics-gel-cumulus-16,https://images1.vinted.net/t/03_003b4_kET9EyigS2eNWYWdoYrYRnNo/f800/8ec90d52.webp?s=d248d04c3f6e31884240558ee476fa3734c39a8d
2026-10-05T17:20:47,10257795439,ASICS Gel Cumulus 16,Asics,87.08,USD,27,39,https://www.vinted.es/items/10257795439-asics-gel-cumulus-16,https://images1.vinted.net/t/04_00a35_V4bGiFAjuanigH3gHzwE9oyg/f800/22977c32.webp?s=5c40fec3a97642fc749560aa889e66d6962b2043
2026-10-05T17:31:00,10258633987,Asics gel cumulus 16,Asics,107.17,USD,0,37.5,https://www.vinted.es/items/10258633987-asics-gel-cumulus-16,https://images1.vinted.net/t/03_003b4_kET9EyigS2eNWYWdoYrYRnNo/f800/8ec90d52.webp?s=d248d04c3f6e31884240558ee476fa3734c39a8d
2026-10-05T17:31:00,10257795439,ASICS Gel Cumulus 16,Asics,87.08,USD,30,39,https://www.vinted.es/items/10257795439-asics-gel-cumulus-16,https://images1.vinted.net/t/04_00a35_V4bGiFAjuanigH3gHzwE9oyg/f800/22977c32.webp?s=5c40fec3a97642fc749560aa889e66d6962b2043
2026-10-05T17:40:45,10258633987,Asics gel cumulus 16,Asics,107.17,USD,0,37.5,https://www.vinted.es/items/10258633987-asics-gel-cumulus-16,https://images1.vinted.net/t/03_003b4_kET9EyigS2eNWYWdoYrYRnNo/f800/8ec90d52.webp?s=d248d04c3f6e31884240558ee476fa3734c39a8d
2026-10-05T17:50:43,10258633987,Asics gel cumulus 16,Asics,107.17,USD,0,37.5,https://www.vinted.es/items/10258633987-asics-gel-cumulus-16,https://images1.vinted.net/t/03_003b4_kET9EyigS2eNWYWdoYrYRnNo/f800/8ec90d52.webp?s=d248d04c3f6e31884240558ee476fa3734c39a8d
2026-10-05T17:50:43,10257795439,ASICS Gel Cumulus 16,Asics,87.08,USD,35,39,https://www.vinted.es/items/10257795439-asics-gel-cumulus-16,https://images1.vinted.net/t/04_00a35_V4bGiFAjuanigH3gHzwE9oyg/f800/22977c32.webp?s=5c40fec3a97642fc749560aa889e66d6962b2043
2026-10-05T18:01:11,10258633987,Asics gel cumulus 16,Asics,107.17,USD,0,37.5,https://www.vinted.es/items/10258633987-asics-gel-cumulus-16,https://images1.vinted.net/t/03_003b4_kET9EyigS2eNWYWdoYrYRnNo/f800/8ec90d52.webp?s=d248d04c3f6e31884240558ee476fa3734c39a8d
2026-10-05T18:01:11,10257795439,ASICS Gel Cumulus 16,Asics,87.08,USD,37,39,https://www.vinted.es/items/10257795439-asics-gel-cumulus-16,https://images1.vinted.net/t/04_00a35_V4bGiFAjuanigH3gHzwE9oyg/f800/22977c32.webp?s=5c40fec3a97642fc749560aa889e66d6962b2043
2026-10-05T18:01:40,10258633987,Asics gel cumulus 16,Asics,107.17,USD,0,37.5,https://www.vinted.es/items/10258633987-asics-gel-cumulus-16,https://images1.vinted.net/t/03_003b4_kET9EyigS2eNWYWdoYrYRnNo/f800/8ec90d52.webp?s=d248d04c3f6e31884240558ee476fa3734c39a8d
2026-10-05T18:10:42,10259463830,ASICS Gel Cumulus 16 Port Royal maroon burgundy pink trainers size 7.5,Asics,89.09,USD,0,40.5,https://www.vinted.es/items/10259463830-asics-gel-cumulus-16-port-royal-maroon-burgundy-pink-trainers-size-75,https://images1.vinted.net/t/02_01164_j87U9JtARtubNEXFjf8Qtx81/f800/5d865dfc.webp?s=064f0277c399aacb856bec017df1dac8e7c1b889
2026-10-05T18:10:42,10257795439,ASICS Gel Cumulus 16,Asics,87.08,USD,42,39,https://www.vinted.es/items/10257795439-asics-gel-cumulus-16,https://images1.vinted.net/t/04_00a35_V4bGiFAjuanigH3gHzwE9oyg/f800/22977c32.webp?s=5c40fec3a97642fc749560aa889e66d6962b2043
2026-10-05T18:10:42,10258633987,Asics gel cumulus 16,Asics,107.17,USD,0,37.5,https://www.vinted.es/items/10258633987-asics-gel-cumulus-16,https://images1.vinted.net/t/03_003b4_kET9EyigS2eNWYWdoYrYRnNo/f800/8ec90d52.webp?s=d248d04c3f6e31884240558ee476fa3734c39a8d
2026-10-05T18:20:48,10259463830,ASICS Gel Cumulus 16 Port Royal maroon burgundy pink trainers size 7.5,Asics,89.09,USD,0,40.5,https://www.vinted.es/items/10259463830-asics-gel-cumulus-16-port-royal-maroon-burgundy-pink-trainers-size-75,https://images1.vinted.net/t/02_01164_j87U9JtARtubNEXFjf8Qtx81/f800/5d865dfc.webp?s=064f0277c399aacb856bec017df1dac8e7c1b889
2026-10-05T18:20:48,10257795439,ASICS Gel Cumulus 16,Asics,87.08,USD,44,39,https://www.vinted.es/items/10257795439-asics-gel-cumulus-16,https://images1.vinted.net/t/04_00a35_V4bGiFAjuanigH3gHzwE9oyg/f800/22977c32.webp?s=5c40fec3a97642fc749560aa889e66d6962b2043
2026-10-05T18:20:48,10258633987,Asics gel cumulus 16,Asics,107.17,USD,0,37.5,https://www.vinted.es/items/10258633987-asics-gel-cumulus-16,https://images1.vinted.net/t/03_003b4_kET9EyigS2eNWYWdoYrYRnNo/f800/8ec90d52.webp?s=d248d04c3f6e31884240558ee476fa3734c39a8d
2026-10-05T18:31:00,10259463830,ASICS Gel Cumulus 16 Port Royal maroon burgundy pink trainers size 7.5,Asics,89.09,USD,3,40.5,https://www.vinted.es/items/10259463830-asics-gel-cumulus-16-port-royal-maroon-burgundy-pink-trainers-size-75,https://images1.vinted.net/t/02_01164_j87U9JtARtubNEXFjf8Qtx81/f800/5d865dfc.webp?s=064f0277c399aacb856bec017df1dac8e7c1b889
2026-10-05T18:31:00,10257795439,ASICS Gel Cumulus 16,Asics,87.08,USD,44,39,https://www.vinted.es/items/10257795439-asics-gel-cumulus-16,https://images1.vinted.net/t/04_00a35_V4bGiFAjuanigH3gHzwE9oyg/f800/22977c32.webp?s=5c40fec3a97642fc749560aa889e66d6962b2043
2026-10-05T18:40:46,10259463830,ASICS Gel Cumulus 16 Port Royal maroon burgundy pink trainers size 7.5,Asics,89.09,USD,8,40.5,https://www.vinted.es/items/10259463830-asics-gel-cumulus-16-port-royal-maroon-burgundy-pink-trainers-size-75,https://images1.vinted.net/t/02_01164_j87U9JtARtubNEXFjf8Qtx81/f800/5d865dfc.webp?s=064f0277c399aacb856bec017df1dac8e7c1b889
2026-10-05T18:40:46,10257795439,ASICS Gel Cumulus 16,Asics,87.08,USD,48,39,https://www.vinted.es/items/10257795439-asics-gel-cumulus-16,https://images1.vinted.net/t/04_00a35_V4bGiFAjuanigH3gHzwE9oyg/f800/22977c32.webp?s=5c40fec3a97642fc749560aa889e66d6962b2043
2026-10-05T18:50:44,10259463830,ASICS Gel Cumulus 16 Port Royal maroon burgundy pink trainers size 7.5,Asics,89.09,USD,9,40.5,https://www.vinted.es/items/10259463830-asics-gel-cumulus-16-port-royal-maroon-burgundy-pink-trainers-size-75,https://images1.vinted.net/t/02_01164_j87U9JtARtubNEXFjf8Qtx81/f800/5d865dfc.webp?s=064f0277c399aacb856bec017df1dac8e7c1b889
2026-10-05T19:01:20,10259463830,ASICS Gel Cumulus 16 Port Royal maroon burgundy pink trainers size 7.5,Asics,89.09,USD,16,40.5,https://www.vinted.es/items/10259463830-asics-gel-cumulus-16-port-royal-maroon-burgundy-pink-trainers-size-75,https://images1.vinted.net/t/02_01164_j87U9JtARtubNEXFjf8Qtx81/f800/5d865dfc.webp?s=064f0277c399aacb856bec017df1dac8e7c1b889
2026-10-05T19:11:00,10259463830,ASICS Gel Cumulus 16 Port Royal maroon burgundy pink trainers size 7.5,Asics,89.09,USD,18,40.5,https://www.vinted.es/items/10259463830-asics-gel-cumulus-16-port-royal-maroon-burgundy-pink-trainers-size-75,https://images1.vinted.net/t/02_01164_j87U9JtARtubNEXFjf8Qtx81/f800/5d865dfc.webp?s=064f0277c399aacb856bec017df1dac8e7c1b889
2026-10-05T21:20:52,10261579422,ASICS gel cumulus 16 burgandy and pink,Asics,80.38,USD,16,39,https://www.vinted.es/items/10261579422-asics-gel-cumulus-16-burgandy-and-pink,https://images1.vinted.net/t/05_006f4_tTJphtcqFhNtK3fgtTPV9ZZU/f800/adb0935c.webp?s=d408c98f1bb84dbd8b646e8fc1e3f4c2c0092168
2026-10-05T21:31:00,10261579422,ASICS gel cumulus 16 burgandy and pink,Asics,80.38,USD,18,39,https://www.vinted.es/items/10261579422-asics-gel-cumulus-16-burgandy-and-pink,https://images1.vinted.net/t/05_006f4_tTJphtcqFhNtK3fgtTPV9ZZU/f800/adb0935c.webp?s=d408c98f1bb84dbd8b646e8fc1e3f4c2c0092168
2026-10-05T21:40:44,10261579422,ASICS gel cumulus 16 burgandy and pink,Asics,80.38,USD,25,39,https://www.vinted.es/items/10261579422-asics-gel-cumulus-16-burgandy-and-pink,https://images1.vinted.net/t/05_006f4_tTJphtcqFhNtK3fgtTPV9ZZU/f800/adb0935c.webp?s=d408c98f1bb84dbd8b646e8fc1e3f4c2c0092168
2026-10-05T21:50:45,10261579422,ASICS gel cumulus 16 burgandy and pink,Asics,80.38,USD,29,39,https://www.vinted.es/items/10261579422-asics-gel-cumulus-16-burgandy-and-pink,https://images1.vinted.net/t/05_006f4_tTJphtcqFhNtK3fgtTPV9ZZU/f800/adb0935c.webp?s=d408c98f1bb84dbd8b646e8fc1e3f4c2c0092168
2026-10-05T22:01:11,10261579422,ASICS gel cumulus 16 burgandy and pink,Asics,80.38,USD,36,39,https://www.vinted.es/items/10261579422-asics-gel-cumulus-16-burgandy-and-pink,https://images1.vinted.net/t/05_006f4_tTJphtcqFhNtK3fgtTPV9ZZU/f800/adb0935c.webp?s=d408c98f1bb84dbd8b646e8fc1e3f4c2c0092168
2026-10-05T22:10:43,10261579422,ASICS gel cumulus 16 burgandy and pink,Asics,80.38,USD,43,39,https://www.vinted.es/items/10261579422-asics-gel-cumulus-16-burgandy-and-pink,https://images1.vinted.net/t/05_006f4_tTJphtcqFhNtK3fgtTPV9ZZU/f800/adb0935c.webp?s=d408c98f1bb84dbd8b646e8fc1e3f4c2c0092168
2026-10-05T22:20:42,10261579422,ASICS gel cumulus 16 burgandy and pink,Asics,80.38,USD,45,39,https://www.vinted.es/items/10261579422-asics-gel-cumulus-16-burgandy-and-pink,https://images1.vinted.net/t/05_006f4_tTJphtcqFhNtK3fgtTPV9ZZU/f800/adb0935c.webp?s=d408c98f1bb84dbd8b646e8fc1e3f4c2c0092168
2026-10-05T22:31:00,10261579422,ASICS gel cumulus 16 burgandy and pink,Asics,80.38,USD,48,39,https://www.vinted.es/items/10261579422-asics-gel-cumulus-16-burgandy-and-pink,https://images1.vinted.net/t/05_006f4_tTJphtcqFhNtK3fgtTPV9ZZU/f800/adb0935c.webp?s=d408c98f1bb84dbd8b646e8fc1e3f4c2c0092168
2026-10-07T11:27:52,10278616545,Baskets Adidas taille 38,adidas,130.00,EUR,0,38,https://www.vinted.es/items/10278616545-baskets-adidas-taille-38,https://images1.vinted.net/t/04_01243_SPVm31eLEpwV9kMUNh6NhWoE/f800/9f3e67ce.webp?s=5ada19ec811e8a5a2f3f10a1249eb87d76991545
2026-10-07T11:27:52,10278614213,Scarpe uomo 44,Gaëlle Paris,100.00,EUR,0,44,https://www.vinted.es/items/10278614213-scarpe-uomo-44,https://images1.vinted.net/t/02_01173_t6RPe3mB5jAYnytVs3u9WcAs/f800/84cb5eeb.webp?s=c0de721acdc60e6c96a66e68dc53dfd3d9ccd31b
2026-10-07T11:27:52,10278614267,VANS Sk8-Hi Tapered Stackform,Vans,80.00,EUR,0,42,https://www.vinted.es/items/10278614267-vans-sk8-hi-tapered-stackform,https://images1.vinted.net/t/02_00ada_MgeXNBYTiskb1hC6RP9uDCs7/f800/2abb7c72.webp?s=d1c5edd11edeaddf6c89f06692a6becdff985eb8
2026-10-07T11:27:52,10278613118,Axel Arigato Sneakers,Axel Arigato,75.00,EUR,0,38,https://www.vinted.es/items/10278613118-axel-arigato-sneakers,https://images1.vinted.net/t/05_000d2_95CYWYm7r5t1QudLhpbSDrwh/f800/32e214e5.webp?s=2825ab54c61b996e2dea609add70dfb92f925f69
2026-10-07T11:27:52,10278612573,ASICS Gel-Nimbus 10.1,Asics,100.00,EUR,0,38,https://www.vinted.es/items/10278612573-asics-gel-nimbus-101,https://images1.vinted.net/t/06_01d56_FSP1LAhbNx1CToyGPaYcU4fw/f800/530d6be9.webp?s=78da7c38c4c07b8ae3d93f2b7a602a418fcc6132
2026-10-07T11:27:52,10278608525,Asics nimbus,Asics,85.00,EUR,0,42,https://www.vinted.es/items/10278608525-asics-nimbus,https://images1.vinted.net/t/06_00adb_bRzJCskYUbSfuEiPPCfgiBS2/f800/abf4c6b8.webp?s=b5aba96d58de6bc7e4d78ed52d86c0a6c8ea02f4
2026-10-07T11:27:52,10273973335,Adidas Superstar Blancas,adidas,70.00,EUR,0,41,https://www.vinted.es/items/10273973335-adidas-superstar-blancas,https://images1.vinted.net/t/06_0043b_3RaYfChnykVDDDjhscs55nib/f800/5f9fef93.webp?s=64c5a55bcf4f7256ca4a1ccc434d6f481659fda4
2026-10-07T11:27:52,10278601017,Sneakers Cinzia Araia in pelle bicolore bianco e nero - Taglia 38,Cinzia Araia,75.00,EUR,0,38,https://www.vinted.es/items/10278601017-sneakers-cinzia-araia-in-pelle-bicolore-bianco-e-nero-taglia-38,https://images1.vinted.net/t/02_0196c_9h7Jg2GSdLY4x6HVTvenTgf4/f800/adae5cb7.webp?s=49f310b48a370b21f4679a7a127f8194f17061f0
2026-10-07T11:27:52,10278607184,Scarpe,Gucci,600.00,EUR,0,40,https://www.vinted.es/items/10278607184-scarpe,https://images1.vinted.net/t/06_01f0c_jQGztbMNvESViuMDxCj6oW5S/f800/8d3189af.webp?s=c79ba1111e4e13cd9f27e26d5d545e74d89c40b8
2026-10-07T11:27:52,10278606780,Adidas gazelle,adidas,70.00,EUR,0,36,https://www.vinted.es/items/10278606780-adidas-gazelle,https://images1.vinted.net/t/05_02055_W66STKLovmSHVudDwYshSWRP/r1/f800/ea7200f6.webp?s=5172c80cf50e5f8fad519c9be4f5b73ca9fbf1a3
2026-10-07T11:27:52,10278604575,Adidas Campus 00 maat 38,adidas,80.00,EUR,0,38.5,https://www.vinted.es/items/10278604575-adidas-campus-00-maat-38,https://images1.vinted.net/t/06_00d25_FGjbuq1L3sWp7z4aLWn8wYbr/f800/712ad52b.webp?s=086246a72a5559eff7f2c11e4af57380c049f3ae
2026-10-07T11:27:52,10278599992,Basket Premiata,Premiata,90.00,EUR,0,37,https://www.vinted.es/items/10278599992-basket-premiata,https://images1.vinted.net/t/02_00583_RwYrdAaRsEQAjYs9kz3sEkSb/f800/a86d357b.webp?s=cde32502673d32d90f18355869ad27be7fddfca8
2026-10-07T11:27:52,10278604676,Baskets new balance 1906,New Balance,100.00,EUR,0,41.5,https://www.vinted.es/items/10278604676-baskets-new-balance-1906,https://images1.vinted.net/t/02_00467_YAnUhM1Z3SUMbnFDC6XaLr3p/f800/5ff39353.webp?s=a34222eaa896bcc13d08f3af69f08108cba1f4a4
2026-10-07T11:27:52,10278603405,Sneakers Dsquared2,Dsquared2,120.00,EUR,0,36.5,https://www.vinted.es/items/10278603405-sneakers-dsquared2,https://images1.vinted.net/t/04_00115_i87asWFmToZoZ7GQvqQeZRx7/f800/207c23f0.webp?s=cfdf9cbb581e877625e39ce5a52d5528a1f64e2d
2026-10-07T11:27:52,10278596635,Trainers,Trainers,80.00,EUR,1,37,https://www.vinted.es/items/10278596635-trainers,https://images1.vinted.net/t/01_0177e_4TmK1aW5z6MRovyDqM3YKd19/f800/8c0f2a35.webp?s=26f88e1a5d7502dc53688198e670c59345714cb3
2026-10-07T11:27:52,10278595696,Copenhagen Sneaker,Copenhagen Studios,80.00,EUR,0,40,https://www.vinted.es/items/10278595696-copenhagen-sneaker,https://images1.vinted.net/t/02_0250a_Wh99mC5a7TebhzUeAB2yFbZM/f800/5dd35516.webp?s=9950ec81354a9bce3dda77ed1b09efe31571f585
2026-10-07T11:27:52,10278594991,Autry sneakers,Autry,100.00,EUR,0,40,https://www.vinted.es/items/10278594991-autry-sneakers,https://images1.vinted.net/t/05_02658_o2j7H21B7oHMZZnpW5dHaUcz/f800/097bb457.webp?s=79ef897cefb6258add9d39cc725fe0924b401544
2026-10-07T11:27:52,10278594579,Aigner Leder Sneaker Gr. 39,Aigner,79.00,EUR,0,39,https://www.vinted.es/items/10278594579-aigner-leder-sneaker-gr-39,https://images1.vinted.net/t/06_00c17_muLRh8MW66bsejtJdgqP1PqJ/f800/7781b283.webp?s=7d5eab9c89542c2cac47d0edb6bba300ac2c3e98
2026-10-07T11:27:52,10278363439,Adidas Gazelle indoor Sean Whoterspoon,adidas,218.00,EUR,0,42,https://www.vinted.es/items/10278363439-adidas-gazelle-indoor-sean-whoterspoon,https://images1.vinted.net/t/06_0238b_CmWteVZbewyJynA1tLCBm37H/f800/bcaa47ab.webp?s=96258e032a6773a4a9ce249d52b2129796edf34e
2026-10-07T11:27:52,10273953970,Basket ugg lo lowmel 41 neuves,UGG,100.00,EUR,0,41,https://www.vinted.es/items/10273953970-basket-ugg-lo-lowmel-41-neuves,https://images1.vinted.net/t/02_01798_Fs1VFhC5VGc1THiEMG1DQrbt/f800/9750cff4.webp?s=ecd9e874e3a2f9a940916d675d8483a1115dbc08
2026-10-07T11:27:52,10278590635,Sneakers hi tec,Hi-Tec,110.00,EUR,0,43,https://www.vinted.es/items/10278590635-sneakers-hi-tec,https://images1.vinted.net/t/06_0083c_U7LhBKX3t79CBVJKj3qhAAkw/f800/9a3f9fc8.webp?s=4e0f2fb5ad2c1873fb3f87388674b20df971dc14
2026-10-07T11:27:52,10278589620,Scarpe,New Balance,90.00,EUR,0,41.5,https://www.vinted.es/items/10278589620-scarpe,https://images1.vinted.net/t/01_00fe1_Y2ZGmDecBvodxYXSKvtyq2P9/f800/d0bd0075.webp?s=55aba63f454d995d121b95230676e2c9b5346dbe
2026-10-07T11:27:52,10278587332,Adidas samba x Wales bonner,adidas x Wales Bonner,180.00,EUR,1,38.5,https://www.vinted.es/items/10278587332-adidas-samba-x-wales-bonner,https://images1.vinted.net/t/01_00a95_mtQc8AgQVHV5T8AtRzaf3diy/f800/4449aa0a.webp?s=618f39ad2697d1788463caa281b822be022d7f04
2026-10-07T11:27:52,10278585070,Alexander Mcqueen,Alexander McQueen,120.00,EUR,0,39,https://www.vinted.es/items/10278585070-alexander-mcqueen,https://images1.vinted.net/t/02_00fa4_tLemMGCn95fXdCvppnQEpTvN/f800/f6afd3dd.webp?s=b618fe61b3725ca8732fd28369aa51f44cdf4d04
2026-10-07T11:27:52,10278582989,New Balance Loafer,New Balance,70.00,EUR,0,40.5,https://www.vinted.es/items/10278582989-new-balance-loafer,https://images1.vinted.net/t/04_0061e_UZroMzSZkhcqstxcYBt5L1jf/f800/755c6dfe.webp?s=310e75497c4ff0b24c7e66869f67d340ae1dbfa5
2026-10-07T11:27:52,10278581911,Fendi schoenen,Fendi,70.00,EUR,0,36,https://www.vinted.es/items/10278581911-fendi-schoenen,https://images1.vinted.net/t/05_00ced_DQK5RBKWF7i9BbmDYELbUrcq/f800/55e037a1.webp?s=ade95f4d3d84669616c29cadc16b131142498a86
2026-10-07T11:27:52,10278581471,Nike Air Forcé 1’ 07 x Nocta Rose “ Love You Forever “,Nike x Nocta,70.00,EUR,4,40,https://www.vinted.es/items/10278581471-nike-air-force-1-07-x-nocta-rose-love-you-forever,https://images1.vinted.net/t/05_00407_cD4vftmFXH8nQYkDC9wcQxpA/f800/7cf1fdfb.webp?s=f7e1cc40f519ea65a3b6587d08c4d8ee9d1e3b34
2026-10-07T11:27:52,10273880568,New Balance 9060 U9060LNY – 38,New Balance,95.00,EUR,1,38,https://www.vinted.es/items/10273880568-new-balance-9060-u9060lny-38,https://images1.vinted.net/t/02_00994_CcY8LpAQ3ZER8naCBhBjRu7F/f800/15e71569.webp?s=5e870cc377666dea75c7d95eb07fee70fdcc688c
2026-10-07T11:27:52,10278577029,Nike Air sneakers,Nike,99.00,EUR,0,38,https://www.vinted.es/items/10278577029-nike-air-sneakers,https://images1.vinted.net/t/02_0064f_tH83v7uPAEMLE729zchvCnvD/f800/b119e687.webp?s=a6752e32b4e0abb6b76342d2b4658215c68d1af7
2026-10-07T11:27:52,10278573135,Baskets LV,Louis Vuitton,190.00,EUR,0,38.5,https://www.vinted.es/items/10278573135-baskets-lv,https://images1.vinted.net/t/02_011e7_K2N4wv6JCtRGKLAFhf1sJaeF/f800/548b3984.webp?s=328a6d7f02cba872f49ec8a8c3cdadfcc06c93de
2026-10-07T11:27:52,10278574426,Paire de baskets Miu Miu,Miu Miu,189.00,EUR,0,40,https://www.vinted.es/items/10278574426-paire-de-baskets-miu-miu,https://images1.vinted.net/t/05_01beb_G2ewN6ULVcTNW2XSHvZ5Utcx/f800/9fadc93f.webp?s=06a541ccaf06766b25ffe6124be84f9858b3310b
2026-10-07T11:27:52,10278573251,Samba noir,adidas,70.00,EUR,0,38.5,https://www.vinted.es/items/10278573251-samba-noir,https://images1.vinted.net/t/06_01fea_LRjS9RTUAirz6CfRTpsFbfEx/f800/f8557483.webp?s=8005f907b5edee50e4c8bf8fe6477878edcbdc87
2026-10-07T11:27:52,10278571149,Sneaker eytys chunky,Eytys,110.00,EUR,0,36,https://www.vinted.es/items/10278571149-sneaker-eytys-chunky,https://images1.vinted.net/t/05_024e5_S4PnwxKpWbAcR2UK1f79tjPo/f800/d4dd6bab.webp?s=7f7eb0afe6d50c659d6c178a96883c559449f860
2026-10-07T11:27:52,10278570817,Sneaker Dolce gabanna 40,Dolce & Gabbana,150.00,EUR,0,40,https://www.vinted.es/items/10278570817-sneaker-dolce-gabanna-40,https://images1.vinted.net/t/06_0031f_owEyuD3nhAnq1gSKXVpAydm8/f800/4dd1ee77.webp?s=a9f92699f2c29169a22dda04d03e886141f90437
2026-10-07T11:27:52,10278565805,Michael Kors Olympia Sneaker Gr.37,Michael Kors,85.00,EUR,0,37,https://www.vinted.es/items/10278565805-michael-kors-olympia-sneaker-gr37,https://images1.vinted.net/t/06_00910_vucQTmjWH2BZhHtMNsmNd2fT/f800/09edc642.webp?s=58bd1248727e90eb98e90cb9cec634921de3d456
2026-10-07T11:27:52,10278565186,Nike V5 RNR Donna,Nike,100.00,EUR,0,39,https://www.vinted.es/items/10278565186-nike-v5-rnr-donna,https://images1.vinted.net/t/01_00d11_2ZRmbPNsXv7C925eTD8UXV9X/f800/8468ac18.webp?s=0909ed66a1560fdfdb274b3207d627ff142c7975
2026-10-07T11:27:52,10278564915,Adidas spezial cow print,adidas,93.00,EUR,2,38,https://www.vinted.es/items/10278564915-adidas-spezial-cow-print,https://images1.vinted.net/t/01_008a0_DSPsavGcnnRCRMVqMXwZesQL/f800/ac71ae07.webp?s=0cf90d5f678a07b73e6d07336284302635f31f55
2026-10-07T11:27:52,10278562117,basket smr,Semerdjian,75.00,EUR,0,36,https://www.vinted.es/items/10278562117-basket-smr,https://images1.vinted.net/t/05_0161e_dtqRuPDqpWojr2YJU6aL2qD6/f800/1d398407.webp?s=c2aaa94faff9008d405a5bc706f1964c9fd9594d
2026-10-07T11:27:52,10278561675,Nike Air Max 90 Reverse Duck Camo,Nike,150.00,EUR,0,36.5,https://www.vinted.es/items/10278561675-nike-air-max-90-reverse-duck-camo,https://images1.vinted.net/t/01_00015_cqvR8tMSB57DjcA9BMSsyFas/f800/011c23da.webp?s=b399f0bebb0324575c2e3a8972363208b8eb9b55
2026-10-07T11:27:52,10278561361,Converse,Converse,70.00,EUR,0,38,https://www.vinted.es/items/10278561361-converse,https://images1.vinted.net/t/05_00606_FcGjKKBzcTkZBzpPr2cEDycz/f800/f392e277.webp?s=169ba97bf37fc0e9730690de55066f228f948318
2026-10-07T11:27:52,10278555619,Autry Reelwind Super Vintage,Autry,115.00,EUR,0,38,https://www.vinted.es/items/10278555619-autry-reelwind-super-vintage,https://images1.vinted.net/t/03_0268d_JRLzT3eziX242VAVYnu6Sngw/f800/78ce67be.webp?s=4b99443263a4720ef7b3e98d7a0b9535e8e19ea3
2026-10-07T11:27:52,10278556890,New Balance,New Balance,80.00,EUR,0,40,https://www.vinted.es/items/10278556890-new-balance,https://images1.vinted.net/t/04_0134b_yeBfAYHfNDKgwZWe6zSozoHB/f800/1aed88e0.webp?s=e39e74d21e8c7d1c76fe68a1a9597ee1302173d1
2026-10-07T11:27:52,10278558346,PURAAI in cavallino Leopardato,Puraai,85.00,EUR,0,38,https://www.vinted.es/items/10278558346-puraai-in-cavallino-leopardato,https://images1.vinted.net/t/06_020db_e5nDd3thvPLz41manbDRWMcX/f800/7ddac14d.webp?s=cb4ba9d23b3e8044b0c131300bb0f0b5ed65d3e8
2026-10-07T11:27:52,10278546913,Nike P-6000 SE,Nike,75.00,EUR,0,39,https://www.vinted.es/items/10278546913-nike-p-6000-se,https://images1.vinted.net/t/02_009b5_VTMvV3dEu4btuofa6XSVgUhZ/f800/ee4aeb14.webp?s=d7e92eae54f7d9ac5a948ee25dadcb26cdaece0f
2026-10-07T11:27:52,10278545999,Timberland sneakers White,Timberland,90.00,EUR,0,39,https://www.vinted.es/items/10278545999-timberland-sneakers-white,https://images1.vinted.net/t/06_00936_pz5D5eZXbKarnc1P4cTH3Ege/f800/96ca7652.webp?s=220b77567e2bc606869ad1ab33bc1939407923e8
2026-10-07T11:27:52,10278545466,Samba Bleu marine,adidas,75.00,EUR,0,38,https://www.vinted.es/items/10278545466-samba-bleu-marine,https://images1.vinted.net/t/06_00b26_gBA4BtHPjQAPKkHa9y7ZKiD5/f800/55dd8b8d.webp?s=82876ce133679926d02a82eb9f231839a9fb5b60
2026-10-07T11:27:52,10269887834,Cinzia type araia double zip boots sneaker mdma rick,Cinzia Araia,105.00,EUR,4,39,https://www.vinted.es/items/10269887834-cinzia-type-araia-double-zip-boots-sneaker-mdma-rick,https://images1.vinted.net/t/02_026a1_6HbxVciNrCd4hNjH4RX3rYoR/f800/edd6d43e.webp?s=c3de70c60a918ad2735aa696583a3a957e2d8152
2026-10-07T11:27:52,10278543693,Golden goose básicas plata,Golden Goose,350.00,EUR,0,39,https://www.vinted.es/items/10278543693-golden-goose-basicas-plata,https://images1.vinted.net/t/05_02315_YD4nuo4AsQxpsNjdUbLK1w2x/f800/063988db.webp?s=8d1308ae925e4bccdaee667fcac0928c2d01c811
2026-10-07T11:27:52,10278539138,Basket de ville,Ralph Lauren,70.00,EUR,0,39,https://www.vinted.es/items/10278539138-basket-de-ville,https://images1.vinted.net/t/03_0151e_ikmMTp5tSWk8XoELdYgX75iF/f800/1a422d74.webp?s=43fd4d187f9d9a3f5b7fac3f0434bf9b1cb36885
2026-10-07T11:27:52,10278539080,New Balance 530 Brown 38,New Balance,70.00,EUR,5,38,https://www.vinted.es/items/10278539080-new-balance-530-brown-38,https://images1.vinted.net/t/01_0247f_CmnAGRC1tnN43wQw2zanz4r1/f800/8b2a3cfc.webp?s=861e2520a6d72cd3104d2565a5e8712830ecc322
2026-10-07T11:27:52,10273834413,Marc Jacobs sneakers 72,Marc Jacobs,180.00,EUR,1,38,https://www.vinted.es/items/10273834413-marc-jacobs-sneakers-72,https://images1.vinted.net/t/04_0091e_XmEZNeroZSwxFMNuvDTh2bsz/f800/37c78ae4.webp?s=c98839bf5dd5b0dd8e7b3e2f58583c63449eab5a
2026-10-07T11:27:52,10278537944,New balance 740,New Balance,70.00,EUR,0,37,https://www.vinted.es/items/10278537944-new-balance-740,https://images1.vinted.net/t/06_011ae_LMbJbJejDs1Pj3UbGut5iB5D/f800/31003f01.webp?s=cf56fe96d6cd61bb365fc0f8fe3002699b86476d
2026-10-07T11:27:52,10278541506,Nike Air Max Moto 2K,Nike,110.00,EUR,0,37.5,https://www.vinted.es/items/10278541506-nike-air-max-moto-2k,https://images1.vinted.net/t/02_00f2d_Eo1iRWAF3aXPqvSSLnyMEmHN/f800/a29de3e7.webp?s=433a564fa6f5997af6738b5cd51232082452f3a7
2026-10-07T11:27:52,10278221531,👟Sneakers Acanto P38 Neuves,acanto,116.00,EUR,0,38,https://www.vinted.es/items/10278221531-sneakers-acanto-p38-neuves,https://images1.vinted.net/t/05_00934_3R9GiWBfnffokjhGM957W2LV/f800/ea3c65f4.webp?s=f417c5b5b71c4e5ff419b76396b5d53455b63d14
2026-10-07T11:27:52,10278539075,Salomon XT-MM6,Salomon,130.00,EUR,0,37,https://www.vinted.es/items/10278539075-salomon-xt-mm6,https://images1.vinted.net/t/01_01739_pmkN794u5NMNG7hHNa2bZ3WJ/f800/ee273fd7.webp?s=e3db2905fdc70deb70c6025a1e082f7dc207d9cc
2026-10-07T11:27:52,10278535857,NEU! Sneaker SUN68 hoher NP. Gr. 37,Sun68,70.00,EUR,0,37,https://www.vinted.es/items/10278535857-neu-sneaker-sun68-hoher-np-gr-37,https://images1.vinted.net/t/06_00c93_om6UjHASQ2tyEJ61BBaNoZEx/f800/e45dfa3d.webp?s=11a60dfd0819313333af7e5061799b8a361cc6e1
2026-10-07T11:27:52,10278533708,Vans Classic Slip-On Black/Black Nuove – 39,Vans,85.00,EUR,0,39,https://www.vinted.es/items/10278533708-vans-classic-slip-on-blackblack-nuove-39,https://images1.vinted.net/t/05_0029b_1nyUewDJ6suXucgUZL1nzWDT/f800/3d4122ff.webp?s=56b65ccb2ddc0e85d0bc135d0fa800a76c6b8722
2026-10-07T11:27:52,10278529648,Saucony Omni 9,Saucony,99.99,EUR,0,37,https://www.vinted.es/items/10278529648-saucony-omni-9,https://images1.vinted.net/t/06_021b3_GEH7VsemT5PpuxDaC737yp9u/f800/709053c8.webp?s=d502c1d7f56f6004357678c5138cbcd372042e8a
2026-10-07T11:27:52,10278533735,Groundies - Nova GS,GROUNDIES,90.00,EUR,0,41,https://www.vinted.es/items/10278533735-groundies-nova-gs,https://images1.vinted.net/t/04_0242f_FVzkjwB2h655qdD4arpuyV1U/f800/1c8af23c.webp?s=563c5e9c5c06b1b8de697b1a0fb8c6f850930204
2026-10-07T11:27:52,10273810043,Travis Scott X Nike,Nike,160.00,EUR,0,39,https://www.vinted.es/items/10273810043-travis-scott-x-nike,https://images1.vinted.net/t/05_00d08_KDVaHqRT6Vt5QQSESSiJu8tm/f800/e3580d5e.webp?s=a28eb8f8201b601eaace9b01650b545d3bd7df00
2026-10-07T11:27:52,10278530940,Real Balenciaga,Balenciaga,120.00,EUR,0,36,https://www.vinted.es/items/10278530940-real-balenciaga,https://images1.vinted.net/t/04_00bd2_baTG4kCZSWTcgSP4XgQTaGrY/f800/b43ae63a.webp?s=6abc893a1013d23227d3da693449a9acaa74670d
2026-10-07T11:27:52,10278528845,Heren sneakers Dstrezzed,Dstrezzed,75.00,EUR,0,40,https://www.vinted.es/items/10278528845-heren-sneakers-dstrezzed,https://images1.vinted.net/t/05_026c4_dE97qZ74TsyYSFopGuLarPwi/f800/36ca48bd.webp?s=fe714fade994fd892a7d3d8b417c7ae184d05cde
2026-10-07T11:27:52,10278521437,Basket Nike,Nike,120.00,EUR,0,37.5,https://www.vinted.es/items/10278521437-basket-nike,https://images1.vinted.net/t/03_013d8_mrj5mf6vuRN59XSpdPN1KZD2/f800/be86a162.webp?s=f902ec86855f4ce296c3ddf0dff11300f4797e43
2026-10-07T11:27:52,10278521314,Sehr gebrauchte Sneaker,Nike,100.00,EUR,0,40,https://www.vinted.es/items/10278521314-sehr-gebrauchte-sneaker,https://images1.vinted.net/t/02_0020e_R7Wpuh41tq3MS3C9mLr1XhK7/f800/2e5a6b6a.webp?s=f52a6a9b14f4a037e34aa65296fab15db25eb4f3
2026-10-07T11:27:52,10278513348,Saucony multicolores,Saucony,85.00,EUR,0,39,https://www.vinted.es/items/10278513348-saucony-multicolores,https://images1.vinted.net/t/05_00b00_sPJHGAvNfGEob6aAvAXviTgN/f800/8293b582.webp?s=24ff4772b92ad1a96ef709cbc693ae2ccfeb237c
2026-10-07T11:27:52,10278519099,Air Jordan 1 Mid SE (con scatola originale),Nike,100.00,EUR,0,39,https://www.vinted.es/items/10278519099-air-jordan-1-mid-se-con-scatola-originale,https://images1.vinted.net/t/05_01920_GxcVuGBHhKwQMP1QXUxandTu/f800/608f4f34.webp?s=bc88f16cf8578aa768d03afc59c1c1d679422f2b
2026-10-07T11:27:52,10273766003,Adidas Originals Samba Jane Bailarinas con hebilla Blancas,adidas,70.00,EUR,0,37.5,https://www.vinted.es/items/10273766003-adidas-originals-samba-jane-bailarinas-con-hebilla-blancas,https://images1.vinted.net/t/04_0181f_EBVitJ5HtKJgTyCw5XJobhRp/f800/e92e232c.webp?s=8939f247456b5a0aefca22b4b1e191bf25996c3b
2026-10-07T11:27:52,10278516659,ASICS Gel Nyc numero 39,Asics,100.00,EUR,1,39,https://www.vinted.es/items/10278516659-asics-gel-nyc-numero-39,https://images1.vinted.net/t/01_004d2_rv9nM2FCMrfDPGkBc2MQnTC9/f800/d83448c6.webp?s=7365060e15a06a64a0c98118e81f6c82f9317603
2026-10-07T11:27:52,10278506212,Asics,Asics,75.00,EUR,0,38,https://www.vinted.es/items/10278506212-asics,https://images1.vinted.net/t/05_02098_kqtpC3krs2nP8xPrStuaxC6t/f800/a9322136.webp?s=c851418a75f90dabe26211abd077304815f644b9
2026-10-07T11:27:52,10278488581,Asics orange 40,Asics,105.00,EUR,2,40,https://www.vinted.es/items/10278488581-asics-orange-40,https://images1.vinted.net/t/04_00005_EafPaGNmieXAugSee148NALN/f800/3208d2aa.webp?s=3230f90808e8d0f8a4b49f3011144097bed0fb81
2026-10-07T11:27:52,10278518390,UGG Lo Lowmel sneakers,UGG,75.00,EUR,1,40,https://www.vinted.es/items/10278518390-ugg-lo-lowmel-sneakers,https://images1.vinted.net/t/01_020ad_9j3RQKxafTJJrJCCMyvek9jF/f800/aba1114c.webp?s=10b338d9b973e310e65fccea7803b220cc14c2aa
2026-10-07T11:27:52,10273654633,Adidas argento nuove,adidas,75.00,EUR,0,38,https://www.vinted.es/items/10273654633-adidas-argento-nuove,https://images1.vinted.net/t/06_00feb_pEWMoC6YeneXbrdMhHxRkEJG/f800/7d5d117b.webp?s=facc8c330bf83b32c93aa3a36f10ba65eba3a7ad
2026-10-07T11:27:52,10273803606,adidas Women's Breaknet Sleek Schuh,adidas,70.00,EUR,0,37.5,https://www.vinted.es/items/10273803606-adidas-womens-breaknet-sleek-schuh,https://images1.vinted.net/t/04_009b2_jhng27whHuahvfXxkHQt9ugo/f800/d2d1ecee.webp?s=90574b025624aa0e03935b99e2c50c022e25f089
2026-10-07T11:27:52,10278511160,scarpe Nike air 270,Nike,100.00,EUR,0,39,https://www.vinted.es/items/10278511160-scarpe-nike-air-270,https://images1.vinted.net/t/06_00127_8DXH6QNha1qVzvSEdeCxGfoa/f800/a1d424e7.webp?s=84f531693b0fa14da456340ca93864abdfce1cb3
2026-10-07T11:27:52,10278510969,Zaptillas New Balance,New Balance,100.00,EUR,0,40.5,https://www.vinted.es/items/10278510969-zaptillas-new-balance,https://images1.vinted.net/t/05_01e93_FLMnBJmWDFTbtvimRwdB6Kmr/f800/c4e78ced.webp?s=8108ef7f82eef1f8eddd9fef5656aa40a3b9ec4a
2026-10-07T11:27:52,10278145015,Baskets neuves compensées,Geox,90.00,EUR,0,37,https://www.vinted.es/items/10278145015-baskets-neuves-compensees,https://images1.vinted.net/t/06_00a9b_B1fDkx5fVsADu4anM4oENPr6/f800/8a5ca0f4.webp?s=c173cb99569cf418dc057b08455ef1937dc8e72a
2026-10-07T11:27:52,10278510677,air force,Nike,150.00,EUR,0,38,https://www.vinted.es/items/10278510677-air-force,https://images1.vinted.net/t/06_02496_QcUrh3MENj2CfWJnXbWyeWjk/f800/3c102b1e.webp?s=d6f8cebd4b6720f7cff08f7b2dcc6a3cf89015c3
2026-10-07T11:27:52,10278506886,Nike x Off White sneakers size 39,Nike,95.00,EUR,0,39,https://www.vinted.es/items/10278506886-nike-x-off-white-sneakers-size-39,https://images1.vinted.net/t/05_01e79_bKK5CRXyWAkfRBhRoqPFzJmt/f800/de14b774.webp?s=ad7d3c81be4f9d2ceb75a62d96346e0d1dc6c457
2026-10-07T11:27:52,10278140470,Salomon XT6 White Lunar Rock Wit Blanc Taille Maat 39 1/3,Salomon,84.00,EUR,7,39,https://www.vinted.es/items/10278140470-salomon-xt6-white-lunar-rock-wit-blanc-taille-maat-39-13,https://images1.vinted.net/t/03_0065d_3ZR6DxbVi3vrj29VQrnYLD1b/f800/fdddfb77.webp?s=ab4b514cdb749690e1a1f1cdce06fc01985a5ba0
2026-10-07T11:27:52,10278504995,Buffalo pelliccia vegan,Buffalo,89.00,EUR,0,38,https://www.vinted.es/items/10278504995-buffalo-pelliccia-vegan,https://images1.vinted.net/t/06_01203_K4e1GDxmJmjQN4TQ5GvA2nTG/f800/99f54572.webp?s=e0f4723bbb52fdc4a4785b8df1ee410db41d4bf5
2026-10-07T11:27:52,10278504746,Nieuw: New Balance sneakers,New Balance,85.00,EUR,0,36,https://www.vinted.es/items/10278504746-nieuw-new-balance-sneakers,https://images1.vinted.net/t/02_0025e_1FAG8kkUweZPKsr6S7X4f7p2/f800/b4a5d875.webp?s=febdc68957eba4774b0d406d25572119bd1a6600
2026-10-07T11:27:52,10278504375,Baskets Adidas Samba OG 39 1/3,adidas,100.00,EUR,0,39,https://www.vinted.es/items/10278504375-baskets-adidas-samba-og-39-13,https://images1.vinted.net/t/06_0155c_t6xth6iWjMBjCDZR2TamYh3p/f800/d249a50a.webp?s=8a5c5918c4069b4dcc32350b76cdbf1382055c38
2026-10-07T11:27:52,10278504983,Back 70 • Sneaker • Größe 40,Back 70,79.00,EUR,0,40,https://www.vinted.es/items/10278504983-back-70-sneaker-grosse-40,https://images1.vinted.net/t/04_0087f_Bmz3ft9JMLSm84VYsoBPnZ5V/f800/5f69920d.webp?s=869e47ba54fa2a6c72015862759e515fc1e604a8
2026-10-07T11:27:52,10278489008,Asics,Asics,75.00,EUR,1,37,https://www.vinted.es/items/10278489008-asics,https://images1.vinted.net/t/01_0082d_QqstDAd2Kd4GhRGpsshmxPRA/f800/42a39e32.webp?s=6b62534db7555f735e46225f3642bbdf84856dea
2026-10-07T11:27:52,10278502493,Zapatos,Art,70.00,EUR,0,36,https://www.vinted.es/items/10278502493-zapatos,https://images1.vinted.net/t/01_00ded_FdJWAKVdEj9JF3LsDymme7k2/f800/7edd15c1.webp?s=14a07021dd9e4eec98d039ffee790089f18b0c4a
2026-10-07T11:27:52,10278499430,Medalist Autry Weiss Gr.40 Top Zustand,Autry,110.00,EUR,0,40,https://www.vinted.es/items/10278499430-medalist-autry-weiss-gr40-top-zustand,https://images1.vinted.net/t/05_008fb_kY8d229YEnEhDAjha6Zx4tar/f800/efa40a90.webp?s=784fdc41188cabbc0efa872ebf1be50645fd3639
2026-10-07T11:27:52,10278500238,Gucci low-top sneakers glitter,Gucci,365.00,EUR,0,40,https://www.vinted.es/items/10278500238-gucci-low-top-sneakers-glitter,https://images1.vinted.net/t/05_01554_9REHsi5VUFmVz6hTCjDBpciq/f800/fbaa508f.webp?s=8713904c7c9f3b0eb03139882949002d295a66ca
2026-10-07T11:27:52,10278500420,Baskets Dunk Nike,Nike,100.00,EUR,0,40.5,https://www.vinted.es/items/10278500420-baskets-dunk-nike,https://images1.vinted.net/t/06_0000b_k1U2txKtKxY5JpaJvkvZf7J6/f800/9fa6242e.webp?s=6ee77b6bf8acdab11c29e43da8d3d04e605e150e
2026-10-07T11:27:52,10278496227,Baskets Louis Vuitton,Louis Vuitton,210.00,EUR,1,38.5,https://www.vinted.es/items/10278496227-baskets-louis-vuitton,https://images1.vinted.net/t/03_019f4_9dHTPTzeRrUvrgK16cazmoos/f800/ab954b9b.webp?s=58fb9bec19a9110eca01add42871e9c4cf06e350
2026-10-07T11:27:52,10278485544,Basket Dunk Nike marron,Nike,70.00,EUR,0,40,https://www.vinted.es/items/10278485544-basket-dunk-nike-marron,https://images1.vinted.net/t/06_0236c_kdfVUMJsZBMLMeneaXaBvMUf/f800/c0819858.webp?s=12c8b615cf7443908a482dfc5cf532fd38666bf9
2026-10-07T11:27:52,10278286779,Isabel Marant Bobby beige maat 38,Isabel Marant,200.00,EUR,3,38,https://www.vinted.es/items/10278286779-isabel-marant-bobby-beige-maat-38,https://images1.vinted.net/t/02_01a05_7YsPuj6aH7snQDaKezGBL12o/f800/de4541ed.webp?s=3c3c0bb3826e60a06143b2caa7456a961dae940a
2026-10-07T11:27:52,10278496064,Chaussure Rose Dunk Stranger Love - Taille 42,Nike SB,110.00,EUR,0,42,https://www.vinted.es/items/10278496064-chaussure-rose-dunk-stranger-love-taille-42,https://images1.vinted.net/t/06_0253f_pM18VGRZpuysiQFDDxn7aGdC/f800/592b9628.webp?s=f8f4e3b9325012081a2b511617cc26163eca071b
2026-10-07T11:27:52,10278491837,Zapatillas Skechers Slip-ins Ultra Flex 3.0 Beauty Blend Talla 37 Multicolor YLPK Slip On Comfort,Skechers,75.00,EUR,0,37,https://www.vinted.es/items/10278491837-zapatillas-skechers-slip-ins-ultra-flex-30-beauty-blend-talla-37-multicolor-ylpk-slip-on-comfort,https://images1.vinted.net/t/03_01557_gEKA6pPpaVqPXufxrzoNqDzC/f800/34cef731.webp?s=90ae4d2bf98d619acd2758fbdf748e1ca63043ee
2026-10-07T11:27:52,10278487801,Scarpe dolce e gabbana,Dolce & Gabbana,300.00,EUR,0,37.5,https://www.vinted.es/items/10278487801-scarpe-dolce-e-gabbana,https://images1.vinted.net/t/05_007ce_H3utBW8wiaPpMZ6tZ9pqkw4d/f800/e6e03719.webp?s=2a4b13c892b1f112a9431432e40eb9a43b330654
2026-10-07T11:27:52,10278487190,Adidas Campus Sneaker 43/1/2,adidas,70.00,EUR,1,43.5,https://www.vinted.es/items/10278487190-adidas-campus-sneaker-4312,https://images1.vinted.net/t/03_00eee_SSshmL3WEjekZyRkVgQAXDX4/f800/5e2ad92c.webp?s=636e04cd1ddb8b2593f20338d5474a422c9a0d53
2026-10-07T11:27:52,10278134380,Basket new balance,New Balance,100.00,EUR,0,36,https://www.vinted.es/items/10278134380-basket-new-balance,https://images1.vinted.net/t/05_0203c_iacBsDgb5qTvpVpDa7gDcqM5/f800/8706577d.webp?s=f67d5ea565a47d8a9bc2a58e0ca942194b1f580c
2026-10-07T11:27:52,10278483975,Salomon xt4,Salomon,110.00,EUR,0,38.5,https://www.vinted.es/items/10278483975-salomon-xt4,https://images1.vinted.net/t/02_01801_E3jur3A6asqJqnvK7S2Bhw4d/f800/0855c3e7.webp?s=c8e9b7bc358baa57a9e70aa0f5a9dc2504604f32
2026-10-07T11:27:52,10278477070,Alexander McQUEEN Sneaker Gr. 39,Alexander McQueen,70.00,EUR,0,39,https://www.vinted.es/items/10278477070-alexander-mcqueen-sneaker-gr-39,https://images1.vinted.net/t/02_0199d_TFbgqnWF4jvCVhSD3YCS5ry3/f800/5180bf4b.webp?s=4ef1612d8ef9f49b012100530778622249322c3d
2026-10-07T11:27:52,10278485185,Scarpe premiata Queen,Premiata,80.00,EUR,0,37,https://www.vinted.es/items/10278485185-scarpe-premiata-queen,https://images1.vinted.net/t/05_0036f_AGriWC85AMkTiUZqkYAv9z4Q/f800/9b09bdfd.webp?s=82d5048775f283ae75f71fe44433306dd615f55a
2026-10-07T11:27:52,10278484974,Michael Kors,Michael Kors,100.00,EUR,0,37,https://www.vinted.es/items/10278484974-michael-kors,https://images1.vinted.net/t/05_01251_RwirPvPdZQh7pJcTHPWHNsnt/f800/288dadbd.webp?s=33ec6bb370837e786100b6c6c2d84e4a082af980
2026-10-07T11:27:52,10278480372,Buffalo pelliccia vegan,Buffalo,89.00,EUR,1,39,https://www.vinted.es/items/10278480372-buffalo-pelliccia-vegan,https://images1.vinted.net/t/02_015c5_YRjpUjmUYq5sB2AG5SE7vtb8/f800/caa4b138.webp?s=63a7917b45a81208e3d3c0cb4d2a9aac2ff0eb78
2026-10-07T11:27:52,10278476547,Gel cumulus 16,Asics,120.00,EUR,1,38,https://www.vinted.es/items/10278476547-gel-cumulus-16,https://images1.vinted.net/t/06_009aa_KsLcXkDkhWwKUU1kwEryq7eB/f800/64a373cb.webp?s=8341869883333f79eccb890ba1e3d1375768f299
2026-10-07T11:27:52,10278479305,"Baskets New Balance maat 37,5",New Balance,85.00,EUR,1,37.5,https://www.vinted.es/items/10278479305-baskets-new-balance-maat-375,https://images1.vinted.net/t/05_024b2_k3fgfWDqo8KtEbPdM9dH2sVE/f800/98d32ceb.webp?s=7209f5f6150cde412cb47028ca46975b8361bea6
2026-10-07T11:27:52,10278473746,Baskets adidas neufs Wales bonner,adidas x Wales Bonner,90.00,EUR,3,38,https://www.vinted.es/items/10278473746-baskets-adidas-neufs-wales-bonner,https://images1.vinted.net/t/01_008a9_TSx5SCuq3SemVqBojuQjB3Qj/f800/32ee7e5f.webp?s=dd31315db622d2e0da68f7add8e7b0aede2fadc0
2026-10-07T11:27:52,10278473469,Air Jordan 1 Mid,Nike,70.00,EUR,0,38.5,https://www.vinted.es/items/10278473469-air-jordan-1-mid,https://images1.vinted.net/t/05_01f4c_gV9EAxY9TaWsvkvPGHoyQZZ6/f800/3a7d3f65.webp?s=9d295949b12102e229c645b1b48f9d8f7169dc2a
2026-10-07T11:27:52,10278469025,Nike Air Force Valentinstag,Nike,80.00,EUR,1,39,https://www.vinted.es/items/10278469025-nike-air-force-valentinstag,https://images1.vinted.net/t/02_02380_zntftTAMvBBvtJouQwGQAXsT/f800/b2584f45.webp?s=3965e908bc2fcb091cd6f5fffde10faeac148e98
2026-10-07T11:27:52,10278471134,Adidas wales x bonner studs,adidas,180.00,EUR,0,38,https://www.vinted.es/items/10278471134-adidas-wales-x-bonner-studs,https://images1.vinted.net/t/01_00a37_vkgkAkNkhTzQ6ZZxYXsfwD8f/f800/338a822c.webp?s=862a602b8fd95a75fc1ef46e3dcc581a38048b45
2026-10-07T11:27:52,10278470968,Basket vans neuf,Vans,80.00,EUR,0,37,https://www.vinted.es/items/10278470968-basket-vans-neuf,https://images1.vinted.net/t/02_002aa_68ZLdE6nfFE71nNg2QREeDJQ/f800/4b9ecd3b.webp?s=2db1b22699fa9c478d48d382a90efd159eb3d167
2026-10-07T11:27:52,10278465738,Baskets Nike,Nike,80.00,EUR,0,41,https://www.vinted.es/items/10278465738-baskets-nike,https://images1.vinted.net/t/02_01c02_2zHj9XFTQ8JZxRm2yCzowrvp/f800/d4cc2c33.webp?s=246c4741ad39c294cd021c1a207062f1fda2f42f
2026-10-07T11:27:52,10278470025,Jordan melodi ehsani,Jordan,198.00,EUR,0,38,https://www.vinted.es/items/10278470025-jordan-melodi-ehsani,https://images1.vinted.net/t/06_00595_9CqXsMW8Hw7gAzUdsSbNLzfd/f800/1e45c2a2.webp?s=0731b43ddc4e513e08c059d92438a9e35ff99ebf
2026-10-07T11:27:52,10278467925,gddb schoenen,Zara,149.00,EUR,4,38,https://www.vinted.es/items/10278467925-gddb-schoenen,https://images1.vinted.net/t/02_0198e_t1LA8PLvYZJZRB7PDnrx1Xhu/f800/c415cdc7.webp?s=29aaa76555d3e3f74c34aa0a042aa60e2e64718e
2026-10-07T11:27:52,10278459724,Newbalance 9060 Beige 38 NUOVE Scontrino,New Balance,128.00,EUR,0,38,https://www.vinted.es/items/10278459724-newbalance-9060-beige-38-nuove-scontrino,https://images1.vinted.net/t/06_013f4_gsEMYUp62o9f8NFFscsU5wAX/f800/84db9a97.webp?s=f0f150856ba59ea0a05c3f89714c65af23c52b58
2026-10-07T11:27:52,10278460663,Salomon XT6 Expanse Sandy Liang - Taille 40 2/3,Salomon,125.00,EUR,0,40.5,https://www.vinted.es/items/10278460663-salomon-xt6-expanse-sandy-liang-taille-40-23,https://images1.vinted.net/t/02_0179e_QobvKh31JdV14trvCLVBaThe/f800/60354ee7.webp?s=5dc3dc0a3174c3681938ced2bb5422a48c1d800e
2026-10-07T11:27:52,10278465358,Skechers Rainbow,Skechers,75.00,EUR,0,41,https://www.vinted.es/items/10278465358-skechers-rainbow,https://images1.vinted.net/t/06_00594_v8WDuzyA6v38D9G4rAwS6ph1/f800/f7f1035f.webp?s=da23c331d82c6f90460847331508aa3415dd488a
2026-10-07T11:27:52,10278458600,New balance,New Balance,75.00,EUR,0,39.5,https://www.vinted.es/items/10278458600-new-balance,https://images1.vinted.net/t/06_00f49_yeYLfe1TqweLhfLX9LmkuP7U/f800/3e0f13a3.webp?s=37ce512666ed2e2504351fe71cc3d16c7ea95b44
2026-10-07T11:27:52,10273730186,Scarpe Adidas japan,adidas,85.00,EUR,0,40,https://www.vinted.es/items/10273730186-scarpe-adidas-japan,https://images1.vinted.net/t/05_00063_3sAxrE1ws46K91gJLfwU5k1N/f800/60bc3e4a.webp?s=13dcf468babb11978ede3c656ba5a3f8d7e4abb7
2026-10-07T11:27:52,10278459374,Zapatillas Vans Tipo bota,Vans,80.00,EUR,0,38.5,https://www.vinted.es/items/10278459374-zapatillas-vans-tipo-bota,https://images1.vinted.net/t/01_00933_gNChLUEmYG4v3KngVv6ee6rK/f800/79f9dd19.webp?s=13deede29bc803fceecc768cc00309b6f562e8b6
2026-10-07T11:27:52,10278459381,Basket yeezy 500 adidas,Yeezy,80.00,EUR,0,38,https://www.vinted.es/items/10278459381-basket-yeezy-500-adidas,https://images1.vinted.net/t/02_02033_7dDXNHHs5JB2M9SRvdr4wyW2/f800/bf25ecb5.webp?s=e2787972f223c4f77e2e4b4ac05c1bc9701ff47f
2026-10-07T11:27:52,10278453620,Ténis Valentino,Valentino Garavani,120.00,EUR,0,37.5,https://www.vinted.es/items/10278453620-tenis-valentino,https://images1.vinted.net/t/02_0009a_84Nnz3RVgZD8XFKCELAMRaBn/f800/82188f42.webp?s=e5e49dcf98b9a8043b982d5e28a071d60f334879
2026-10-07T11:27:52,10278450418,Baskets T42 neuves,Nike,95.00,EUR,0,42,https://www.vinted.es/items/10278450418-baskets-t42-neuves,https://images1.vinted.net/t/06_0017d_r26fLMmXNAp2dcLxtUsTTURA/f800/6cd3f4b6.webp?s=936606c13746d375ca0d9a0312776181082c6867
2026-10-07T11:27:52,10278452198,Yeezy Boost 350 V2 Slate/Core Black – 38 2/3,Yeezy,110.00,EUR,0,38,https://www.vinted.es/items/10278452198-yeezy-boost-350-v2-slatecore-black-38-23,https://images1.vinted.net/t/02_0082d_b5LBzELAQJ4JbdyzagMnwZsH/f800/96590492.webp?s=7a6f77873c7fa3b1a855a5229ecd869b96b6fa9a
2026-10-07T11:27:52,10278440862,Basket saint laurent,Saint Laurent,85.00,EUR,0,37,https://www.vinted.es/items/10278440862-basket-saint-laurent,https://images1.vinted.net/t/01_01214_h8BiTPnExUT6g58GPNqW7jHe/f800/9d5449d1.webp?s=340b839f3be0cbfaf63243ab65e3d8ac23d7cddb
2026-10-07T11:27:52,10278452174,Adidas Gazelle Indoor Size? Exclusive Green Yellow,adidas,200.00,EUR,0,39,https://www.vinted.es/items/10278452174-adidas-gazelle-indoor-size-exclusive-green-yellow,https://images1.vinted.net/t/02_02697_nTsGrkCB2hHQvPwP25Wb7nik/f800/f78750c7.webp?s=05515b3810c08d9d2c2c2faeba1a606b62143732
2026-10-07T11:27:52,10278441500,Sneakers donna Victoria nuove con cartellino 37,Victoria,75.00,EUR,0,37,https://www.vinted.es/items/10278441500-sneakers-donna-victoria-nuove-con-cartellino-37,https://images1.vinted.net/t/02_02174_pbZCPXFgP5FwwfjRvZYKwQaJ/f800/037d3cde.webp?s=f68d7d24aeb7c61eba67323f4b33294176994473
2026-10-07T11:27:52,10278448448,Basket Femme en cuir lisse cuir velours à motif léopard Marque BOCAGE neuve,Bocage,75.00,EUR,0,37,https://www.vinted.es/items/10278448448-basket-femme-en-cuir-lisse-cuir-velours-a-motif-leopard-marque-bocage-neuve,https://images1.vinted.net/t/02_01894_uxNvzR62ai683uqF5mZWcRRD/f800/0bb48f58.webp?s=5b07642755b77daef5b41c6e6120b32d77ba3979
2026-10-07T11:27:52,10278447516,Gazelle sneakers,Gucci,150.00,EUR,1,38,https://www.vinted.es/items/10278447516-gazelle-sneakers,https://images1.vinted.net/t/05_0025d_U6EG56J3L29iAyLFSCLAzSiM/f800/f4d79191.webp?s=32cd5b2d4fc42bb5dd8ca3810817890d47ef113a
2026-10-07T11:27:52,10278445340,"ASICS x Kiko Kostadinov UB1-S Gel-Kayano 14 - 39,5",Asics,120.00,EUR,0,39.5,https://www.vinted.es/items/10278445340-asics-x-kiko-kostadinov-ub1-s-gel-kayano-14-395,https://images1.vinted.net/t/05_0027c_aJMuWWqe8fgWMuhcvPwUQt7J/f800/3495afa7.webp?s=7e2c0e05796b8bc9bbccc9646c7aec8999d678b1
2026-10-07T11:27:52,10278420037,sneakers nuove giuseppe zanotti Frankie,Giuseppe Zanotti,250.00,EUR,0,38,https://www.vinted.es/items/10278420037-sneakers-nuove-giuseppe-zanotti-frankie,https://images1.vinted.net/t/05_006dc_SoJ2WYuaktdpmwZc21gXUSQG/f800/ceac3930.webp?s=a88e3a650ae3e6fa67b1a13cb03b5a0aa425464f
2026-10-07T11:27:52,10278433074,Sneakers pinko,Pinko,100.00,EUR,0,39,https://www.vinted.es/items/10278433074-sneakers-pinko,https://images1.vinted.net/t/06_01c15_ji5uHcRkc6ygJinvnPt2h5Bs/f800/30fc7c63.webp?s=c088e5e885ec560dd33f0eaafbda782da412a90e
2026-10-07T11:27:52,10278420909,Maison Mihara Yasuhiro Peterson 23 OG Sole Canvas Low Black,Maison Mihara Yasuhiro,150.00,EUR,0,37,https://www.vinted.es/items/10278420909-maison-mihara-yasuhiro-peterson-23-og-sole-canvas-low-black,https://images1.vinted.net/t/05_00493_sz3aLAcHUd7yB4hXmMBDY3Zp/f800/ece3568b.webp?s=c8fca2ef34591dc683d2f463237e79cfeb6cce9e
2026-10-07T11:27:52,10278443295,Adidas Samba XLG Brown & Pink (Marrone e Rosa) 5US,adidas,85.00,EUR,0,36,https://www.vinted.es/items/10278443295-adidas-samba-xlg-brown-pink-marrone-e-rosa-5us,https://images1.vinted.net/t/05_00c90_BF3Wvkdx3Zqx4byW81woXGfA/f800/149cc5cd.webp?s=4e28e26d10d1dc16015bc400b56209cfab6471a7
2026-10-07T11:27:52,10278443109,Nike shox,Nike,95.00,EUR,0,41,https://www.vinted.es/items/10278443109-nike-shox,https://images1.vinted.net/t/02_01c2b_jNUXQLV7QNUkgydaVZhX3gSu/f800/8dc8f585.webp?s=c3a34fa4e8c6cdb0cebfd213867d5c992190714c
2026-10-07T11:27:52,10278439381,Hogan 41,Hogan,245.00,EUR,0,41,https://www.vinted.es/items/10278439381-hogan-41,https://images1.vinted.net/t/06_012f0_BLbAZA1TF49Zs6SNZBKAjBtU/f800/0a880a2a.webp?s=6028c669c7c247348c95ebf7d50e340681fcff27
2026-10-07T11:27:52,10278438811,Adidas Hamburg,adidas,80.00,EUR,0,40.5,https://www.vinted.es/items/10278438811-adidas-hamburg,https://images1.vinted.net/t/05_024b9_ZX5GhkXpZLnTDnKnXdaLF1Xq/f800/effc7611.webp?s=f5a5ac33920f83a71e4f55c4c5b8d8f7dd18c12d
2026-10-07T11:27:52,10278438001,Baskets cuir et daim marines SMR23 Semerdjian,Semerdjian,75.00,EUR,0,36,https://www.vinted.es/items/10278438001-baskets-cuir-et-daim-marines-smr23-semerdjian,https://images1.vinted.net/t/05_00979_SRGpFb6GVDaAdHRq85bzDLo2/f800/bb84fd60.webp?s=274fcb22d26c822400f852b4fe6561ea09c32f5a
2026-10-07T11:27:52,10278436979,Zapatillas Adidas Campus -nuevas,adidas,80.00,EUR,0,38,https://www.vinted.es/items/10278436979-zapatillas-adidas-campus-nuevas,https://images1.vinted.net/t/05_0041c_Z2Xsyos9xJRdaWVSM29poaCd/f800/10210d30.webp?s=b54d59cd8128a95c4469e1764fa1f28d5716ed8c
2026-10-07T11:27:52,10278434290,Basket Karl Lagerfeld Femme,Karl Lagerfeld,100.00,EUR,0,40,https://www.vinted.es/items/10278434290-basket-karl-lagerfeld-femme,https://images1.vinted.net/t/04_01388_fdzD7QSorxuun9Duz8Es5bMK/f800/0e74e1c3.webp?s=68f45a5f24855e93c216766a1e2f41fcbcff2aa7
2026-10-07T11:27:52,10278437086,"Geox platform Kency donna, N.41,Leopardata senape glitter",Geox,85.00,EUR,0,41,https://www.vinted.es/items/10278437086-geox-platform-kency-donna-n41leopardata-senape-glitter,https://images1.vinted.net/t/06_011c4_GgpfuYH9P1VaD3RPzNm9gaxW/f800/e5078a6c.webp?s=4c5223aee73d892deaebabc2120ea557c17eff05
2026-10-07T11:27:52,10278420192,Saucony omni 9,Saucony,90.00,EUR,2,39,https://www.vinted.es/items/10278420192-saucony-omni-9,https://images1.vinted.net/t/05_01ed8_tAvUSN2dQXFDQTT4xms89Bnp/f800/690bea53.webp?s=4c76989bfb77fe281289dbd677bc69f1e2e7aa98
2026-10-07T11:27:52,10278433075,spezial nere,adidas,90.00,EUR,0,38,https://www.vinted.es/items/10278433075-spezial-nere,https://images1.vinted.net/t/05_01e53_Be3asfD6T5fSP2VR5sZXk9PP/f800/6aec98a7.webp?s=fbda9a682254a2462bf296c84510be37afd7ac77
2026-10-07T11:27:52,10278431247,Adidas samba 43 1/3,adidas,70.00,EUR,0,43,https://www.vinted.es/items/10278431247-adidas-samba-43-13,https://images1.vinted.net/t/06_0116c_ACXNUcmmhE618BfQzNg8fKTL/f800/353744a2.webp?s=1b23fce95f44773c1dc5d96677c9bc065d4fa7e8
2026-10-07T11:27:52,10278414240,onitsuka tiger mexico 66 en 38,Onitsuka Tiger,70.00,EUR,2,38,https://www.vinted.es/items/10278414240-onitsuka-tiger-mexico-66-en-38,https://images1.vinted.net/t/05_01e1c_STbB2ob37BWsXfjRB9VCKJHK/f800/659fadd1.webp?s=a8365c3376c3c7b9142875256418b930a84677fe
2026-10-07T11:27:52,10278429664,New Balance 9060,New Balance,150.00,EUR,0,38,https://www.vinted.es/items/10278429664-new-balance-9060,https://images1.vinted.net/t/02_00d1c_gDsd6CZ7EVEZpRWBViW7ce8h/f800/2cef55f0.webp?s=8de38a3a13f33fae8110f143893d7d663ef6e9c2
2026-10-07T11:27:52,10278429273,Baskets Karl Lagerfeld 41,Karl Lagerfeld,98.00,EUR,0,41,https://www.vinted.es/items/10278429273-baskets-karl-lagerfeld-41,https://images1.vinted.net/t/02_0096e_6N6HJ2yJoZgmWtLssGxU6duk/f800/8749f963.webp?s=27a5304dc48015d32c95b4ab763eb2384b917f2d
2026-10-07T11:27:52,10278430883,Dunk Nike rose,Nike,100.00,EUR,0,36,https://www.vinted.es/items/10278430883-dunk-nike-rose,https://images1.vinted.net/t/02_019e3_MrYpBNVeUNXJmj1AvCgsDFqx/f800/8e54e577.webp?s=bf686e4311795a74126c8f23ffe5e2d5b23e8dba
2026-10-07T11:27:52,10278312917,Asics Kayano 14 Semelle Rose - 40,Asics,80.00,EUR,1,40,https://www.vinted.es/items/10278312917-asics-kayano-14-semelle-rose-40,https://images1.vinted.net/t/06_0207d_yKCawgtAVM2MBTqC1fCyxWAb/f800/1357f591.webp?s=bae586b5ba630535bed9252a2c95e721cbb7d425
2026-10-07T11:27:52,10273707103,Womens adidas spezial,adidas,75.00,EUR,0,37,https://www.vinted.es/items/10273707103-womens-adidas-spezial,https://images1.vinted.net/t/01_0141c_RuBa6WoPTiWCUT4Ljjb3CWP3/f800/2ab39164.webp?s=d85d80cd7ae1a74b5e7602b997740a04f5b41329
2026-10-07T11:27:52,10278416103,Baskets On cloudit,On Cloud,140.00,EUR,1,39,https://www.vinted.es/items/10278416103-baskets-on-cloudit,https://images1.vinted.net/t/05_00e9b_EdgP9YSgnk3TMzSqTKFSYkh1/f800/01a11a13.webp?s=a3e5dafcc5e1255339797c4a2eaa0d41b003fb6d
2026-10-07T11:27:52,10278340926,Baskets On,On Cloud,75.00,EUR,0,40.5,https://www.vinted.es/items/10278340926-baskets-on,https://images1.vinted.net/t/06_00b8e_FmV6qoURNiciJHSmNxyzq9zm/f800/95f254ac.webp?s=17d1f49fa9464477036379bca3e624eea730e99b
2026-10-07T11:27:52,10278424143,Basket addidas gazelle marron,adidas,75.00,EUR,0,38.5,https://www.vinted.es/items/10278424143-basket-addidas-gazelle-marron,https://images1.vinted.net/t/01_01ddd_hH3S6M2Y8vjbTMbJCHawR7wi/f800/9601ce13.webp?s=fa4d5cc89330797cb712757cab2a57246f0b99b9
2026-10-07T11:27:52,10278426527,Adidas Samba,adidas,80.00,EUR,4,42,https://www.vinted.es/items/10278426527-adidas-samba,https://images1.vinted.net/t/02_02612_3WehJ7C67Db4doKsjai5WvmZ/f800/640fb5cf.webp?s=b6ad564d9d3648bb724d1add05967177972d7a74
2026-10-07T11:27:52,10278427181,Nike air Max 90,Nike,85.00,EUR,0,35.5,https://www.vinted.es/items/10278427181-nike-air-max-90,https://images1.vinted.net/t/01_0034e_CqsDsbV2nLd1u9gXQJTDkyM3/f800/9375ed7c.webp?s=94893a5f9ff3823a251a59892f89989bbdbffd3d
2026-10-07T11:27:52,10278398031,New balance 370,New Balance,80.00,EUR,0,39.5,https://www.vinted.es/items/10278398031-new-balance-370,https://images1.vinted.net/t/02_014f1_x3CndStqn1zkBGgP1SKwtq6B/f800/7b25106d.webp?s=a2fd564ad4e46c5d340f98f84a686cffdc5087da
2026-10-07T11:27:52,10278426107,Högl nuovissime per laitunno,HÖGL,80.00,EUR,0,38,https://www.vinted.es/items/10278426107-hogl-nuovissime-per-laitunno,https://images1.vinted.net/t/02_011b0_7uwXsCh25uvPLJCT63AVYj1m/f800/287fb2bf.webp?s=1270be8aa384e8da04abbcbe6c1c586efb05298c
2026-10-07T11:27:52,10278425426,Campus Baeige,adidas,80.00,EUR,0,40.5,https://www.vinted.es/items/10278425426-campus-baeige,https://images1.vinted.net/t/02_01b2a_TFeN7tmqpvkSv2Tvp4JUhtLs/f800/3185e8b8.webp?s=c722d388b66d1c1d2df43db805cfa1579ee5092b
2026-10-07T11:27:52,10278404679,Baskets Adidas SL 72,adidas,80.00,EUR,1,38.5,https://www.vinted.es/items/10278404679-baskets-adidas-sl-72,https://images1.vinted.net/t/02_01bef_qYWfiSbfZXchNcAVyTbGqqrk/f800/847a186d.webp?s=d4a62eb99a68833b32194aade22914ee854aed9f
2026-10-07T11:27:52,10278423726,Baskets Hoff,HOFF,80.00,EUR,1,38,https://www.vinted.es/items/10278423726-baskets-hoff,https://images1.vinted.net/t/06_0117b_APVLY9NDdXu2KuqiUid9UHP4/f800/963dca97.webp?s=156b935cd8a162cfda014567fd371ca1f2808739
2026-10-07T11:27:52,10278424449,Nike Air 270,Nike,80.00,EUR,0,40.5,https://www.vinted.es/items/10278424449-nike-air-270,https://images1.vinted.net/t/02_016f4_gVqHBWWTrdny213RAkCfBpd9/f800/98d34b80.webp?s=f0d94cf6d73843ad7795959d2b994439a69d8ef0
2026-10-07T11:27:52,10278357287,Nike Air Max 90 Premium Oatmeal.,Nike,99.00,EUR,3,39,https://www.vinted.es/items/10278357287-nike-air-max-90-premium-oatmeal,https://images1.vinted.net/t/06_00765_NZTToS79PQsTixh4euLZ34tp/f800/917e5998.webp?s=e35b4b2693f2a3334a4d99fadd86aa0ab1171ffa
2026-10-07T11:27:52,10278419684,Alexander McQueen zwarte velvet sneakers maat 40,Alexander McQueen,175.00,EUR,0,40,https://www.vinted.es/items/10278419684-alexander-mcqueen-zwarte-velvet-sneakers-maat-40,https://images1.vinted.net/t/02_0055a_DDZGAfoKad4Rrp5mQvRu57dW/f800/54bfc149.webp?s=bc4cb788e3c585d6ba0ef2f6735ffdc6f9a5cf25
2026-10-07T11:27:52,10278421088,Dolce & Gabbana Sneaker in 37,Dolce & Gabbana,150.00,EUR,0,37,https://www.vinted.es/items/10278421088-dolce-gabbana-sneaker-in-37,https://images1.vinted.net/t/01_01d1a_JYHbvkrkwMVEggZfLsRNGMLg/f800/19024d3a.webp?s=36ca975515cafee05774894095e050a514466cb8
2026-10-07T11:27:52,10278417988,Cristian Audigier SHOES,Christian Audigier,75.00,EUR,0,38,https://www.vinted.es/items/10278417988-cristian-audigier-shoes,https://images1.vinted.net/t/02_0218f_9AJDNFKH5DnF5q3YL94oFLWd/f800/a4d52e5e.webp?s=33fccc6f4ea7ea990ef235e1c6235d3a0a06a999
2026-10-07T11:27:52,10278401171,Nike Shox unisex rot weiß Größe 39,Nike,80.00,EUR,0,39,https://www.vinted.es/items/10278401171-nike-shox-unisex-rot-weiss-grosse-39,https://images1.vinted.net/t/05_01433_PkzzVUF44tnxzYZNjHZxiwxS/f800/4187afde.webp?s=78cec3a463c2169f449da42821352c036a994264
2026-10-07T11:27:52,10278402119,asics doré,Asics,110.00,EUR,0,40,https://www.vinted.es/items/10278402119-asics-dore,https://images1.vinted.net/t/01_01080_Fi6zZDPDA773ip9w1gWCgViL/f800/955ad276.webp?s=4729c26351194b0750d2ac89feba3a4d7b4c7195
2026-10-07T11:27:52,10278378138,Salomon XT6 Wren Kangoroo Vanilla Ice Beige Brown - Pointure 40 EU,Salomon,87.50,EUR,19,40,https://www.vinted.es/items/10278378138-salomon-xt6-wren-kangoroo-vanilla-ice-beige-brown-pointure-40-eu,https://images1.vinted.net/t/06_002d1_uLzcWKyonRCDvgEfdEEWrkGE/f800/a5b2a200.webp?s=357e0e220749ba9d0f03bcdb35813cffc9cfa4bc
2026-10-07T11:27:52,10278417689,Alte stallschuhe mit Geruch,Alte stallschuhe mit Geruch,75.00,EUR,2,40.5,https://www.vinted.es/items/10278417689-alte-stallschuhe-mit-geruch,https://images1.vinted.net/t/02_01c90_2PDo3mTDUDA3UgYHsBf88MYX/f800/86de411d.webp?s=0d3b38ffa42be1706cdba659ee55fe6303add1a1
2026-10-07T11:27:52,10278410587,Baskets new balance 9060,New Balance,150.00,EUR,0,38.5,https://www.vinted.es/items/10278410587-baskets-new-balance-9060,https://images1.vinted.net/t/02_01e36_5B8VSV9tZ3aXqbUpANmsPUVe/f800/6df81335.webp?s=447bfeba5e21a430baf96958e2da932cdd63a7aa
2026-10-07T11:27:52,10278399344,Nike Air,Nike,70.00,EUR,0,39,https://www.vinted.es/items/10278399344-nike-air,https://images1.vinted.net/t/02_021ee_SdcyBeiwe2CML6yGquaMiJNm/f800/5d454f38.webp?s=cbb829968c1c05ba7838318112d881b1c654bed1
2026-10-07T11:27:52,10278413363,Hidnander 41,Hidnander,99.00,EUR,0,41,https://www.vinted.es/items/10278413363-hidnander-41,https://images1.vinted.net/t/02_01951_hCKkBf9TCUfMiUAsVJ1eFeCU/f800/5753f4a2.webp?s=4bdf93f2ea71d08c49cce8b2d44710e24251a97e
2026-10-07T11:27:52,10278409231,Nike P6000 beige,Nike,85.00,EUR,0,39,https://www.vinted.es/items/10278409231-nike-p6000-beige,https://images1.vinted.net/t/06_015d7_y4msk1DizzNKqFbPgZLCuDPw/f800/951d57b1.webp?s=aa61fbd432fce71ef7b3b394c8d03cccd58dd7b2
2026-10-07T11:27:52,10278405703,Nike rift 2. Size 42,Nike,150.00,EUR,0,42,https://www.vinted.es/items/10278405703-nike-rift-2-size-42,https://images1.vinted.net/t/05_003a3_JxqyZSzUq1gBr9Tgaw6pHUHD/f800/e2aaead0.webp?s=072283ad4b1382b6348f9440ac48022c78415ea6
2026-10-07T11:27:52,10278403210,Nike Shox TL schwarz,Nike,95.00,EUR,0,39,https://www.vinted.es/items/10278403210-nike-shox-tl-schwarz,https://images1.vinted.net/t/06_01932_aSVD9aBT6JfAX5C9YT1iHW9T/f800/7d2488f6.webp?s=fd41a10f1b6c825c60010c2ba8568866a6dea747
2026-10-07T11:27:52,10275879080,adidas Samba Patent Snakeskin Silver Metallic 38,adidas,79.90,EUR,1,38,https://www.vinted.es/items/10275879080-adidas-samba-patent-snakeskin-silver-metallic-38,https://images1.vinted.net/t/04_026c7_AjZtwDroBaBFgrB4fF8JF5jm/f800/2a702fc9.webp?s=c828516e748955c1590d577cd635ef98d8f7886e
2026-10-07T11:27:52,10278401499,New Balance 9060 bruin,New Balance,80.00,EUR,9,37.5,https://www.vinted.es/items/10278401499-new-balance-9060-bruin,https://images1.vinted.net/t/02_00c6a_xA9V9UsdhCsTr1nEKPrLSJTb/f800/da8a877d.webp?s=4be5b0f4df24fa2e8a4b86cd153874b42905d7db
2026-10-07T11:27:52,10278394891,Asics gel-sekiran orange,Asics,100.00,EUR,1,42,https://www.vinted.es/items/10278394891-asics-gel-sekiran-orange,https://images1.vinted.net/t/05_005bd_PbQUsm6DMeMCHBciF1ifJVV3/f800/81520f0f.webp?s=b7d1fcb68d013332a2d734be9bfbef0252a26120
2026-10-07T11:27:52,10278400895,ASICS x Cecilie Bahnsen,Asics,150.00,EUR,1,38,https://www.vinted.es/items/10278400895-asics-x-cecilie-bahnsen,https://images1.vinted.net/t/06_01c4d_CeCndnfxVWWhfbYkFWERBPx9/f800/39d98f74.webp?s=96f0d788e4dc4783ce50ed10889cf5c8b1009e73
2026-10-07T11:27:52,10278365751,Nike Air Force,Nike,70.00,EUR,0,38.5,https://www.vinted.es/items/10278365751-nike-air-force,https://images1.vinted.net/t/02_0201e_nxbhrB5vVfVqKEPxttKLabi2/f800/5a18ac21.webp?s=7f593b826951601344360bc0fdb0a028a521a9bc
2026-10-07T11:27:52,10278356917,Nike Air Max 1 Jacquemus rouge taille 36.5,Nike,120.00,EUR,2,36.5,https://www.vinted.es/items/10278356917-nike-air-max-1-jacquemus-rouge-taille-365,https://images1.vinted.net/t/02_00ffc_5aTTkqJfdYrtLC3mTNBYDhVr/f800/e63986da.webp?s=049d28fb00b3827cb2b09717527ceb71a0558d15
2026-10-07T11:27:52,10278370879,ASICS sport style GEL-NYC unisex cream/cloud grey 39,Asics,100.00,EUR,2,39,https://www.vinted.es/items/10278370879-asics-sport-style-gel-nyc-unisex-creamcloud-grey-39,https://images1.vinted.net/t/05_00eca_JaoBNptMkZDDMBChwa1NBaPS/f800/616c1efd.webp?s=92c30d4b6e48e541c8bf5299872c57fcc509dcf7
2026-10-07T11:27:52,10278395462,"Barfuß Sneakers von Groundies, neu!!",GROUNDIES,85.00,EUR,1,41,https://www.vinted.es/items/10278395462-barfuss-sneakers-von-groundies-neu,https://images1.vinted.net/t/05_0161e_uJDLwdcRo9tYZd4S1TXTxodE/f800/50d400b6.webp?s=606619f1168eca03c9f0acb583b9e626947e2201
2026-10-07T11:27:52,10278308745,Saucony 39,Saucony,70.00,EUR,0,39,https://www.vinted.es/items/10278308745-saucony-39,https://images1.vinted.net/t/02_02415_xh29XG63KftMGKAb6YpSVSL6/f800/43e12951.webp?s=6d76940cd71b91646f6e9ef8b65defbbc3ee17e9
2026-10-07T11:27:52,10278369527,Chloe Sneaker,Chloé,120.00,EUR,3,39,https://www.vinted.es/items/10278369527-chloe-sneaker,https://images1.vinted.net/t/02_021e5_DqmfZAgrjkaLQ6Q62x2oLX5B/f800/4f4ab6c1.webp?s=1c403d203d4d444c885df0f3822e42122a20ae48
2026-10-07T11:27:52,10278393831,Nike Free Metcon 7 mujer,Nike,110.00,EUR,0,36,https://www.vinted.es/items/10278393831-nike-free-metcon-7-mujer,https://images1.vinted.net/t/06_00ff5_h5jmSJx26SGB4hnazHFYQbTf/f800/e7d22c89.webp?s=8d0a0e741a6b81d001ee900064e35894bb4ce926
2026-10-07T11:27:52,10278394622,Baskets femme,Loewe,1000.00,EUR,0,36,https://www.vinted.es/items/10278394622-baskets-femme,https://images1.vinted.net/t/01_013c9_yUGcCpg6q7N6uUz9dTqcAxdD/f800/7b7ef2c7.webp?s=a5cab4e3bfddefce01e72a206b18c9d34bbf4843
2026-10-07T11:27:52,10278356669,Neue Wildling Nebula Barfußschuhe,Wildling,95.00,EUR,0,43,https://www.vinted.es/items/10278356669-neue-wildling-nebula-barfussschuhe,https://images1.vinted.net/t/06_0183f_VUnBLwqKuHNzKGUsbmmyn5J5/f800/d7984664.webp?s=4bec7cb8680ba50234e282cba0c1b775bb38d355
2026-10-07T11:27:52,10278353565,"Nike Air Force “White Roses""",Nike,120.00,EUR,1,40,https://www.vinted.es/items/10278353565-nike-air-force-white-roses,https://images1.vinted.net/t/02_00ba0_nnppoV3paWWvpxojEwojVScA/f800/74d637fd.webp?s=1ec487fe6b8563ffda0602c30c2bf8b478650536
2026-10-07T11:27:52,10278391485,HOFF Bridge Nappa Chocolate,HOFF,145.00,EUR,0,40,https://www.vinted.es/items/10278391485-hoff-bridge-nappa-chocolate,https://images1.vinted.net/t/05_01dbc_QsuULAqf5heyBGHnvjXhZQ9x/f800/e7da0505.webp?s=86ba789f784b5554a70d46ea09f32ed554873a6b
2026-10-07T11:27:52,10273669891,Sneakers running Le Coq Sportif taille 41 neuves,Le Coq Sportif,95.00,EUR,0,41,https://www.vinted.es/items/10273669891-sneakers-running-le-coq-sportif-taille-41-neuves,https://images1.vinted.net/t/05_011fd_5PBbsxcdhDVLVSSuAcDVKz9j/f800/e40d2697.webp?s=d49e077f45d2ad18fbca1a5b74faf6698410fdfc
2026-10-07T11:27:52,10278356477,Golden Goose Superstar blanches étoile dorée paillettes,Golden Goose,150.00,EUR,18,37,https://www.vinted.es/items/10278356477-golden-goose-superstar-blanches-etoile-doree-paillettes,https://images1.vinted.net/t/01_01447_iGqiMkc6jmrmeXvujz8w9Tri/f800/86e0a659.webp?s=4123cd51324cf4fe16d3c10f309cdcd66a5d777e
2026-10-07T11:27:52,10278280270,Chaussures asics,Asics,80.50,EUR,0,38,https://www.vinted.es/items/10278280270-chaussures-asics,https://images1.vinted.net/t/05_02538_dQ3DpeE3aV2PGetf9BkSFJBi/f800/03a7c46d.webp?s=ef51935487e3857a71f32c21334011b676072007
2026-10-07T11:27:52,10278380516,Chaussure Van’s excellent état,Vans,80.00,EUR,0,36,https://www.vinted.es/items/10278380516-chaussure-vans-excellent-etat,https://images1.vinted.net/t/05_015f5_rffBPdA8SZtLFrpQ1ahyeaEP/f800/3310ec63.webp?s=bb216c531cd9239c89348d0111fcf6f84dd68563
2026-10-07T11:27:52,10278378370,New Balance 9060,New Balance,79.00,EUR,3,Autre,https://www.vinted.es/items/10278378370-new-balance-9060,https://images1.vinted.net/t/01_021eb_ATK8qoDKwwP2trQFH1QXe138/f800/aa38e62c.webp?s=e19c2bfc3f029751a090ad47cd86207bc94c0893
2026-10-07T11:27:52,10278378370,New Balance 9060,New Balance,79.00,EUR,3,Autre,https://www.vinted.es/items/10278378370-new-balance-9060,https://images1.vinted.net/t/01_021eb_ATK8qoDKwwP2trQFH1QXe138/f800/aa38e62c.webp?s=e19c2bfc3f029751a090ad47cd86207bc94c0893
2026-10-07T11:27:52,10278376994,Adidas temper run 2 W,adidas,85.00,EUR,0,41.5,https://www.vinted.es/items/10278376994-adidas-temper-run-2-w,https://images1.vinted.net/t/05_01616_sr7f8n4pad17GxQ4qNFvTvPF/f800/88f23641.webp?s=e6d2ca5fbb9cbbb8f6ab2456a1f2130dd3f98f3b
2026-10-07T11:27:52,10278280270,Chaussures asics,Asics,80.50,EUR,0,38,https://www.vinted.es/items/10278280270-chaussures-asics,https://images1.vinted.net/t/05_02538_dQ3DpeE3aV2PGetf9BkSFJBi/f800/03a7c46d.webp?s=ef51935487e3857a71f32c21334011b676072007
2026-10-07T11:27:52,10276485180,Betsey Johnson Sneaker Glanz Glamor,Betsey Johnson,70.00,EUR,3,42,https://www.vinted.es/items/10276485180-betsey-johnson-sneaker-glanz-glamor,https://images1.vinted.net/t/02_022cd_free4ys4gCDCQt4q3TZLeS37/f800/c6b5cc45.webp?s=009564a4e6d77a88f4f8bd98e31e2cf7bb7a3b6f
2026-10-07T11:27:52,10278378472,Nike Air Max 270 Weiß / Schwarz – Gr. 40.5 – NEU & Ungetragen im Karton,Nike,95.00,EUR,0,40.5,https://www.vinted.es/items/10278378472-nike-air-max-270-weiss-schwarz-gr-405-neu-ungetragen-im-karton,https://images1.vinted.net/t/06_023d1_PV6QPSQzdEM1xLAFESnvYfoy/f800/4f1ef8d4.webp?s=67244cc50657f76a8bf475e38fc222cb7585fad2
2026-10-07T11:27:52,10278372694,Zapatillas karl Lagerfeld,Karl Lagerfeld,75.00,EUR,0,38.5,https://www.vinted.es/items/10278372694-zapatillas-karl-lagerfeld,https://images1.vinted.net/t/01_00f6a_mL3iBbeoXcaSkvfkF5b8zixX/f800/948f929a.webp?s=70e9aab79e44c2b589df46d8d938e8f2ba6fb1f3
2026-10-07T11:27:52,10278377196,Versace Couture Schuhe gr.37,Versace Jeans Couture,75.00,EUR,0,37,https://www.vinted.es/items/10278377196-versace-couture-schuhe-gr37,https://images1.vinted.net/t/06_00b17_nCfEjF49zJtyqBC5xnrvZAnu/f800/202941f9.webp?s=b92b5013139437785c7c6336b9776f8e40796544
2026-10-07T11:27:52,10278366846,New Balance XC-72 Schwarze Unisex Sneakers,New Balance,85.00,EUR,0,40.5,https://www.vinted.es/items/10278366846-new-balance-xc-72-schwarze-unisex-sneakers,https://images1.vinted.net/t/01_0062b_64TL8vAB5zor8fsWvSdAd3tn/f800/8f742fc7.webp?s=2490607c6c3b11a1e624aee4e0f6458d1029f0d3
2026-10-07T11:27:52,10276826378,Baskets Nike Air Max,Nike Air,79.00,EUR,3,36.5,https://www.vinted.es/items/10276826378-baskets-nike-air-max,https://images1.vinted.net/t/06_01b3b_3db3JVXddmxs7Lh7NAtrRjtB/f800/493b78f7.webp?s=153ff1a2b3646644576bccbd1cab11e5f4cb24d8
2026-10-07T11:27:52,10278362153,New balance 530,New Balance,85.00,EUR,0,41.5,https://www.vinted.es/items/10278362153-new-balance-530,https://images1.vinted.net/t/02_024fd_nskBEyqMU63hNYQQ5pRVRQrw/f800/00247656.webp?s=2fe0e6b9b02c4ffed5254ea83f9aaf8ca4b31b32
2026-10-07T11:27:52,10278353513,Nike air max moto 2K maat 40,Nike,80.00,EUR,1,40,https://www.vinted.es/items/10278353513-nike-air-max-moto-2k-maat-40,https://images1.vinted.net/t/05_01326_7s1xsCRbDJrdyHpHPLSnziGw/f800/12a45275.webp?s=5de962caaef6486b4ffb50c734a32c8478b46a23
2026-10-07T11:27:52,10278364614,Asics Gel-Cumulus 16,Asics,99.99,EUR,0,36,https://www.vinted.es/items/10278364614-asics-gel-cumulus-16,https://images1.vinted.net/t/02_01b59_kdgbwTv433Gr7ve2pMXEjtrK/f800/7f50a368.webp?s=00c68ed6cd49aae497d57aeab31e012851d9bc87
2026-10-07T11:27:52,10278366020,Basket,Yeezy,70.00,EUR,0,39,https://www.vinted.es/items/10278366020-basket,https://images1.vinted.net/t/04_00e1b_JYzRsuHE4z6wrXLz4TShEWaB/f800/2b04ac3d.webp?s=ea3b7f6f03914a04fc7f34e83942a109c0c37616
2026-10-07T11:27:52,10278359909,New Balance 9060 Green Olivine,New Balance,180.00,EUR,1,38,https://www.vinted.es/items/10278359909-new-balance-9060-green-olivine,https://images1.vinted.net/t/02_006f0_6f5zzYFc3FQfMhyw6pWjDiiK/f800/61734186.webp?s=69f1f7ecfd2746a1874868fd4d64e24dcb92e219
2026-10-07T11:27:52,10278353446,Asics sneakers,Asics,75.00,EUR,0,40.5,https://www.vinted.es/items/10278353446-asics-sneakers,https://images1.vinted.net/t/06_006dc_waRFrYm7w7wBgo41i9nqJifL/f800/6d028f7a.webp?s=7fcc57f724260e3df01ae6677de9b629514361ee
2026-10-07T11:27:52,10278348435,Faguo - Lumbo Suede,FAGUO,70.00,EUR,0,38,https://www.vinted.es/items/10278348435-faguo-lumbo-suede,https://images1.vinted.net/t/06_0069b_mE7SmDTPX6diLgaaonV5ghvV/f800/00d4347b.webp?s=534c93ee6bf6fc4d82ca8ace8594646d30222996
2026-10-07T11:27:52,10277888402,New balance 9060,New Balance,105.00,EUR,0,39.5,https://www.vinted.es/items/10277888402-new-balance-9060,https://images1.vinted.net/t/05_00d5c_sb5rfpWwaPHxQwetH1ajHYu7/f800/000bdd7e.webp?s=3d01889fc5d0fb693f0b5b6ab837c488a33295b4
2026-10-07T11:27:52,10278356764,Nike Schuhe,Nike,80.00,EUR,12,40.5,https://www.vinted.es/items/10278356764-nike-schuhe,https://images1.vinted.net/t/04_002e5_eFCKDqvPMqVkVFtjHJVPVorw/f800/49788ba5.webp?s=efcfdc56ef3c105a6cfd65151314f7676bdbc7f0
2026-10-07T11:27:52,10273672115,Adidas spézial handball,adidas,75.00,EUR,4,39.5,https://www.vinted.es/items/10273672115-adidas-spezial-handball,https://images1.vinted.net/t/02_00b54_iMo6FdfJ2hvzdK2H5yScsZ9N/f800/ed0ba5ef.webp?s=9748dd7c3655e6cd70ac1592da5ffceb56770642
2026-10-07T11:27:52,10278351860,👟 Nike Air Force 1 Low ’07 sail Fir Green,Nike,79.00,EUR,0,38.5,https://www.vinted.es/items/10278351860-nike-air-force-1-low-07-sail-fir-green,https://images1.vinted.net/t/05_00655_Xx7wHWHe2Y9Z8Dz4RcvvkX3y/f800/668b0afb.webp?s=7e626bb34378e9bd7c39b9f1f16e29a9cbdd3340
2026-10-07T11:27:52,10278331034,New balance phantom/sea salt 40,New Balance,70.00,EUR,0,40,https://www.vinted.es/items/10278331034-new-balance-phantomsea-salt-40,https://images1.vinted.net/t/01_0171a_8dzJNqJ5HBWmxrAaWQhxRAYC/f800/0da18fea.webp?s=a09dde128ad18b4fd99ae14375217d6ace7c5d28
2026-10-07T11:27:52,10276410359,Jimmy Choo stiefel sneaker Ungetragen,Jimmy Choo,75.00,EUR,2,39,https://www.vinted.es/items/10276410359-jimmy-choo-stiefel-sneaker-ungetragen,https://images1.vinted.net/t/05_014e6_k58LaPWSotbQ7AWN3QTAswNC/f800/9205b607.webp?s=1a572ddb87b7a1da55ac61f2aafc72bcf653e96d
2026-10-07T11:27:52,10278354663,Scarpe con lacci crime london,Crime London,80.00,EUR,2,37,https://www.vinted.es/items/10278354663-scarpe-con-lacci-crime-london,https://images1.vinted.net/t/05_00a67_17NxKqNeLmfbmmRdvE6CZzAn/f800/8c6c080e.webp?s=7e13e783c376d0f7d023ed43beb19dc3eb4faa6c
2026-10-07T11:27:52,10278355117,"New Balance 9060 U90608AP Driftwood Timberwolf 38,5",New Balance,279.00,EUR,1,38.5,https://www.vinted.es/items/10278355117-new-balance-9060-u90608ap-driftwood-timberwolf-385,https://images1.vinted.net/t/02_00214_Qy9eHtMGUzR3D8pwXawfWmog/f800/a9fee06c.webp?s=2b28378f5eba34ee6a49075a87ac969b42060cea
2026-10-07T11:27:52,10278343929,Vintage Prada 39,Prada,100.00,EUR,7,39,https://www.vinted.es/items/10278343929-vintage-prada-39,https://images1.vinted.net/t/06_023ce_PKGzh4pkMk9nQ53boXHBWxsS/f800/ae5fe0d4.webp?s=3fcf00d743a8f6a3af04fb0ac644180a2610dadc
2026-10-07T11:27:52,10278335037,ASICS Gel-Cumulus 16,Asics,90.00,EUR,0,40,https://www.vinted.es/items/10278335037-asics-gel-cumulus-16,https://images1.vinted.net/t/02_000c7_CTZBvjniP9ZfLXUMjfrwmRk2/f800/eab433f0.webp?s=43be575eea5ed05aa2f1520fd632c0675e98d63c
2026-10-07T11:27:52,10271858485,Adidas Samba OG Weiß Schwarz Gr. 43 1/3 – Neu mit Etikett – Leder,adidas,80.00,EUR,7,43,https://www.vinted.es/items/10271858485-adidas-samba-og-weiss-schwarz-gr-43-13-neu-mit-etikett-leder,https://images1.vinted.net/t/01_00178_WEPG3FnkPREWHUHGiQ1xWHUA/f800/8dbd39ce.webp?s=d551e0a2998479c3e93532ad9eb807332afa5e92
2026-10-07T11:27:52,10278346558,Nike Zoom Air Fire Damen Sneaker,Nike,75.00,EUR,0,38.5,https://www.vinted.es/items/10278346558-nike-zoom-air-fire-damen-sneaker,https://images1.vinted.net/t/02_01bd0_Lbq72WMeXSFDyMTanGvcTgdq/f800/ca43edaa.webp?s=0db81a67f819b8074309f22bad52ecd91d9429c5
2026-10-07T11:27:52,10278335470,samba blache,adidas,80.00,EUR,0,42,https://www.vinted.es/items/10278335470-samba-blache,https://images1.vinted.net/t/05_0196a_FeD3xwZTNKobtYvd5iT3ZpmW/f800/b745388b.webp?s=fc9b1d4cbc9465b4737a8ccc760134ebced5bc44
2026-10-07T11:27:52,10278341825,• Adidas Sambae Liberty London Floral Embroidery 38 2/3,adidas,85.00,EUR,1,38.5,https://www.vinted.es/items/10278341825-adidas-sambae-liberty-london-floral-embroidery-38-23,https://images1.vinted.net/t/02_00111_w1zXaRPDjjEQebmfyargpF1c/f800/b8a017af.webp?s=bde634b64810b9ef9facdae0b597bf0ef61891a8
2026-10-07T11:27:52,10278306697,New balance 327 floral,New Balance,70.00,EUR,2,40,https://www.vinted.es/items/10278306697-new-balance-327-floral,https://images1.vinted.net/t/01_00408_Ai5w34WpxAmnz9gYXAPdiQgN/f800/0599f634.webp?s=9fd63e7ccdef3bc039f119341fd7d6a7ed0f2d66
2026-10-07T11:27:52,10278267879,Basket On neuve,On Cloud,90.00,EUR,1,36,https://www.vinted.es/items/10278267879-basket-on-neuve,https://images1.vinted.net/t/05_023cf_LURswELv5N9u8zVeGmR8AvCi/f800/80a2e828.webp?s=f066c25ab0bbadce8ad75b1b8aa7add188ff3213
2026-10-07T11:27:52,10278332021,Basket,Alexander McQueen,110.00,EUR,0,39,https://www.vinted.es/items/10278332021-basket,https://images1.vinted.net/t/02_01727_TJLLsoK1oLj2oHqezX9Z3xds/f800/04c864d0.webp?s=61e28bacec12f574ac5e63e8cb8a36067c82a89e
2026-10-07T11:27:52,10278338363,Chunky sneakers,Zara,100.00,EUR,0,38,https://www.vinted.es/items/10278338363-chunky-sneakers,https://images1.vinted.net/t/05_00d32_p35fuFQkcu51KGGD2yoEDddq/f800/b7976234.webp?s=ae5c4330470a5ad0c2f2353beb6abb4d0c3d4929
2026-10-07T11:27:52,10278342652,"CLAE Bradley x Petites Luxures, 40",Clae,100.00,EUR,0,40,https://www.vinted.es/items/10278342652-clae-bradley-x-petites-luxures-40,https://images1.vinted.net/t/02_00bf2_THcqAobQQsnoyiCaUR8fsSco/f800/1060de43.webp?s=fdd5d03e7ed42788e95b8903552a24e112df0c63
2026-10-07T11:27:52,10278338098,Nike Initiator Sneaker,Nike,100.00,EUR,0,40.5,https://www.vinted.es/items/10278338098-nike-initiator-sneaker,https://images1.vinted.net/t/06_018f2_WfgrgicX7oFg6p7tndKemfCy/f800/01837905.webp?s=1f6ebaa4d4ccb260d4357a09af5d1e886ddd643b
2026-10-07T11:27:52,10278257420,Baskets Asics,Asics,75.00,EUR,0,42,https://www.vinted.es/items/10278257420-baskets-asics,https://images1.vinted.net/t/05_00b86_imdXZBSevZDYRkkRgp7sq6Ws/f800/05e37514.webp?s=5dbe66e14e4189bfe317e264593a1811ff73fd41
2026-10-07T11:27:52,10276552977,Basket argenté,Semerdjian,70.00,EUR,1,38,https://www.vinted.es/items/10276552977-basket-argente,https://images1.vinted.net/t/05_00da6_5QggCozRheufXdzTu5C7mkHA/f800/c1eccb19.webp?s=f9947b1d06d835881acaff13492db49afd3fa4b2
2026-10-07T11:27:52,10278320545,New Balance sneakers,New Balance,75.00,EUR,0,41.5,https://www.vinted.es/items/10278320545-new-balance-sneakers,https://images1.vinted.net/t/06_00482_MRMzZNtQwMCyHnSrcJwe1hG3/f800/cc88272c.webp?s=a3108a64207b36d32bf55870cde4888ac63081e3
2026-10-07T11:27:52,10278335539,Nike shox TL,Nike,80.00,EUR,1,35,https://www.vinted.es/items/10278335539-nike-shox-tl,https://images1.vinted.net/t/05_0166a_oiYL91Jj3frYBFypzQhYpG9s/f800/e2122c14.webp?s=994f913fe497acca952af755fcf9c4291a417573
2026-10-07T11:27:52,10273668561,Nike Air Force 1 '07 Next Nature,Nike,70.00,EUR,0,37.5,https://www.vinted.es/items/10273668561-nike-air-force-1-07-next-nature,https://images1.vinted.net/t/06_00ee6_cwUWvNKjVjervc1N3GuNcZLx/f800/1f4a72f4.webp?s=bf66bcedbaadff26192d3dd14bff89f994f86eae
2026-10-07T11:27:52,10273637662,Adidas Campus vertes,adidas,75.00,EUR,0,37.5,https://www.vinted.es/items/10273637662-adidas-campus-vertes,https://images1.vinted.net/t/06_01d5f_QvD6HT5xE7e4tgLjMvDzeW5i/f800/5f26420b.webp?s=8e2c9c4a8ddf19937c4a56d12f75972a4d3dd312
2026-10-07T11:27:52,10278331094,Basket,GUESS,70.00,EUR,0,35,https://www.vinted.es/items/10278331094-basket,https://images1.vinted.net/t/06_00304_DaetLRajwS37AoREHHQBjNK6/f800/f3c3b0b7.webp?s=b638c4aae625ed2d39afa55bf590eeedde416e1b
2026-10-07T11:27:52,10276624021,baskets new balance,New Balance,70.00,EUR,9,39.5,https://www.vinted.es/items/10276624021-baskets-new-balance,https://images1.vinted.net/t/05_006ca_xgHQDCMA4uviHA9DVepGrwTZ/f800/c7117ecd.webp?s=8da1db22d9068556cca0f672fe2e375f2bb6ca1c
2026-10-07T11:27:52,10278325138,Nike Air Max 270,Nike,85.00,EUR,0,37.5,https://www.vinted.es/items/10278325138-nike-air-max-270,https://images1.vinted.net/t/05_01402_cKjtup2sbLwvAPivEsYsj9FE/f800/12214a29.webp?s=e731ae017e6a460a27067da4e055aa13c33dffd9
2026-10-07T11:27:52,10272523761,Ugg basket,UGG,80.00,EUR,31,37,https://www.vinted.es/items/10272523761-ugg-basket,https://images1.vinted.net/t/01_00c75_BJMVsiL7h1psmcXP65zoEQWU/f800/d4f5f998.webp?s=19dd8c425e471e9d81c38c5c0c2c91f4e42a97a0
2026-10-07T11:27:52,10278324112,sneaker cult nuove con cartellino,Cult,85.00,EUR,0,39,https://www.vinted.es/items/10278324112-sneaker-cult-nuove-con-cartellino,https://images1.vinted.net/t/05_01ace_FwoNx4fX6fZtWZDpwoc8sCic/f800/e4b4d88d.webp?s=cbd2827340d21db9e2d5a38d06b68ff33edc7183
2026-10-07T11:27:52,10278323274,Converse Chuck Taylor Extreme Ox Blanche 40 Neuves low basse,Converse,79.00,EUR,2,40,https://www.vinted.es/items/10278323274-converse-chuck-taylor-extreme-ox-blanche-40-neuves-low-basse,https://images1.vinted.net/t/02_00dc9_3JYoCH93iZLxaBaX169LKg1y/f800/76cf2fc9.webp?s=103b3c4c2f170d0dd279205f2bf443d54f1b1bbc
2026-10-07T11:27:52,10278317106,Adidas gazelle lo pro maculate taglia 38 2/3,adidas,95.00,EUR,0,38.5,https://www.vinted.es/items/10278317106-adidas-gazelle-lo-pro-maculate-taglia-38-23,https://images1.vinted.net/t/06_01721_t4JFPLo5s3VcaHDGeDPEZNP7/f800/908f5915.webp?s=cc68f3647cc7e165b171876fdc5f6cdd09200ac0
2026-10-07T11:27:52,10276706229,Samba,adidas,90.00,EUR,8,36.5,https://www.vinted.es/items/10276706229-samba,https://images1.vinted.net/t/03_01cd6_8byVKBLzHBZYYkmpVYx1Dfb1/f800/d6cfd45a.webp?s=46501065340c8b0e61bfcfdcc15eef5cc73d2fec
2026-10-07T11:27:52,10278316185,Jordan 11,Jordan,100.00,EUR,0,38,https://www.vinted.es/items/10278316185-jordan-11,https://images1.vinted.net/t/02_01dc0_wDqZ8WsG27J6m14J55Z7Ae18/f800/0f3672d8.webp?s=4c246731e84738e67f5213887716cdcdc73e0b82
2026-10-07T11:27:52,10278316697,Nike Air Force 1 ’07 LX Happy Pineapple Vert Pastel – CZ0268-300,Nike,109.00,EUR,0,42.5,https://www.vinted.es/items/10278316697-nike-air-force-1-07-lx-happy-pineapple-vert-pastel-cz0268-300,https://images1.vinted.net/t/06_007e1_5AbVzJNDAuJaQGNmVYrw3vnB/f800/d4138814.webp?s=739adf39c56acfb6ef8377e1e6fa7af59662a504
2026-10-07T11:27:52,10278314383,Ténis Versace Chain Reaction,Versace,100.00,EUR,1,35,https://www.vinted.es/items/10278314383-tenis-versace-chain-reaction,https://images1.vinted.net/t/02_018d8_oAkTGFiMKfFmPNe23sV7dTjV/f800/ca46e7bb.webp?s=7756da344259becf592c976c84a519a6498f7e1d
2026-10-07T11:27:52,10278274676,Asics,Asics,95.00,EUR,1,38,https://www.vinted.es/items/10278274676-asics,https://images1.vinted.net/t/05_006ff_wTz27eCfudALmPShkiV3Wi4r/f800/f7fd0a2c.webp?s=3b940c084464b2a135d67a633adaec197992ee17
2026-10-07T11:27:52,10278316081,"Converse Chuck Taylor All Star Ox basses, coloris noir/blanc",Converse,79.00,EUR,0,42,https://www.vinted.es/items/10278316081-converse-chuck-taylor-all-star-ox-basses-coloris-noirblanc,https://images1.vinted.net/t/06_00be3_FsrHfPbpGFUYo1wYckFbQE18/f800/5fd03301.webp?s=d843e7313db090f117a6490299280fa97af41eee
2026-10-07T11:27:52,10278264775,Basket flamme Sandro édition limitée,Sandro,75.00,EUR,0,36,https://www.vinted.es/items/10278264775-basket-flamme-sandro-edition-limitee,https://images1.vinted.net/t/06_00f1a_nuWifxtzEA5rPAJnhgF3uyQB/f800/039ba320.webp?s=af40b1a8f4da4d96623be5ade0900ede320cc55f
2026-10-07T11:27:52,10276783515,Basket Veja V10,Veja,70.00,EUR,0,39,https://www.vinted.es/items/10276783515-basket-veja-v10,https://images1.vinted.net/t/01_0023e_S1YRFjJK3CqCecYDCLptLsr7/f800/d48b0cdf.webp?s=61f8262e7a697cdfb9bdcf097e8a301ced0d474c
2026-10-07T11:27:52,10278294473,Adidas forum low,adidas,80.00,EUR,0,38,https://www.vinted.es/items/10278294473-adidas-forum-low,https://images1.vinted.net/t/01_01dee_1NK7KJEsci8CB6SNN9f8ZZ5H/f800/23f24be0.webp?s=239e0d9b55b3e26f4ced55aa751b0add56c3676b
2026-10-07T11:27:52,10278307769,Lanvin Curb,Lanvin,115.00,EUR,1,38,https://www.vinted.es/items/10278307769-lanvin-curb,https://images1.vinted.net/t/05_00e2b_7bwfNa35BE8fxvALZBKGiyYF/f800/609109b4.webp?s=e816e386f97733d1722588040ce83be19263ef82
2026-10-07T11:27:52,10278275932,hoka mafate 40 2/3,Hoka,90.00,EUR,0,40.5,https://www.vinted.es/items/10278275932-hoka-mafate-40-23,https://images1.vinted.net/t/04_0118b_2kbCvVkA3PjVo5XRfhMeSonY/f800/b6f43d5c.webp?s=2e50aaab25854f0bb9a52b51c8c0873820a524bd
2026-10-07T11:27:52,10278310707,Converse Platform Il Maltese Lab borchiate n.35 pari al nuovo,Converse,80.00,EUR,0,35,https://www.vinted.es/items/10278310707-converse-platform-il-maltese-lab-borchiate-n35-pari-al-nuovo,https://images1.vinted.net/t/06_01dcf_X4ZkPLm6nX8ukV5M1i2ZKtZ5/f800/9b820e6e.webp?s=b8c4597a9c2b66c4b3624cf76ac56db0f9a2add0
2026-10-07T11:27:52,10278184072,Asics Gel-Kayano 14 Fjord / taille 39,Asics,88.00,EUR,4,39,https://www.vinted.es/items/10278184072-asics-gel-kayano-14-fjord-taille-39,https://images1.vinted.net/t/06_0251a_YNqHbHWLBiVioJspojQMt4NN/f800/194524c7.webp?s=0d9c4d767356defa36fe9239abbca81d288a8d95
2026-10-07T11:27:52,10278290786,Nike Airforce sneaker custom minion unisex,Nike,80.00,EUR,1,39,https://www.vinted.es/items/10278290786-nike-airforce-sneaker-custom-minion-unisex,https://images1.vinted.net/t/06_01b34_Miek4nEXUmYeV4kA9qz94BHf/f800/3a7a1ee8.webp?s=668476e8f71068d85727fd8fb7e0f5af26eb4fd9
2026-10-07T11:27:52,10278293878,Sneakers Crime neuves paillettes violettes,Crime London,95.00,EUR,1,37,https://www.vinted.es/items/10278293878-sneakers-crime-neuves-paillettes-violettes,https://images1.vinted.net/t/02_01da6_RPBVafUNpobx1pfQDNXsQuqW/f800/41c53e6e.webp?s=79d199b23e251872d23669e0e4a71db3349bc3f1
2026-10-07T11:27:52,10278297582,Puma Speedcats,Puma,79.00,EUR,4,40,https://www.vinted.es/items/10278297582-puma-speedcats,https://images1.vinted.net/t/05_016da_xTCG629cmbHPmYgCUSAiUiM4/f800/554fa23b.webp?s=33a21f9faca2534cbb4876721c3e87c0bd3b9716
2026-10-07T11:27:52,10273638622,Scarpe samba,adidas,80.00,EUR,0,35.5,https://www.vinted.es/items/10273638622-scarpe-samba,https://images1.vinted.net/t/02_02589_q7ZNUroTCKkwRyVZ5N365adi/f800/d5752394.webp?s=a788275ba71ad98d7fe23de0c93aec07fa470d2e
2026-10-07T11:27:52,10278294299,"Sneakers donna New balance 9060 n .38,5",New Balance,140.00,EUR,1,38.5,https://www.vinted.es/items/10278294299-sneakers-donna-new-balance-9060-n-385,https://images1.vinted.net/t/06_02222_ffxFcfP5QVhsdWLpjeRWtoG8/f800/41ce009b.webp?s=e0e2a54d8b9244ab70e893200889d365629a7ed1
2026-10-07T11:27:52,10278270860,Air Jordan 1 Low SE Sky J Orange – New / Never Worn,Nike,80.00,EUR,0,38.5,https://www.vinted.es/items/10278270860-air-jordan-1-low-se-sky-j-orange-new-never-worn,https://images1.vinted.net/t/02_015fe_969nkzRKx7XwX41568bgmHDd/f800/ea98d5a5.webp?s=004c8cb73a2c6c6e2a6629f8d3d2f58818889c6a
2026-10-07T11:27:52,10278213841,Asics,Asics,75.00,EUR,1,37,https://www.vinted.es/items/10278213841-asics,https://images1.vinted.net/t/04_01204_ViPENT9mAhh7hLqHxqMHGFeQ/f800/e84551d9.webp?s=d7d3314e1dec80b26df7a82a1b2c7837e3b6b013
2026-10-07T11:27:52,10273560596,Samba Og Léopard,adidas,80.00,EUR,2,39,https://www.vinted.es/items/10273560596-samba-og-leopard,https://images1.vinted.net/t/06_007ec_2TZyvXUo4hXbEq663HRnS5hE/f800/d9c86f3a.webp?s=e1961a9a107378fa6d1ddb28740bef230c40a695
2026-10-07T11:27:52,10278284167,Asics,Asics,75.00,EUR,0,40,https://www.vinted.es/items/10278284167-asics,https://images1.vinted.net/t/06_0007a_gDazrgaUjRyGcNYicqABAf56/f800/44a3edb5.webp?s=00d92d6be92427a8e18bf6a9f29f225901ae49fa
2026-10-07T11:27:52,10273629182,New balance 550,New Balance,70.00,EUR,0,39,https://www.vinted.es/items/10273629182-new-balance-550,https://images1.vinted.net/t/02_00bf9_6KotRhck6uBm89nWsB3FjmnM/f800/727a5869.webp?s=02ed1888dab3a603d05c42d4379685d9a26b27b8
2026-10-07T11:27:52,10278278008,Sneaker Nero Giardini donna,Nero Giardini,80.00,EUR,0,39,https://www.vinted.es/items/10278278008-sneaker-nero-giardini-donna,https://images1.vinted.net/t/05_01dfc_98wH18keaSTMRFS9pTVQgCqb/f800/0f7ee351.webp?s=138de33dbab7937505f0b6bcc59e8b496ec0a567
2026-10-07T11:27:52,10278292861,Alte stallschuhe mit Geruch,Alte stallschuhe mit Geruch,75.00,EUR,4,40,https://www.vinted.es/items/10278292861-alte-stallschuhe-mit-geruch,https://images1.vinted.net/t/05_0200f_hEonih2B3jE2CaDpfoGrQAK5/f800/ddcd4892.webp?s=fa7578bfedda1a93005512f019747cc38c32a77a
2026-10-07T11:27:52,10278287373,Basket Numeris Océan unisexe | taille 40 | Neuf,Numeriś,149.99,EUR,0,40,https://www.vinted.es/items/10278287373-basket-numeris-ocean-unisexe-taille-40-neuf,https://images1.vinted.net/t/03_00946_SAhzF9mK5bkt2eo9UvkyEggr/f800/e10f66fe.webp?s=e7e2058e3e907da557b79dfa926eed660f105c8c
2026-10-07T11:27:52,10271852686,Adidas Spezial,adidas,80.00,EUR,4,39,https://www.vinted.es/items/10271852686-adidas-spezial,https://images1.vinted.net/t/02_01bb6_GJ6z21Jauhb8jkhjAZqzh4G4/f800/02bc03ad.webp?s=f1c796b17a7600fc82d2d4a615929c0ab3338cde
2026-10-07T11:27:52,10273622788,Zapatillas adidas,adidas,85.00,EUR,0,41,https://www.vinted.es/items/10273622788-zapatillas-adidas,https://images1.vinted.net/t/01_00b06_u96cAhSETn9FZPk2gm7QbtLu/f800/60b30620.webp?s=75113c531612ebb0731a0e340f1421c3eb2ec84a
2026-10-07T11:27:52,10278253395,Basket gazelle bold,adidas,80.00,EUR,2,38,https://www.vinted.es/items/10278253395-basket-gazelle-bold,https://images1.vinted.net/t/02_0002a_bwH82YjQszdtA5fwV1iXEr5x/f800/3e47248e.webp?s=827a768f0f0ecc6744e6639d46ab74534618dba0
2026-10-07T11:27:52,10278277305,Sapatilhas Coach,Coach,90.00,EUR,1,36.5,https://www.vinted.es/items/10278277305-sapatilhas-coach,https://images1.vinted.net/t/05_00714_pudBbK6tmjkbCryV8Hb1wcvp/f800/40117e12.webp?s=b7a129959af2310075f8d60fbb718707b052498c
2026-10-07T11:27:52,10278117476,Sneaker in Größe 39 – Blau/Weiß,On Cloud,75.00,EUR,0,39,https://www.vinted.es/items/10278117476-sneaker-in-grosse-39-blauweiss,https://images1.vinted.net/t/06_0105e_DG4ky5UgdaMi2K3r165iEudk/f800/8e5ba3d2.webp?s=230be7b7b1eb5fd1a12d108498fe60009844c9d1
2026-10-07T11:27:52,10278196179,Asics sekiran orange,Asics,85.00,EUR,1,39,https://www.vinted.es/items/10278196179-asics-sekiran-orange,https://images1.vinted.net/t/02_00569_7DkutMS87GFbfEFyt4bsMomH/f800/4c50c619.webp?s=85423db301fa5eb1ecff896af6bd5533b5edb8d8
2026-10-07T11:27:52,10278268693,Asics,Asics,75.00,EUR,0,39,https://www.vinted.es/items/10278268693-asics,https://images1.vinted.net/t/04_000b8_gS3wxMEoosQ3oBV8kYvHtKV9/f800/afe33830.webp?s=d7b03843501bafe37e9396dfab57916c32023484
2026-10-07T11:27:52,10278275593,Gucci run sneakers,Gucci,175.00,EUR,1,36.5,https://www.vinted.es/items/10278275593-gucci-run-sneakers,https://images1.vinted.net/t/02_019de_t7FxhF3Q7ZjQXHw1iAfKze44/f800/ba6637a6.webp?s=c8e382a00d58674d001c86c29efc6fc768f825ae
2026-10-07T11:27:52,10278268796,"New Balance 9060 Speaker Größe 38,5 grün",New Balance,100.00,EUR,0,38.5,https://www.vinted.es/items/10278268796-new-balance-9060-speaker-grosse-385-grun,https://images1.vinted.net/t/01_0260a_3bLEJjKGPvWrLNWKTd3FBbiG/f800/d556af38.webp?s=79bc0d7483dc86c64775f48685c0e6ed482e3505
2026-10-07T11:27:52,10278270618,Schöne virale braune herbstliche Sneaker Spezial von Adidas,adidas,90.00,EUR,4,38.5,https://www.vinted.es/items/10278270618-schone-virale-braune-herbstliche-sneaker-spezial-von-adidas,https://images1.vinted.net/t/05_01bb8_HUCvwfCRNjC8oSdhLUTipW7f/f800/257f1d7f.webp?s=e1b86c1d6f480628635e319519984bb341938e26
2026-10-07T11:27:52,10278267686,Nike Airforce spongebob custom sneaker Unikat selten,Nike,80.00,EUR,3,39,https://www.vinted.es/items/10278267686-nike-airforce-spongebob-custom-sneaker-unikat-selten,https://images1.vinted.net/t/05_018ee_rSSm3reUWDwkddn7HrMHhsGc/f800/173f740c.webp?s=3178d90f8c3b0e712a34284ed515eaa74a226c41
2026-10-07T11:27:52,10278275486,Vomero 5 Chrome,Nike,90.00,EUR,0,36.5,https://www.vinted.es/items/10278275486-vomero-5-chrome,https://images1.vinted.net/t/06_0139f_vT66Pa6FyUfiKBDkK1iejHRo/f800/bbaad6d8.webp?s=eadd3c6c9c29aea27e6ea8a0a7bcea2741037cf2
2026-10-07T11:27:52,10273608308,Basket adidas,adidas,70.00,EUR,2,42,https://www.vinted.es/items/10273608308-basket-adidas,https://images1.vinted.net/t/06_017e9_jMziccmYZDP7ZAAHm8UHG7Tb/f800/faade685.webp?s=aa1b50c2e86f5cf75c406ef29b63973fa08e39c8
2026-10-07T11:27:52,10278258467,Adidas handball Spezial - aurora coffee/sandy pink,adidas,85.00,EUR,0,39,https://www.vinted.es/items/10278258467-adidas-handball-spezial-aurora-coffeesandy-pink,https://images1.vinted.net/t/05_01e50_3ok9GXXgG7dcGnUqKDJfGPiE/f800/0b94f3ac.webp?s=f3e93b2263246ab52f4a999d2c7db99de60e8526
2026-10-07T11:27:52,10278184063,Mizuno sneakers,MIZUNO,80.00,EUR,0,38,https://www.vinted.es/items/10278184063-mizuno-sneakers,https://images1.vinted.net/t/05_0146c_EUvDJPqvs6UovTGmqdAXUKpY/f800/ebd14860.webp?s=cd139191bb7b64a399ecbf5daa76ade90076b7c9
2026-10-07T11:27:52,10278264164,Scarpe,Emporio Armani,80.00,EUR,0,37,https://www.vinted.es/items/10278264164-scarpe,https://images1.vinted.net/t/05_00230_H7GCk6PauoiAetw4GEa2BmAD/f800/fdeae5f2.webp?s=ce5f9346a2fec91aebf6d5e291bbbfa3caacd95a
2026-10-07T11:27:52,10278210062,adidas Samba Studded blanc crème - 39,adidas,92.00,EUR,1,39,https://www.vinted.es/items/10278210062-adidas-samba-studded-blanc-creme-39,https://images1.vinted.net/t/02_01830_gQAWegNrvaKaFZorRQx8sqX3/f800/3d9d5cea.webp?s=1289a83b6028f1ce3a00b1332ce1a80bc951946b
2026-10-07T11:27:52,10278259871,New balance Limited Edition Größe 38,New Balance,100.00,EUR,0,38,https://www.vinted.es/items/10278259871-new-balance-limited-edition-grosse-38,https://images1.vinted.net/t/05_01d0b_7nrTfUEiP9nKEo1grZXD2bAx/f800/0ab9da73.webp?s=16abcb03db3748f8bd8a2eb6bf247aaab1a9b255
2026-10-07T11:27:52,10278264055,adidas nylon wales bonner,adidas,120.00,EUR,0,38,https://www.vinted.es/items/10278264055-adidas-nylon-wales-bonner,https://images1.vinted.net/t/02_01d0e_ReX3VksDuCuTMfhT2XxyJYpV/f800/fbc390ce.webp?s=331789982fd6db524927fd5f5a97766ae0e11add
2026-10-07T11:27:52,10278264673,Dsquared2 sneakers dames,Dsquared2,100.00,EUR,0,36,https://www.vinted.es/items/10278264673-dsquared2-sneakers-dames,https://images1.vinted.net/t/05_019e4_2F4XLV9vTSisQYy1HHAUWkAe/f800/95ec6198.webp?s=e6c8fcfba0954b071b6d2c60583b60e807ffe426
2026-10-07T11:27:52,10231869012,Samba pailletée doré T36 2/3,adidas,79.00,EUR,2,36.5,https://www.vinted.es/items/10231869012-samba-pailletee-dore-t36-23,https://images1.vinted.net/t/02_00576_i3eNPB794Dvx8mtinHJ6MU1z/f800/1bb4ad06.webp?s=102a7afed3dd691f35c664b1f468500d2661ae0c
2026-10-07T11:30:23,10273973343,Damens sneakers,Bottega Veneta,160.00,EUR,0,40,https://www.vinted.es/items/10273973343-damens-sneakers,https://images1.vinted.net/t/02_02107_PD6MJPVGcceCz5pqc98e8BVV/f800/b201d319.webp?s=ecf628e2159ed1b9bfdbda873936b2a7c7bc8827
2026-10-07T11:30:23,10278638371,Scarpe,Saucony,90.00,EUR,0,38,https://www.vinted.es/items/10278638371-scarpe,https://images1.vinted.net/t/05_00826_v13aGyg6ANmDSBCaMYg9anis/f800/428457e5.webp?s=c5763129a3ba21585d03f2ebe15c8887bc175c40
2026-10-07T11:30:23,10278637917,airforce 1,Nike,110.00,EUR,0,40,https://www.vinted.es/items/10278637917-airforce-1,https://images1.vinted.net/t/05_00b55_BsaU7QKiF6JeZFB7fon62rk8/f800/497016c8.webp?s=696f607f26d193f20737f96120b36a0188d83771
2026-10-07T11:30:23,10278602359,Campus adidas 00s,adidas,80.00,EUR,0,41.5,https://www.vinted.es/items/10278602359-campus-adidas-00s,https://images1.vinted.net/t/04_02484_zD25UyDYrMGNo5de6NNm1eYk/f800/e17043ba.webp?s=38c4c46bdecd85c01280873ce4d417e58ef6b990
2026-10-07T11:30:23,10278634385,Ulanka sneakers,Ulanka,135.00,EUR,0,39,https://www.vinted.es/items/10278634385-ulanka-sneakers,https://images1.vinted.net/t/02_01c69_aaLy21cnRECC1p42qFtRqyR7/f800/9e49d946.webp?s=b2d50ac146d8908d0201d62d1528b06bd0a08952
2026-10-07T11:30:23,10278630845,Adidas samba jane black and white EU 39 1/3 / US 7 1/2,adidas,99.99,EUR,0,39.5,https://www.vinted.es/items/10278630845-adidas-samba-jane-black-and-white-eu-39-13-us-7-12,https://images1.vinted.net/t/02_01e75_pqhgQmuvVq8WnSsaViQCmw2i/f800/6fa9b756.webp?s=6a947746038fb681eb4c7f19f1b4955b7d783385
2026-10-07T11:30:23,10278630391,"Adidas x Y3 Sneakers, Gr. 40",Y-3,98.00,EUR,0,40,https://www.vinted.es/items/10278630391-adidas-x-y3-sneakers-gr-40,https://images1.vinted.net/t/01_01c49_qCLvjJLjFTetcnApuKka4BkY/f800/66cc1343.webp?s=8dc2d94419b25c5a6ced75f9e29ea0a4135c90cc
2026-10-07T11:30:23,10278628816,"Basket montante, Isabel Marant, Taille 40",Isabel Marant,120.00,EUR,3,40,https://www.vinted.es/items/10278628816-basket-montante-isabel-marant-taille-40,https://images1.vinted.net/t/02_018c0_a8ZSYqE2vbVxBn7usyQof6cn/f800/1f5bb076.webp?s=9f4fc2e52e60274eda6a6a92384b6feb0d09ca5f
2026-10-07T11:30:23,10278628389,Scarpe autry,Autry,85.00,EUR,0,41,https://www.vinted.es/items/10278628389-scarpe-autry,https://images1.vinted.net/t/06_009fb_WRcua2nMGDy8ZVZQZTw5vdHv/f800/6420af47.webp?s=cad2af5fe5d669aac8621044d9b7ee00d9a817fe
2026-10-07T11:30:23,10278628482,Adidas originals Handball spezial verdi KI0997 nuove,adidas,85.00,EUR,0,40.5,https://www.vinted.es/items/10278628482-adidas-originals-handball-spezial-verdi-ki0997-nuove,https://images1.vinted.net/t/02_0174f_ZnFFhzpy7sppQrnCbo3Gjm5E/f800/5e78bd07.webp?s=234561ea3e3c16e13e82a30abdbfff233944c73f
2026-10-07T11:30:23,10278624535,Dunk low marron,Nike,80.00,EUR,0,38.5,https://www.vinted.es/items/10278624535-dunk-low-marron,https://images1.vinted.net/t/06_01273_DHf9BBAy9rVLezg2jbUy4oKk/f800/43af6236.webp?s=d58c4dcbacfb3f6f7f803037bb3dabe8870b656a
2026-10-07T11:30:23,10278620157,Basket Premiata,Premiata,90.00,EUR,1,37,https://www.vinted.es/items/10278620157-basket-premiata,https://images1.vinted.net/t/02_02221_DbyJkvd9bHFx9Z6SZQPAYsmx/f800/8d1f5a83.webp?s=f5c2dd84e764c9588d84997abbe47d53fb4d3c9c
2026-10-07T11:30:23,10265767075,New balance 1000,New Balance,85.00,EUR,0,38,https://www.vinted.es/items/10265767075-new-balance-1000,https://images1.vinted.net/t/06_0154c_1jd9whEpAJcvKz8jR81czpAk/f800/64323fae.webp?s=b9a3e74808fd79d19bdea8ed82d05e1113c72535
2026-10-07T11:30:23,10278614213,Scarpe uomo 44,Gaëlle Paris,100.00,EUR,0,44,https://www.vinted.es/items/10278614213-scarpe-uomo-44,https://images1.vinted.net/t/02_01173_t6RPe3mB5jAYnytVs3u9WcAs/f800/84cb5eeb.webp?s=c0de721acdc60e6c96a66e68dc53dfd3d9ccd31b
2026-10-07T11:30:23,10278614267,VANS Sk8-Hi Tapered Stackform,Vans,80.00,EUR,0,42,https://www.vinted.es/items/10278614267-vans-sk8-hi-tapered-stackform,https://images1.vinted.net/t/02_00ada_MgeXNBYTiskb1hC6RP9uDCs7/f800/2abb7c72.webp?s=d1c5edd11edeaddf6c89f06692a6becdff985eb8
2026-10-07T11:30:23,10278613118,Axel Arigato Sneakers,Axel Arigato,75.00,EUR,0,38,https://www.vinted.es/items/10278613118-axel-arigato-sneakers,https://images1.vinted.net/t/05_00d37_MRWVMfo4P7bwi8EzV2j1ZpqB/f800/f0e6f367.webp?s=5d0df1e266c529b7cb9edaac3388d9112b8e904f
2026-10-07T11:30:23,10278612573,ASICS Gel-Nimbus 10.1,Asics,100.00,EUR,0,38,https://www.vinted.es/items/10278612573-asics-gel-nimbus-101,https://images1.vinted.net/t/06_01d56_FSP1LAhbNx1CToyGPaYcU4fw/f800/530d6be9.webp?s=78da7c38c4c07b8ae3d93f2b7a602a418fcc6132
2026-10-07T11:30:23,10278608525,Asics nimbus,Asics,85.00,EUR,0,42,https://www.vinted.es/items/10278608525-asics-nimbus,https://images1.vinted.net/t/06_00adb_bRzJCskYUbSfuEiPPCfgiBS2/f800/abf4c6b8.webp?s=b5aba96d58de6bc7e4d78ed52d86c0a6c8ea02f4
2026-10-07T11:30:23,10273973335,Adidas Superstar Blancas,adidas,70.00,EUR,0,41,https://www.vinted.es/items/10273973335-adidas-superstar-blancas,https://images1.vinted.net/t/06_0043b_3RaYfChnykVDDDjhscs55nib/f800/5f9fef93.webp?s=64c5a55bcf4f7256ca4a1ccc434d6f481659fda4
2026-10-07T11:30:23,10278601017,Sneakers Cinzia Araia in pelle bicolore bianco e nero - Taglia 38,Cinzia Araia,75.00,EUR,0,38,https://www.vinted.es/items/10278601017-sneakers-cinzia-araia-in-pelle-bicolore-bianco-e-nero-taglia-38,https://images1.vinted.net/t/02_0196c_9h7Jg2GSdLY4x6HVTvenTgf4/f800/adae5cb7.webp?s=49f310b48a370b21f4679a7a127f8194f17061f0
2026-10-07T11:30:23,10278607184,Scarpe,Gucci,600.00,EUR,0,40,https://www.vinted.es/items/10278607184-scarpe,https://images1.vinted.net/t/06_01f0c_jQGztbMNvESViuMDxCj6oW5S/f800/8d3189af.webp?s=c79ba1111e4e13cd9f27e26d5d545e74d89c40b8
2026-10-07T11:30:23,10278606780,Adidas gazelle,adidas,70.00,EUR,0,36,https://www.vinted.es/items/10278606780-adidas-gazelle,https://images1.vinted.net/t/05_02055_W66STKLovmSHVudDwYshSWRP/r1/f800/ea7200f6.webp?s=5172c80cf50e5f8fad519c9be4f5b73ca9fbf1a3
2026-10-07T11:30:23,10278604575,Adidas Campus 00 maat 38,adidas,80.00,EUR,0,38.5,https://www.vinted.es/items/10278604575-adidas-campus-00-maat-38,https://images1.vinted.net/t/06_00d25_FGjbuq1L3sWp7z4aLWn8wYbr/f800/712ad52b.webp?s=086246a72a5559eff7f2c11e4af57380c049f3ae
2026-10-07T11:30:23,10278599992,Basket Premiata,Premiata,90.00,EUR,0,37,https://www.vinted.es/items/10278599992-basket-premiata,https://images1.vinted.net/t/02_00583_RwYrdAaRsEQAjYs9kz3sEkSb/f800/a86d357b.webp?s=cde32502673d32d90f18355869ad27be7fddfca8
2026-10-07T11:30:23,10278604676,Baskets new balance 1906,New Balance,100.00,EUR,0,41.5,https://www.vinted.es/items/10278604676-baskets-new-balance-1906,https://images1.vinted.net/t/02_00467_YAnUhM1Z3SUMbnFDC6XaLr3p/f800/5ff39353.webp?s=a34222eaa896bcc13d08f3af69f08108cba1f4a4
2026-10-07T11:30:23,10278603405,Sneakers Dsquared2,Dsquared2,120.00,EUR,0,36.5,https://www.vinted.es/items/10278603405-sneakers-dsquared2,https://images1.vinted.net/t/04_00115_i87asWFmToZoZ7GQvqQeZRx7/f800/207c23f0.webp?s=cfdf9cbb581e877625e39ce5a52d5528a1f64e2d
2026-10-07T11:30:23,10278596635,Trainers,Trainers,80.00,EUR,1,37,https://www.vinted.es/items/10278596635-trainers,https://images1.vinted.net/t/01_0177e_4TmK1aW5z6MRovyDqM3YKd19/f800/8c0f2a35.webp?s=26f88e1a5d7502dc53688198e670c59345714cb3
2026-10-07T11:30:23,10278594991,Autry sneakers,Autry,100.00,EUR,1,40,https://www.vinted.es/items/10278594991-autry-sneakers,https://images1.vinted.net/t/05_02658_o2j7H21B7oHMZZnpW5dHaUcz/f800/097bb457.webp?s=79ef897cefb6258add9d39cc725fe0924b401544
2026-10-07T11:30:23,10278595696,Copenhagen Sneaker,Copenhagen Studios,80.00,EUR,0,40,https://www.vinted.es/items/10278595696-copenhagen-sneaker,https://images1.vinted.net/t/02_0250a_Wh99mC5a7TebhzUeAB2yFbZM/f800/5dd35516.webp?s=9950ec81354a9bce3dda77ed1b09efe31571f585
2026-10-07T11:30:23,10278594579,Aigner Leder Sneaker Gr. 39,Aigner,79.00,EUR,0,39,https://www.vinted.es/items/10278594579-aigner-leder-sneaker-gr-39,https://images1.vinted.net/t/06_00c17_muLRh8MW66bsejtJdgqP1PqJ/f800/7781b283.webp?s=7d5eab9c89542c2cac47d0edb6bba300ac2c3e98
2026-10-07T11:30:23,10278363439,Adidas Gazelle indoor Sean Whoterspoon,adidas,218.00,EUR,0,42,https://www.vinted.es/items/10278363439-adidas-gazelle-indoor-sean-whoterspoon,https://images1.vinted.net/t/06_0238b_CmWteVZbewyJynA1tLCBm37H/f800/bcaa47ab.webp?s=96258e032a6773a4a9ce249d52b2129796edf34e
2026-10-07T11:30:23,10278590635,Sneakers hi tec,Hi-Tec,110.00,EUR,0,43,https://www.vinted.es/items/10278590635-sneakers-hi-tec,https://images1.vinted.net/t/06_0083c_U7LhBKX3t79CBVJKj3qhAAkw/f800/9a3f9fc8.webp?s=4e0f2fb5ad2c1873fb3f87388674b20df971dc14
2026-10-07T11:30:23,10273953970,Basket ugg lo lowmel 41 neuves,UGG,100.00,EUR,0,41,https://www.vinted.es/items/10273953970-basket-ugg-lo-lowmel-41-neuves,https://images1.vinted.net/t/02_01798_Fs1VFhC5VGc1THiEMG1DQrbt/f800/9750cff4.webp?s=ecd9e874e3a2f9a940916d675d8483a1115dbc08
2026-10-07T11:30:23,10278589620,Scarpe,New Balance,90.00,EUR,0,41.5,https://www.vinted.es/items/10278589620-scarpe,https://images1.vinted.net/t/01_00fe1_Y2ZGmDecBvodxYXSKvtyq2P9/f800/d0bd0075.webp?s=55aba63f454d995d121b95230676e2c9b5346dbe
2026-10-07T11:30:23,10278587332,Adidas samba x Wales bonner,adidas x Wales Bonner,180.00,EUR,1,38.5,https://www.vinted.es/items/10278587332-adidas-samba-x-wales-bonner,https://images1.vinted.net/t/01_00a95_mtQc8AgQVHV5T8AtRzaf3diy/f800/4449aa0a.webp?s=618f39ad2697d1788463caa281b822be022d7f04
2026-10-07T11:30:23,10278585070,Alexander Mcqueen,Alexander McQueen,120.00,EUR,0,39,https://www.vinted.es/items/10278585070-alexander-mcqueen,https://images1.vinted.net/t/02_00fa4_tLemMGCn95fXdCvppnQEpTvN/f800/f6afd3dd.webp?s=b618fe61b3725ca8732fd28369aa51f44cdf4d04
2026-10-07T11:30:23,10278582989,New Balance Loafer,New Balance,70.00,EUR,0,40.5,https://www.vinted.es/items/10278582989-new-balance-loafer,https://images1.vinted.net/t/04_0061e_UZroMzSZkhcqstxcYBt5L1jf/f800/755c6dfe.webp?s=310e75497c4ff0b24c7e66869f67d340ae1dbfa5
2026-10-07T11:30:23,10278581911,Fendi schoenen,Fendi,70.00,EUR,0,36,https://www.vinted.es/items/10278581911-fendi-schoenen,https://images1.vinted.net/t/05_00ced_DQK5RBKWF7i9BbmDYELbUrcq/f800/55e037a1.webp?s=ade95f4d3d84669616c29cadc16b131142498a86
2026-10-07T11:30:23,10278581471,Nike Air Forcé 1’ 07 x Nocta Rose “ Love You Forever “,Nike x Nocta,70.00,EUR,4,40,https://www.vinted.es/items/10278581471-nike-air-force-1-07-x-nocta-rose-love-you-forever,https://images1.vinted.net/t/05_00407_cD4vftmFXH8nQYkDC9wcQxpA/f800/7cf1fdfb.webp?s=f7e1cc40f519ea65a3b6587d08c4d8ee9d1e3b34
2026-10-07T11:30:23,10273880568,New Balance 9060 U9060LNY – 38,New Balance,95.00,EUR,1,38,https://www.vinted.es/items/10273880568-new-balance-9060-u9060lny-38,https://images1.vinted.net/t/02_00994_CcY8LpAQ3ZER8naCBhBjRu7F/f800/15e71569.webp?s=5e870cc377666dea75c7d95eb07fee70fdcc688c
2026-10-07T11:30:23,10278577029,Nike Air sneakers,Nike,99.00,EUR,0,38,https://www.vinted.es/items/10278577029-nike-air-sneakers,https://images1.vinted.net/t/02_0064f_tH83v7uPAEMLE729zchvCnvD/f800/b119e687.webp?s=a6752e32b4e0abb6b76342d2b4658215c68d1af7
2026-10-07T11:30:23,10278574426,Paire de baskets Miu Miu,Miu Miu,189.00,EUR,0,40,https://www.vinted.es/items/10278574426-paire-de-baskets-miu-miu,https://images1.vinted.net/t/05_01beb_G2ewN6ULVcTNW2XSHvZ5Utcx/f800/9fadc93f.webp?s=06a541ccaf06766b25ffe6124be84f9858b3310b
2026-10-07T11:30:23,10278573135,Baskets LV,Louis Vuitton,190.00,EUR,2,38.5,https://www.vinted.es/items/10278573135-baskets-lv,https://images1.vinted.net/t/02_011e7_K2N4wv6JCtRGKLAFhf1sJaeF/f800/548b3984.webp?s=328a6d7f02cba872f49ec8a8c3cdadfcc06c93de
2026-10-07T11:30:23,10278573251,Samba noir,adidas,70.00,EUR,0,38.5,https://www.vinted.es/items/10278573251-samba-noir,https://images1.vinted.net/t/06_01fea_LRjS9RTUAirz6CfRTpsFbfEx/f800/f8557483.webp?s=8005f907b5edee50e4c8bf8fe6477878edcbdc87
2026-10-07T11:30:23,10278571149,Sneaker eytys chunky,Eytys,110.00,EUR,0,36,https://www.vinted.es/items/10278571149-sneaker-eytys-chunky,https://images1.vinted.net/t/05_024e5_S4PnwxKpWbAcR2UK1f79tjPo/f800/d4dd6bab.webp?s=7f7eb0afe6d50c659d6c178a96883c559449f860
2026-10-07T11:30:23,10278570817,Sneaker Dolce gabanna 40,Dolce & Gabbana,150.00,EUR,0,40,https://www.vinted.es/items/10278570817-sneaker-dolce-gabanna-40,https://images1.vinted.net/t/06_0031f_owEyuD3nhAnq1gSKXVpAydm8/f800/4dd1ee77.webp?s=a9f92699f2c29169a22dda04d03e886141f90437
2026-10-07T11:30:23,10278565805,Michael Kors Olympia Sneaker Gr.37,Michael Kors,85.00,EUR,0,37,https://www.vinted.es/items/10278565805-michael-kors-olympia-sneaker-gr37,https://images1.vinted.net/t/06_00910_vucQTmjWH2BZhHtMNsmNd2fT/f800/09edc642.webp?s=58bd1248727e90eb98e90cb9cec634921de3d456
2026-10-07T11:30:23,10278565186,Nike V5 RNR Donna,Nike,100.00,EUR,0,39,https://www.vinted.es/items/10278565186-nike-v5-rnr-donna,https://images1.vinted.net/t/01_00d11_2ZRmbPNsXv7C925eTD8UXV9X/f800/8468ac18.webp?s=0909ed66a1560fdfdb274b3207d627ff142c7975
2026-10-07T11:30:23,10278564915,Adidas spezial cow print,adidas,93.00,EUR,2,38,https://www.vinted.es/items/10278564915-adidas-spezial-cow-print,https://images1.vinted.net/t/01_008a0_DSPsavGcnnRCRMVqMXwZesQL/f800/ac71ae07.webp?s=0cf90d5f678a07b73e6d07336284302635f31f55
2026-10-07T11:30:23,10278562117,basket smr,Semerdjian,75.00,EUR,0,36,https://www.vinted.es/items/10278562117-basket-smr,https://images1.vinted.net/t/05_0161e_dtqRuPDqpWojr2YJU6aL2qD6/f800/1d398407.webp?s=c2aaa94faff9008d405a5bc706f1964c9fd9594d
2026-10-07T11:30:23,10278561675,Nike Air Max 90 Reverse Duck Camo,Nike,150.00,EUR,0,36.5,https://www.vinted.es/items/10278561675-nike-air-max-90-reverse-duck-camo,https://images1.vinted.net/t/01_00015_cqvR8tMSB57DjcA9BMSsyFas/f800/011c23da.webp?s=b399f0bebb0324575c2e3a8972363208b8eb9b55
2026-10-07T11:30:23,10278561361,Converse,Converse,70.00,EUR,0,38,https://www.vinted.es/items/10278561361-converse,https://images1.vinted.net/t/05_00606_FcGjKKBzcTkZBzpPr2cEDycz/f800/f392e277.webp?s=169ba97bf37fc0e9730690de55066f228f948318
2026-10-07T11:30:23,10278555619,Autry Reelwind Super Vintage,Autry,115.00,EUR,1,38,https://www.vinted.es/items/10278555619-autry-reelwind-super-vintage,https://images1.vinted.net/t/03_0268d_JRLzT3eziX242VAVYnu6Sngw/f800/78ce67be.webp?s=4b99443263a4720ef7b3e98d7a0b9535e8e19ea3
2026-10-07T11:30:23,10278546913,Nike P-6000 SE,Nike,75.00,EUR,0,39,https://www.vinted.es/items/10278546913-nike-p-6000-se,https://images1.vinted.net/t/02_009b5_VTMvV3dEu4btuofa6XSVgUhZ/f800/ee4aeb14.webp?s=d7e92eae54f7d9ac5a948ee25dadcb26cdaece0f
2026-10-07T11:30:23,10278556890,New Balance,New Balance,80.00,EUR,0,40,https://www.vinted.es/items/10278556890-new-balance,https://images1.vinted.net/t/04_0134b_yeBfAYHfNDKgwZWe6zSozoHB/f800/1aed88e0.webp?s=e39e74d21e8c7d1c76fe68a1a9597ee1302173d1
2026-10-07T11:30:23,10278558346,PURAAI in cavallino Leopardato,Puraai,85.00,EUR,0,38,https://www.vinted.es/items/10278558346-puraai-in-cavallino-leopardato,https://images1.vinted.net/t/06_020db_e5nDd3thvPLz41manbDRWMcX/f800/7ddac14d.webp?s=cb4ba9d23b3e8044b0c131300bb0f0b5ed65d3e8
2026-10-07T11:30:23,10278545999,Timberland sneakers White,Timberland,90.00,EUR,0,39,https://www.vinted.es/items/10278545999-timberland-sneakers-white,https://images1.vinted.net/t/06_00936_pz5D5eZXbKarnc1P4cTH3Ege/f800/96ca7652.webp?s=220b77567e2bc606869ad1ab33bc1939407923e8
2026-10-07T11:30:23,10278545466,Samba Bleu marine,adidas,75.00,EUR,0,38,https://www.vinted.es/items/10278545466-samba-bleu-marine,https://images1.vinted.net/t/06_00b26_gBA4BtHPjQAPKkHa9y7ZKiD5/f800/55dd8b8d.webp?s=82876ce133679926d02a82eb9f231839a9fb5b60
2026-10-07T11:30:23,10278539138,Basket de ville,Ralph Lauren,70.00,EUR,0,39,https://www.vinted.es/items/10278539138-basket-de-ville,https://images1.vinted.net/t/03_0151e_ikmMTp5tSWk8XoELdYgX75iF/f800/1a422d74.webp?s=43fd4d187f9d9a3f5b7fac3f0434bf9b1cb36885
2026-10-07T11:30:23,10278221531,👟Sneakers Acanto P38 Neuves,acanto,116.00,EUR,0,38,https://www.vinted.es/items/10278221531-sneakers-acanto-p38-neuves,https://images1.vinted.net/t/05_00934_3R9GiWBfnffokjhGM957W2LV/f800/ea3c65f4.webp?s=f417c5b5b71c4e5ff419b76396b5d53455b63d14
2026-10-07T11:30:23,10278543693,Golden goose básicas plata,Golden Goose,350.00,EUR,0,39,https://www.vinted.es/items/10278543693-golden-goose-basicas-plata,https://images1.vinted.net/t/05_02315_YD4nuo4AsQxpsNjdUbLK1w2x/f800/063988db.webp?s=8d1308ae925e4bccdaee667fcac0928c2d01c811
2026-10-07T11:30:23,10278539080,New Balance 530 Brown 38,New Balance,70.00,EUR,5,38,https://www.vinted.es/items/10278539080-new-balance-530-brown-38,https://images1.vinted.net/t/01_0247f_CmnAGRC1tnN43wQw2zanz4r1/f800/8b2a3cfc.webp?s=861e2520a6d72cd3104d2565a5e8712830ecc322
2026-10-07T11:30:23,10278537944,New balance 740,New Balance,70.00,EUR,0,37,https://www.vinted.es/items/10278537944-new-balance-740,https://images1.vinted.net/t/06_011ae_LMbJbJejDs1Pj3UbGut5iB5D/f800/31003f01.webp?s=cf56fe96d6cd61bb365fc0f8fe3002699b86476d
2026-10-07T11:30:23,10269887834,Cinzia type araia double zip boots sneaker mdma rick,Cinzia Araia,105.00,EUR,5,39,https://www.vinted.es/items/10269887834-cinzia-type-araia-double-zip-boots-sneaker-mdma-rick,https://images1.vinted.net/t/02_026a1_6HbxVciNrCd4hNjH4RX3rYoR/f800/edd6d43e.webp?s=c3de70c60a918ad2735aa696583a3a957e2d8152
2026-10-07T11:30:23,10273834413,Marc Jacobs sneakers 72,Marc Jacobs,180.00,EUR,2,38,https://www.vinted.es/items/10273834413-marc-jacobs-sneakers-72,https://images1.vinted.net/t/04_0091e_XmEZNeroZSwxFMNuvDTh2bsz/f800/37c78ae4.webp?s=c98839bf5dd5b0dd8e7b3e2f58583c63449eab5a
2026-10-07T11:30:23,10278541506,Nike Air Max Moto 2K,Nike,110.00,EUR,0,37.5,https://www.vinted.es/items/10278541506-nike-air-max-moto-2k,https://images1.vinted.net/t/02_00f2d_Eo1iRWAF3aXPqvSSLnyMEmHN/f800/a29de3e7.webp?s=433a564fa6f5997af6738b5cd51232082452f3a7
2026-10-07T11:30:23,10278539075,Salomon XT-MM6,Salomon,130.00,EUR,0,37,https://www.vinted.es/items/10278539075-salomon-xt-mm6,https://images1.vinted.net/t/01_01739_pmkN794u5NMNG7hHNa2bZ3WJ/f800/ee273fd7.webp?s=e3db2905fdc70deb70c6025a1e082f7dc207d9cc
2026-10-07T11:30:23,10278535857,NEU! Sneaker SUN68 hoher NP. Gr. 37,Sun68,70.00,EUR,0,37,https://www.vinted.es/items/10278535857-neu-sneaker-sun68-hoher-np-gr-37,https://images1.vinted.net/t/06_00c93_om6UjHASQ2tyEJ61BBaNoZEx/f800/e45dfa3d.webp?s=11a60dfd0819313333af7e5061799b8a361cc6e1
2026-10-07T11:30:23,10278529648,Saucony Omni 9,Saucony,99.99,EUR,0,37,https://www.vinted.es/items/10278529648-saucony-omni-9,https://images1.vinted.net/t/06_021b3_GEH7VsemT5PpuxDaC737yp9u/f800/709053c8.webp?s=d502c1d7f56f6004357678c5138cbcd372042e8a
2026-10-07T11:30:23,10278533708,Vans Classic Slip-On Black/Black Nuove – 39,Vans,85.00,EUR,0,39,https://www.vinted.es/items/10278533708-vans-classic-slip-on-blackblack-nuove-39,https://images1.vinted.net/t/05_0029b_1nyUewDJ6suXucgUZL1nzWDT/f800/3d4122ff.webp?s=56b65ccb2ddc0e85d0bc135d0fa800a76c6b8722
2026-10-07T11:30:23,10278533735,Groundies - Nova GS,GROUNDIES,90.00,EUR,0,41,https://www.vinted.es/items/10278533735-groundies-nova-gs,https://images1.vinted.net/t/04_0242f_FVzkjwB2h655qdD4arpuyV1U/f800/1c8af23c.webp?s=563c5e9c5c06b1b8de697b1a0fb8c6f850930204
2026-10-07T11:30:23,10273810043,Travis Scott X Nike,Nike,160.00,EUR,0,39,https://www.vinted.es/items/10273810043-travis-scott-x-nike,https://images1.vinted.net/t/05_00d08_KDVaHqRT6Vt5QQSESSiJu8tm/f800/e3580d5e.webp?s=a28eb8f8201b601eaace9b01650b545d3bd7df00
2026-10-07T11:30:23,10278530940,Real Balenciaga,Balenciaga,120.00,EUR,0,36,https://www.vinted.es/items/10278530940-real-balenciaga,https://images1.vinted.net/t/04_00bd2_baTG4kCZSWTcgSP4XgQTaGrY/f800/b43ae63a.webp?s=6abc893a1013d23227d3da693449a9acaa74670d
2026-10-07T11:30:23,10278528845,Heren sneakers Dstrezzed,Dstrezzed,75.00,EUR,0,40,https://www.vinted.es/items/10278528845-heren-sneakers-dstrezzed,https://images1.vinted.net/t/05_026c4_dE97qZ74TsyYSFopGuLarPwi/f800/36ca48bd.webp?s=fe714fade994fd892a7d3d8b417c7ae184d05cde
2026-10-07T11:30:23,10278521437,Basket Nike,Nike,120.00,EUR,0,37.5,https://www.vinted.es/items/10278521437-basket-nike,https://images1.vinted.net/t/03_013d8_mrj5mf6vuRN59XSpdPN1KZD2/f800/be86a162.webp?s=f902ec86855f4ce296c3ddf0dff11300f4797e43
2026-10-07T11:30:23,10278521314,Sehr gebrauchte Sneaker,Nike,100.00,EUR,0,40,https://www.vinted.es/items/10278521314-sehr-gebrauchte-sneaker,https://images1.vinted.net/t/02_0020e_R7Wpuh41tq3MS3C9mLr1XhK7/f800/2e5a6b6a.webp?s=f52a6a9b14f4a037e34aa65296fab15db25eb4f3
2026-10-07T11:30:23,10278516659,ASICS Gel Nyc numero 39,Asics,100.00,EUR,1,39,https://www.vinted.es/items/10278516659-asics-gel-nyc-numero-39,https://images1.vinted.net/t/01_004d2_rv9nM2FCMrfDPGkBc2MQnTC9/f800/d83448c6.webp?s=7365060e15a06a64a0c98118e81f6c82f9317603
2026-10-07T11:30:23,10278513348,Saucony multicolores,Saucony,85.00,EUR,0,39,https://www.vinted.es/items/10278513348-saucony-multicolores,https://images1.vinted.net/t/05_00b00_sPJHGAvNfGEob6aAvAXviTgN/f800/8293b582.webp?s=24ff4772b92ad1a96ef709cbc693ae2ccfeb237c
2026-10-07T11:30:23,10278519099,Air Jordan 1 Mid SE (con scatola originale),Nike,100.00,EUR,0,39,https://www.vinted.es/items/10278519099-air-jordan-1-mid-se-con-scatola-originale,https://images1.vinted.net/t/05_01920_GxcVuGBHhKwQMP1QXUxandTu/f800/608f4f34.webp?s=bc88f16cf8578aa768d03afc59c1c1d679422f2b
2026-10-07T11:30:23,10273766003,Adidas Originals Samba Jane Bailarinas con hebilla Blancas,adidas,70.00,EUR,0,37.5,https://www.vinted.es/items/10273766003-adidas-originals-samba-jane-bailarinas-con-hebilla-blancas,https://images1.vinted.net/t/04_0181f_EBVitJ5HtKJgTyCw5XJobhRp/f800/e92e232c.webp?s=8939f247456b5a0aefca22b4b1e191bf25996c3b
2026-10-07T11:30:23,10278488581,Asics orange 40,Asics,105.00,EUR,3,40,https://www.vinted.es/items/10278488581-asics-orange-40,https://images1.vinted.net/t/04_00005_EafPaGNmieXAugSee148NALN/f800/3208d2aa.webp?s=3230f90808e8d0f8a4b49f3011144097bed0fb81
2026-10-07T11:30:23,10278518390,UGG Lo Lowmel sneakers,UGG,75.00,EUR,1,40,https://www.vinted.es/items/10278518390-ugg-lo-lowmel-sneakers,https://images1.vinted.net/t/01_020ad_9j3RQKxafTJJrJCCMyvek9jF/f800/aba1114c.webp?s=10b338d9b973e310e65fccea7803b220cc14c2aa
2026-10-07T11:30:23,10278506212,Asics,Asics,75.00,EUR,0,38,https://www.vinted.es/items/10278506212-asics,https://images1.vinted.net/t/05_02098_kqtpC3krs2nP8xPrStuaxC6t/f800/a9322136.webp?s=c851418a75f90dabe26211abd077304815f644b9
2026-10-07T11:30:23,10273654633,Adidas argento nuove,adidas,75.00,EUR,0,38,https://www.vinted.es/items/10273654633-adidas-argento-nuove,https://images1.vinted.net/t/06_00feb_pEWMoC6YeneXbrdMhHxRkEJG/f800/7d5d117b.webp?s=facc8c330bf83b32c93aa3a36f10ba65eba3a7ad
2026-10-07T11:30:23,10273803606,adidas Women's Breaknet Sleek Schuh,adidas,70.00,EUR,0,37.5,https://www.vinted.es/items/10273803606-adidas-womens-breaknet-sleek-schuh,https://images1.vinted.net/t/04_009b2_jhng27whHuahvfXxkHQt9ugo/f800/d2d1ecee.webp?s=90574b025624aa0e03935b99e2c50c022e25f089
2026-10-07T11:30:23,10278510969,Zaptillas New Balance,New Balance,100.00,EUR,0,40.5,https://www.vinted.es/items/10278510969-zaptillas-new-balance,https://images1.vinted.net/t/05_01e93_FLMnBJmWDFTbtvimRwdB6Kmr/f800/c4e78ced.webp?s=8108ef7f82eef1f8eddd9fef5656aa40a3b9ec4a
2026-10-07T11:30:23,10278511160,scarpe Nike air 270,Nike,100.00,EUR,0,39,https://www.vinted.es/items/10278511160-scarpe-nike-air-270,https://images1.vinted.net/t/06_00127_8DXH6QNha1qVzvSEdeCxGfoa/f800/a1d424e7.webp?s=84f531693b0fa14da456340ca93864abdfce1cb3
2026-10-07T11:30:23,10278145015,Baskets neuves compensées,Geox,90.00,EUR,0,37,https://www.vinted.es/items/10278145015-baskets-neuves-compensees,https://images1.vinted.net/t/06_00a9b_B1fDkx5fVsADu4anM4oENPr6/f800/8a5ca0f4.webp?s=c173cb99569cf418dc057b08455ef1937dc8e72a
2026-10-07T11:30:23,10278510677,air force,Nike,150.00,EUR,0,38,https://www.vinted.es/items/10278510677-air-force,https://images1.vinted.net/t/06_02496_QcUrh3MENj2CfWJnXbWyeWjk/f800/3c102b1e.webp?s=d6f8cebd4b6720f7cff08f7b2dcc6a3cf89015c3
2026-10-07T11:30:23,10278506886,Nike x Off White sneakers size 39,Nike,95.00,EUR,0,39,https://www.vinted.es/items/10278506886-nike-x-off-white-sneakers-size-39,https://images1.vinted.net/t/05_01e79_bKK5CRXyWAkfRBhRoqPFzJmt/f800/de14b774.webp?s=ad7d3c81be4f9d2ceb75a62d96346e0d1dc6c457
2026-10-07T11:30:23,10278504995,Buffalo pelliccia vegan,Buffalo,89.00,EUR,0,38,https://www.vinted.es/items/10278504995-buffalo-pelliccia-vegan,https://images1.vinted.net/t/06_01203_K4e1GDxmJmjQN4TQ5GvA2nTG/f800/99f54572.webp?s=e0f4723bbb52fdc4a4785b8df1ee410db41d4bf5
2026-10-07T11:30:23,10278140470,Salomon XT6 White Lunar Rock Wit Blanc Taille Maat 39 1/3,Salomon,84.00,EUR,8,39,https://www.vinted.es/items/10278140470-salomon-xt6-white-lunar-rock-wit-blanc-taille-maat-39-13,https://images1.vinted.net/t/03_0065d_3ZR6DxbVi3vrj29VQrnYLD1b/f800/fdddfb77.webp?s=ab4b514cdb749690e1a1f1cdce06fc01985a5ba0
2026-10-07T11:30:23,10278504375,Baskets Adidas Samba OG 39 1/3,adidas,100.00,EUR,0,39,https://www.vinted.es/items/10278504375-baskets-adidas-samba-og-39-13,https://images1.vinted.net/t/06_0155c_t6xth6iWjMBjCDZR2TamYh3p/f800/d249a50a.webp?s=8a5c5918c4069b4dcc32350b76cdbf1382055c38
2026-10-07T11:30:23,10278504746,Nieuw: New Balance sneakers,New Balance,85.00,EUR,0,36,https://www.vinted.es/items/10278504746-nieuw-new-balance-sneakers,https://images1.vinted.net/t/02_0025e_1FAG8kkUweZPKsr6S7X4f7p2/f800/b4a5d875.webp?s=febdc68957eba4774b0d406d25572119bd1a6600
2026-10-07T11:30:23,10278504983,Back 70 • Sneaker • Größe 40,Back 70,79.00,EUR,0,40,https://www.vinted.es/items/10278504983-back-70-sneaker-grosse-40,https://images1.vinted.net/t/04_0087f_Bmz3ft9JMLSm84VYsoBPnZ5V/f800/5f69920d.webp?s=869e47ba54fa2a6c72015862759e515fc1e604a8
2026-10-07T11:30:23,10278489008,Asics,Asics,75.00,EUR,2,37,https://www.vinted.es/items/10278489008-asics,https://images1.vinted.net/t/01_0082d_QqstDAd2Kd4GhRGpsshmxPRA/f800/42a39e32.webp?s=6b62534db7555f735e46225f3642bbdf84856dea
2026-10-07T11:30:23,10278485544,Basket Dunk Nike marron,Nike,70.00,EUR,0,40,https://www.vinted.es/items/10278485544-basket-dunk-nike-marron,https://images1.vinted.net/t/06_0236c_kdfVUMJsZBMLMeneaXaBvMUf/f800/c0819858.webp?s=12c8b615cf7443908a482dfc5cf532fd38666bf9
2026-10-07T11:30:23,10278499430,Medalist Autry Weiss Gr.40 Top Zustand,Autry,110.00,EUR,0,40,https://www.vinted.es/items/10278499430-medalist-autry-weiss-gr40-top-zustand,https://images1.vinted.net/t/05_008fb_kY8d229YEnEhDAjha6Zx4tar/f800/efa40a90.webp?s=784fdc41188cabbc0efa872ebf1be50645fd3639
2026-10-07T11:30:23,10278502493,Zapatos,Art,70.00,EUR,0,36,https://www.vinted.es/items/10278502493-zapatos,https://images1.vinted.net/t/01_00ded_FdJWAKVdEj9JF3LsDymme7k2/f800/7edd15c1.webp?s=14a07021dd9e4eec98d039ffee790089f18b0c4a
2026-10-07T11:30:23,10278500238,Gucci low-top sneakers glitter,Gucci,365.00,EUR,0,40,https://www.vinted.es/items/10278500238-gucci-low-top-sneakers-glitter,https://images1.vinted.net/t/05_01554_9REHsi5VUFmVz6hTCjDBpciq/f800/fbaa508f.webp?s=8713904c7c9f3b0eb03139882949002d295a66ca
2026-10-07T11:30:23,10278500420,Baskets Dunk Nike,Nike,100.00,EUR,0,40.5,https://www.vinted.es/items/10278500420-baskets-dunk-nike,https://images1.vinted.net/t/06_0000b_k1U2txKtKxY5JpaJvkvZf7J6/f800/9fa6242e.webp?s=6ee77b6bf8acdab11c29e43da8d3d04e605e150e
2026-10-07T11:30:23,10278496227,Baskets Louis Vuitton,Louis Vuitton,210.00,EUR,1,38.5,https://www.vinted.es/items/10278496227-baskets-louis-vuitton,https://images1.vinted.net/t/03_019f4_9dHTPTzeRrUvrgK16cazmoos/f800/ab954b9b.webp?s=58fb9bec19a9110eca01add42871e9c4cf06e350
2026-10-07T11:30:23,10278286779,Isabel Marant Bobby beige maat 38,Isabel Marant,200.00,EUR,5,38,https://www.vinted.es/items/10278286779-isabel-marant-bobby-beige-maat-38,https://images1.vinted.net/t/02_01a05_7YsPuj6aH7snQDaKezGBL12o/f800/de4541ed.webp?s=3c3c0bb3826e60a06143b2caa7456a961dae940a
2026-10-07T11:30:23,10278496064,Chaussure Rose Dunk Stranger Love - Taille 42,Nike SB,110.00,EUR,0,42,https://www.vinted.es/items/10278496064-chaussure-rose-dunk-stranger-love-taille-42,https://images1.vinted.net/t/06_0253f_pM18VGRZpuysiQFDDxn7aGdC/f800/592b9628.webp?s=f8f4e3b9325012081a2b511617cc26163eca071b
2026-10-07T11:30:23,10278491837,Zapatillas Skechers Slip-ins Ultra Flex 3.0 Beauty Blend Talla 37 Multicolor YLPK Slip On Comfort,Skechers,75.00,EUR,0,37,https://www.vinted.es/items/10278491837-zapatillas-skechers-slip-ins-ultra-flex-30-beauty-blend-talla-37-multicolor-ylpk-slip-on-comfort,https://images1.vinted.net/t/03_01557_gEKA6pPpaVqPXufxrzoNqDzC/f800/34cef731.webp?s=90ae4d2bf98d619acd2758fbdf748e1ca63043ee
2026-10-07T11:30:23,10278476547,Gel cumulus 16,Asics,120.00,EUR,1,38,https://www.vinted.es/items/10278476547-gel-cumulus-16,https://images1.vinted.net/t/06_009aa_KsLcXkDkhWwKUU1kwEryq7eB/f800/64a373cb.webp?s=8341869883333f79eccb890ba1e3d1375768f299
2026-10-07T11:30:23,10278487801,Scarpe dolce e gabbana,Dolce & Gabbana,300.00,EUR,0,37.5,https://www.vinted.es/items/10278487801-scarpe-dolce-e-gabbana,https://images1.vinted.net/t/05_007ce_H3utBW8wiaPpMZ6tZ9pqkw4d/f800/e6e03719.webp?s=2a4b13c892b1f112a9431432e40eb9a43b330654
2026-10-07T11:30:23,10278134380,Basket new balance,New Balance,100.00,EUR,0,36,https://www.vinted.es/items/10278134380-basket-new-balance,https://images1.vinted.net/t/05_0203c_iacBsDgb5qTvpVpDa7gDcqM5/f800/8706577d.webp?s=f67d5ea565a47d8a9bc2a58e0ca942194b1f580c
2026-10-07T11:30:23,10278487190,Adidas Campus Sneaker 43/1/2,adidas,70.00,EUR,1,43.5,https://www.vinted.es/items/10278487190-adidas-campus-sneaker-4312,https://images1.vinted.net/t/03_00eee_SSshmL3WEjekZyRkVgQAXDX4/f800/5e2ad92c.webp?s=636e04cd1ddb8b2593f20338d5474a422c9a0d53
2026-10-07T11:30:23,10278483975,Salomon xt4,Salomon,110.00,EUR,0,38.5,https://www.vinted.es/items/10278483975-salomon-xt4,https://images1.vinted.net/t/02_01801_E3jur3A6asqJqnvK7S2Bhw4d/f800/0855c3e7.webp?s=c8e9b7bc358baa57a9e70aa0f5a9dc2504604f32
2026-10-07T11:30:23,10278485185,Scarpe premiata Queen,Premiata,80.00,EUR,0,37,https://www.vinted.es/items/10278485185-scarpe-premiata-queen,https://images1.vinted.net/t/05_0036f_AGriWC85AMkTiUZqkYAv9z4Q/f800/9b09bdfd.webp?s=82d5048775f283ae75f71fe44433306dd615f55a
2026-10-07T11:30:23,10278484974,Michael Kors,Michael Kors,100.00,EUR,0,37,https://www.vinted.es/items/10278484974-michael-kors,https://images1.vinted.net/t/05_01251_RwirPvPdZQh7pJcTHPWHNsnt/f800/288dadbd.webp?s=33ec6bb370837e786100b6c6c2d84e4a082af980
2026-10-07T11:30:23,10278480372,Buffalo pelliccia vegan,Buffalo,89.00,EUR,1,39,https://www.vinted.es/items/10278480372-buffalo-pelliccia-vegan,https://images1.vinted.net/t/02_015c5_YRjpUjmUYq5sB2AG5SE7vtb8/f800/caa4b138.webp?s=63a7917b45a81208e3d3c0cb4d2a9aac2ff0eb78
2026-10-07T11:30:23,10278477070,Alexander McQUEEN Sneaker Gr. 39,Alexander McQueen,70.00,EUR,0,39,https://www.vinted.es/items/10278477070-alexander-mcqueen-sneaker-gr-39,https://images1.vinted.net/t/02_0199d_TFbgqnWF4jvCVhSD3YCS5ry3/f800/5180bf4b.webp?s=4ef1612d8ef9f49b012100530778622249322c3d
2026-10-07T11:30:23,10278479305,"Baskets New Balance maat 37,5",New Balance,85.00,EUR,2,37.5,https://www.vinted.es/items/10278479305-baskets-new-balance-maat-375,https://images1.vinted.net/t/05_024b2_k3fgfWDqo8KtEbPdM9dH2sVE/f800/98d32ceb.webp?s=7209f5f6150cde412cb47028ca46975b8361bea6
2026-10-07T11:30:23,10278473746,Baskets adidas neufs Wales bonner,adidas x Wales Bonner,90.00,EUR,3,38,https://www.vinted.es/items/10278473746-baskets-adidas-neufs-wales-bonner,https://images1.vinted.net/t/01_008a9_TSx5SCuq3SemVqBojuQjB3Qj/f800/32ee7e5f.webp?s=dd31315db622d2e0da68f7add8e7b0aede2fadc0
2026-10-07T11:30:23,10278473469,Air Jordan 1 Mid,Nike,70.00,EUR,0,38.5,https://www.vinted.es/items/10278473469-air-jordan-1-mid,https://images1.vinted.net/t/05_01f4c_gV9EAxY9TaWsvkvPGHoyQZZ6/f800/3a7d3f65.webp?s=9d295949b12102e229c645b1b48f9d8f7169dc2a
2026-10-07T11:30:23,10278469025,Nike Air Force Valentinstag,Nike,80.00,EUR,1,39,https://www.vinted.es/items/10278469025-nike-air-force-valentinstag,https://images1.vinted.net/t/02_02380_zntftTAMvBBvtJouQwGQAXsT/f800/b2584f45.webp?s=3965e908bc2fcb091cd6f5fffde10faeac148e98
2026-10-07T11:30:23,10278471134,Adidas wales x bonner studs,adidas,180.00,EUR,1,38,https://www.vinted.es/items/10278471134-adidas-wales-x-bonner-studs,https://images1.vinted.net/t/01_00a37_vkgkAkNkhTzQ6ZZxYXsfwD8f/f800/338a822c.webp?s=862a602b8fd95a75fc1ef46e3dcc581a38048b45
2026-10-07T11:30:23,10278470968,Basket vans neuf,Vans,80.00,EUR,0,37,https://www.vinted.es/items/10278470968-basket-vans-neuf,https://images1.vinted.net/t/02_002aa_68ZLdE6nfFE71nNg2QREeDJQ/f800/4b9ecd3b.webp?s=2db1b22699fa9c478d48d382a90efd159eb3d167
2026-10-07T11:30:23,10278465738,Baskets Nike,Nike,80.00,EUR,0,41,https://www.vinted.es/items/10278465738-baskets-nike,https://images1.vinted.net/t/02_01c02_2zHj9XFTQ8JZxRm2yCzowrvp/f800/d4cc2c33.webp?s=246c4741ad39c294cd021c1a207062f1fda2f42f
2026-10-07T11:30:23,10278470025,Jordan melodi ehsani,Jordan,198.00,EUR,0,38,https://www.vinted.es/items/10278470025-jordan-melodi-ehsani,https://images1.vinted.net/t/06_00595_9CqXsMW8Hw7gAzUdsSbNLzfd/f800/1e45c2a2.webp?s=0731b43ddc4e513e08c059d92438a9e35ff99ebf
2026-10-07T11:30:23,10278460663,Salomon XT6 Expanse Sandy Liang - Taille 40 2/3,Salomon,125.00,EUR,1,40.5,https://www.vinted.es/items/10278460663-salomon-xt6-expanse-sandy-liang-taille-40-23,https://images1.vinted.net/t/02_0179e_QobvKh31JdV14trvCLVBaThe/f800/60354ee7.webp?s=5dc3dc0a3174c3681938ced2bb5422a48c1d800e
2026-10-07T11:30:23,10278467925,gddb schoenen,Zara,149.00,EUR,5,38,https://www.vinted.es/items/10278467925-gddb-schoenen,https://images1.vinted.net/t/02_0198e_t1LA8PLvYZJZRB7PDnrx1Xhu/f800/c415cdc7.webp?s=29aaa76555d3e3f74c34aa0a042aa60e2e64718e
2026-10-07T11:30:23,10278458600,New balance,New Balance,75.00,EUR,0,39.5,https://www.vinted.es/items/10278458600-new-balance,https://images1.vinted.net/t/06_00f49_yeYLfe1TqweLhfLX9LmkuP7U/f800/3e0f13a3.webp?s=37ce512666ed2e2504351fe71cc3d16c7ea95b44
2026-10-07T11:30:23,10278459724,Newbalance 9060 Beige 38 NUOVE Scontrino,New Balance,128.00,EUR,0,38,https://www.vinted.es/items/10278459724-newbalance-9060-beige-38-nuove-scontrino,https://images1.vinted.net/t/06_013f4_gsEMYUp62o9f8NFFscsU5wAX/f800/84db9a97.webp?s=f0f150856ba59ea0a05c3f89714c65af23c52b58
2026-10-07T11:30:23,10278465358,Skechers Rainbow,Skechers,75.00,EUR,0,41,https://www.vinted.es/items/10278465358-skechers-rainbow,https://images1.vinted.net/t/06_00594_v8WDuzyA6v38D9G4rAwS6ph1/f800/f7f1035f.webp?s=da23c331d82c6f90460847331508aa3415dd488a
2026-10-07T11:30:23,10273730186,Scarpe Adidas japan,adidas,85.00,EUR,0,40,https://www.vinted.es/items/10273730186-scarpe-adidas-japan,https://images1.vinted.net/t/05_00063_3sAxrE1ws46K91gJLfwU5k1N/f800/60bc3e4a.webp?s=13dcf468babb11978ede3c656ba5a3f8d7e4abb7
2026-10-07T11:30:23,10278440862,Basket saint laurent,Saint Laurent,85.00,EUR,0,37,https://www.vinted.es/items/10278440862-basket-saint-laurent,https://images1.vinted.net/t/01_01214_h8BiTPnExUT6g58GPNqW7jHe/f800/9d5449d1.webp?s=340b839f3be0cbfaf63243ab65e3d8ac23d7cddb
2026-10-07T11:30:23,10278459374,Zapatillas Vans Tipo bota,Vans,80.00,EUR,0,38.5,https://www.vinted.es/items/10278459374-zapatillas-vans-tipo-bota,https://images1.vinted.net/t/01_00933_gNChLUEmYG4v3KngVv6ee6rK/f800/79f9dd19.webp?s=13deede29bc803fceecc768cc00309b6f562e8b6
2026-10-07T11:30:23,10278450418,Baskets T42 neuves,Nike,95.00,EUR,0,42,https://www.vinted.es/items/10278450418-baskets-t42-neuves,https://images1.vinted.net/t/06_0017d_r26fLMmXNAp2dcLxtUsTTURA/f800/6cd3f4b6.webp?s=936606c13746d375ca0d9a0312776181082c6867
2026-10-07T11:30:23,10278459381,Basket yeezy 500 adidas,Yeezy,80.00,EUR,0,38,https://www.vinted.es/items/10278459381-basket-yeezy-500-adidas,https://images1.vinted.net/t/02_02033_7dDXNHHs5JB2M9SRvdr4wyW2/f800/bf25ecb5.webp?s=e2787972f223c4f77e2e4b4ac05c1bc9701ff47f
2026-10-07T11:30:23,10278453620,Ténis Valentino,Valentino Garavani,120.00,EUR,0,37.5,https://www.vinted.es/items/10278453620-tenis-valentino,https://images1.vinted.net/t/02_0009a_84Nnz3RVgZD8XFKCELAMRaBn/f800/82188f42.webp?s=e5e49dcf98b9a8043b982d5e28a071d60f334879
2026-10-07T11:30:23,10278452198,Yeezy Boost 350 V2 Slate/Core Black – 38 2/3,Yeezy,110.00,EUR,0,38,https://www.vinted.es/items/10278452198-yeezy-boost-350-v2-slatecore-black-38-23,https://images1.vinted.net/t/02_0082d_b5LBzELAQJ4JbdyzagMnwZsH/f800/96590492.webp?s=7a6f77873c7fa3b1a855a5229ecd869b96b6fa9a
2026-10-07T11:30:23,10278416103,Baskets On cloudit,On Cloud,140.00,EUR,1,39,https://www.vinted.es/items/10278416103-baskets-on-cloudit,https://images1.vinted.net/t/05_00e9b_EdgP9YSgnk3TMzSqTKFSYkh1/f800/01a11a13.webp?s=a3e5dafcc5e1255339797c4a2eaa0d41b003fb6d
2026-10-07T11:30:23,10278447516,Gazelle sneakers,Gucci,150.00,EUR,3,38,https://www.vinted.es/items/10278447516-gazelle-sneakers,https://images1.vinted.net/t/05_0025d_U6EG56J3L29iAyLFSCLAzSiM/f800/f4d79191.webp?s=32cd5b2d4fc42bb5dd8ca3810817890d47ef113a
2026-10-07T11:30:23,10278433074,Sneakers pinko,Pinko,100.00,EUR,0,39,https://www.vinted.es/items/10278433074-sneakers-pinko,https://images1.vinted.net/t/06_01c15_ji5uHcRkc6ygJinvnPt2h5Bs/f800/30fc7c63.webp?s=c088e5e885ec560dd33f0eaafbda782da412a90e
2026-10-07T11:30:23,10278448448,Basket Femme en cuir lisse cuir velours à motif léopard Marque BOCAGE neuve,Bocage,75.00,EUR,0,37,https://www.vinted.es/items/10278448448-basket-femme-en-cuir-lisse-cuir-velours-a-motif-leopard-marque-bocage-neuve,https://images1.vinted.net/t/02_01894_uxNvzR62ai683uqF5mZWcRRD/f800/0bb48f58.webp?s=5b07642755b77daef5b41c6e6120b32d77ba3979
2026-10-07T11:30:23,10278441500,Sneakers donna Victoria nuove con cartellino 37,Victoria,75.00,EUR,0,37,https://www.vinted.es/items/10278441500-sneakers-donna-victoria-nuove-con-cartellino-37,https://images1.vinted.net/t/02_02174_pbZCPXFgP5FwwfjRvZYKwQaJ/f800/037d3cde.webp?s=f68d7d24aeb7c61eba67323f4b33294176994473
2026-10-07T11:30:23,10278420037,sneakers nuove giuseppe zanotti Frankie,Giuseppe Zanotti,250.00,EUR,0,38,https://www.vinted.es/items/10278420037-sneakers-nuove-giuseppe-zanotti-frankie,https://images1.vinted.net/t/05_006dc_SoJ2WYuaktdpmwZc21gXUSQG/f800/ceac3930.webp?s=a88e3a650ae3e6fa67b1a13cb03b5a0aa425464f
2026-10-07T11:30:23,10278445340,"ASICS x Kiko Kostadinov UB1-S Gel-Kayano 14 - 39,5",Asics,120.00,EUR,0,39.5,https://www.vinted.es/items/10278445340-asics-x-kiko-kostadinov-ub1-s-gel-kayano-14-395,https://images1.vinted.net/t/05_0027c_aJMuWWqe8fgWMuhcvPwUQt7J/f800/3495afa7.webp?s=7e2c0e05796b8bc9bbccc9646c7aec8999d678b1
2026-10-07T11:30:23,10278420909,Maison Mihara Yasuhiro Peterson 23 OG Sole Canvas Low Black,Maison Mihara Yasuhiro,150.00,EUR,0,37,https://www.vinted.es/items/10278420909-maison-mihara-yasuhiro-peterson-23-og-sole-canvas-low-black,https://images1.vinted.net/t/05_00493_sz3aLAcHUd7yB4hXmMBDY3Zp/f800/ece3568b.webp?s=c8fca2ef34591dc683d2f463237e79cfeb6cce9e
2026-10-07T11:30:23,10278443295,Adidas Samba XLG Brown & Pink (Marrone e Rosa) 5US,adidas,85.00,EUR,0,36,https://www.vinted.es/items/10278443295-adidas-samba-xlg-brown-pink-marrone-e-rosa-5us,https://images1.vinted.net/t/05_00c90_BF3Wvkdx3Zqx4byW81woXGfA/f800/149cc5cd.webp?s=4e28e26d10d1dc16015bc400b56209cfab6471a7
2026-10-07T11:30:23,10278443109,Nike shox,Nike,95.00,EUR,0,41,https://www.vinted.es/items/10278443109-nike-shox,https://images1.vinted.net/t/02_01c2b_jNUXQLV7QNUkgydaVZhX3gSu/f800/8dc8f585.webp?s=c3a34fa4e8c6cdb0cebfd213867d5c992190714c
2026-10-07T11:30:23,10278312917,Asics Kayano 14 Semelle Rose - 40,Asics,80.00,EUR,1,40,https://www.vinted.es/items/10278312917-asics-kayano-14-semelle-rose-40,https://images1.vinted.net/t/06_0207d_yKCawgtAVM2MBTqC1fCyxWAb/f800/1357f591.webp?s=bae586b5ba630535bed9252a2c95e721cbb7d425
2026-10-07T11:30:23,10278420192,Saucony omni 9,Saucony,90.00,EUR,2,39,https://www.vinted.es/items/10278420192-saucony-omni-9,https://images1.vinted.net/t/05_01ed8_tAvUSN2dQXFDQTT4xms89Bnp/f800/690bea53.webp?s=4c76989bfb77fe281289dbd677bc69f1e2e7aa98
2026-10-07T11:30:23,10278438001,Baskets cuir et daim marines SMR23 Semerdjian,Semerdjian,75.00,EUR,0,36,https://www.vinted.es/items/10278438001-baskets-cuir-et-daim-marines-smr23-semerdjian,https://images1.vinted.net/t/05_00979_SRGpFb6GVDaAdHRq85bzDLo2/f800/bb84fd60.webp?s=274fcb22d26c822400f852b4fe6561ea09c32f5a
2026-10-07T11:30:23,10278436979,Zapatillas Adidas Campus -nuevas,adidas,80.00,EUR,0,38,https://www.vinted.es/items/10278436979-zapatillas-adidas-campus-nuevas,https://images1.vinted.net/t/05_0041c_Z2Xsyos9xJRdaWVSM29poaCd/f800/10210d30.webp?s=b54d59cd8128a95c4469e1764fa1f28d5716ed8c
2026-10-07T11:30:23,10278340926,Baskets On,On Cloud,75.00,EUR,0,40.5,https://www.vinted.es/items/10278340926-baskets-on,https://images1.vinted.net/t/06_00b8e_FmV6qoURNiciJHSmNxyzq9zm/f800/95f254ac.webp?s=17d1f49fa9464477036379bca3e624eea730e99b
2026-10-07T11:30:23,10278414240,onitsuka tiger mexico 66 en 38,Onitsuka Tiger,70.00,EUR,2,38,https://www.vinted.es/items/10278414240-onitsuka-tiger-mexico-66-en-38,https://images1.vinted.net/t/05_01e1c_STbB2ob37BWsXfjRB9VCKJHK/f800/659fadd1.webp?s=a8365c3376c3c7b9142875256418b930a84677fe
2026-10-07T11:30:23,10278439381,Hogan 41,Hogan,245.00,EUR,0,41,https://www.vinted.es/items/10278439381-hogan-41,https://images1.vinted.net/t/06_012f0_BLbAZA1TF49Zs6SNZBKAjBtU/f800/0a880a2a.webp?s=6028c669c7c247348c95ebf7d50e340681fcff27
2026-10-07T11:30:23,10278438811,Adidas Hamburg,adidas,80.00,EUR,0,40.5,https://www.vinted.es/items/10278438811-adidas-hamburg,https://images1.vinted.net/t/05_024b9_ZX5GhkXpZLnTDnKnXdaLF1Xq/f800/effc7611.webp?s=f5a5ac33920f83a71e4f55c4c5b8d8f7dd18c12d
2026-10-07T11:30:23,10278434290,Basket Karl Lagerfeld Femme,Karl Lagerfeld,100.00,EUR,0,40,https://www.vinted.es/items/10278434290-basket-karl-lagerfeld-femme,https://images1.vinted.net/t/04_01388_fdzD7QSorxuun9Duz8Es5bMK/f800/0e74e1c3.webp?s=68f45a5f24855e93c216766a1e2f41fcbcff2aa7
2026-10-07T11:30:23,10278437086,"Geox platform Kency donna, N.41,Leopardata senape glitter",Geox,85.00,EUR,0,41,https://www.vinted.es/items/10278437086-geox-platform-kency-donna-n41leopardata-senape-glitter,https://images1.vinted.net/t/06_011c4_GgpfuYH9P1VaD3RPzNm9gaxW/f800/e5078a6c.webp?s=4c5223aee73d892deaebabc2120ea557c17eff05
2026-10-07T11:30:23,10278433075,spezial nere,adidas,90.00,EUR,0,38,https://www.vinted.es/items/10278433075-spezial-nere,https://images1.vinted.net/t/05_01e53_Be3asfD6T5fSP2VR5sZXk9PP/f800/6aec98a7.webp?s=fbda9a682254a2462bf296c84510be37afd7ac77
2026-10-07T11:30:23,10278398031,New balance 370,New Balance,80.00,EUR,0,39.5,https://www.vinted.es/items/10278398031-new-balance-370,https://images1.vinted.net/t/02_014f1_x3CndStqn1zkBGgP1SKwtq6B/f800/7b25106d.webp?s=a2fd564ad4e46c5d340f98f84a686cffdc5087da
2026-10-07T11:30:23,10278431247,Adidas samba 43 1/3,adidas,70.00,EUR,0,43,https://www.vinted.es/items/10278431247-adidas-samba-43-13,https://images1.vinted.net/t/06_0116c_ACXNUcmmhE618BfQzNg8fKTL/f800/353744a2.webp?s=1b23fce95f44773c1dc5d96677c9bc065d4fa7e8
2026-10-07T11:30:23,10278429664,New Balance 9060,New Balance,150.00,EUR,0,38,https://www.vinted.es/items/10278429664-new-balance-9060,https://images1.vinted.net/t/02_00d1c_gDsd6CZ7EVEZpRWBViW7ce8h/f800/2cef55f0.webp?s=8de38a3a13f33fae8110f143893d7d663ef6e9c2
2026-10-07T11:30:23,10278429273,Baskets Karl Lagerfeld 41,Karl Lagerfeld,98.00,EUR,0,41,https://www.vinted.es/items/10278429273-baskets-karl-lagerfeld-41,https://images1.vinted.net/t/02_0096e_6N6HJ2yJoZgmWtLssGxU6duk/f800/8749f963.webp?s=27a5304dc48015d32c95b4ab763eb2384b917f2d
2026-10-07T11:30:23,10278430883,Dunk Nike rose,Nike,100.00,EUR,0,36,https://www.vinted.es/items/10278430883-dunk-nike-rose,https://images1.vinted.net/t/02_019e3_MrYpBNVeUNXJmj1AvCgsDFqx/f800/8e54e577.webp?s=bf686e4311795a74126c8f23ffe5e2d5b23e8dba
2026-10-07T11:30:23,10278424143,Basket addidas gazelle marron,adidas,75.00,EUR,0,38.5,https://www.vinted.es/items/10278424143-basket-addidas-gazelle-marron,https://images1.vinted.net/t/01_01ddd_hH3S6M2Y8vjbTMbJCHawR7wi/f800/9601ce13.webp?s=fa4d5cc89330797cb712757cab2a57246f0b99b9
2026-10-07T11:30:23,10273707103,Womens adidas spezial,adidas,75.00,EUR,0,37,https://www.vinted.es/items/10273707103-womens-adidas-spezial,https://images1.vinted.net/t/01_0141c_RuBa6WoPTiWCUT4Ljjb3CWP3/f800/2ab39164.webp?s=d85d80cd7ae1a74b5e7602b997740a04f5b41329
2026-10-07T11:30:23,10278426527,Adidas Samba,adidas,80.00,EUR,4,42,https://www.vinted.es/items/10278426527-adidas-samba,https://images1.vinted.net/t/02_02612_3WehJ7C67Db4doKsjai5WvmZ/f800/640fb5cf.webp?s=b6ad564d9d3648bb724d1add05967177972d7a74
2026-10-07T11:30:23,10278425426,Campus Baeige,adidas,80.00,EUR,0,40.5,https://www.vinted.es/items/10278425426-campus-baeige,https://images1.vinted.net/t/02_01b2a_TFeN7tmqpvkSv2Tvp4JUhtLs/f800/3185e8b8.webp?s=c722d388b66d1c1d2df43db805cfa1579ee5092b
2026-10-07T11:30:23,10278426107,Högl nuovissime per laitunno,HÖGL,80.00,EUR,0,38,https://www.vinted.es/items/10278426107-hogl-nuovissime-per-laitunno,https://images1.vinted.net/t/02_011b0_7uwXsCh25uvPLJCT63AVYj1m/f800/287fb2bf.webp?s=1270be8aa384e8da04abbcbe6c1c586efb05298c
2026-10-07T11:30:23,10278427181,Nike air Max 90,Nike,85.00,EUR,0,35.5,https://www.vinted.es/items/10278427181-nike-air-max-90,https://images1.vinted.net/t/01_0034e_CqsDsbV2nLd1u9gXQJTDkyM3/f800/9375ed7c.webp?s=94893a5f9ff3823a251a59892f89989bbdbffd3d
2026-10-07T11:30:23,10278423726,Baskets Hoff,HOFF,80.00,EUR,1,38,https://www.vinted.es/items/10278423726-baskets-hoff,https://images1.vinted.net/t/06_0117b_APVLY9NDdXu2KuqiUid9UHP4/f800/963dca97.webp?s=156b935cd8a162cfda014567fd371ca1f2808739
2026-10-07T11:30:23,10278424449,Nike Air 270,Nike,80.00,EUR,0,40.5,https://www.vinted.es/items/10278424449-nike-air-270,https://images1.vinted.net/t/02_016f4_gVqHBWWTrdny213RAkCfBpd9/f800/98d34b80.webp?s=f0d94cf6d73843ad7795959d2b994439a69d8ef0
2026-10-07T11:30:23,10278357287,Nike Air Max 90 Premium Oatmeal.,Nike,99.00,EUR,3,39,https://www.vinted.es/items/10278357287-nike-air-max-90-premium-oatmeal,https://images1.vinted.net/t/06_00765_NZTToS79PQsTixh4euLZ34tp/f800/917e5998.webp?s=e35b4b2693f2a3334a4d99fadd86aa0ab1171ffa
2026-10-07T11:30:23,10278402119,asics doré,Asics,110.00,EUR,0,40,https://www.vinted.es/items/10278402119-asics-dore,https://images1.vinted.net/t/01_01080_Fi6zZDPDA773ip9w1gWCgViL/f800/955ad276.webp?s=4729c26351194b0750d2ac89feba3a4d7b4c7195
2026-10-07T11:30:23,10278419684,Alexander McQueen zwarte velvet sneakers maat 40,Alexander McQueen,175.00,EUR,0,40,https://www.vinted.es/items/10278419684-alexander-mcqueen-zwarte-velvet-sneakers-maat-40,https://images1.vinted.net/t/02_0055a_DDZGAfoKad4Rrp5mQvRu57dW/f800/54bfc149.webp?s=bc4cb788e3c585d6ba0ef2f6735ffdc6f9a5cf25
2026-10-07T11:30:23,10278421088,Dolce & Gabbana Sneaker in 37,Dolce & Gabbana,150.00,EUR,0,37,https://www.vinted.es/items/10278421088-dolce-gabbana-sneaker-in-37,https://images1.vinted.net/t/01_01d1a_JYHbvkrkwMVEggZfLsRNGMLg/f800/19024d3a.webp?s=36ca975515cafee05774894095e050a514466cb8
2026-10-07T11:30:23,10278399344,Nike Air,Nike,70.00,EUR,0,39,https://www.vinted.es/items/10278399344-nike-air,https://images1.vinted.net/t/02_021ee_SdcyBeiwe2CML6yGquaMiJNm/f800/5d454f38.webp?s=cbb829968c1c05ba7838318112d881b1c654bed1
2026-10-07T11:30:23,10278417988,Cristian Audigier SHOES,Christian Audigier,75.00,EUR,0,38,https://www.vinted.es/items/10278417988-cristian-audigier-shoes,https://images1.vinted.net/t/02_0218f_9AJDNFKH5DnF5q3YL94oFLWd/f800/a4d52e5e.webp?s=33fccc6f4ea7ea990ef235e1c6235d3a0a06a999
2026-10-07T11:30:23,10278401171,Nike Shox unisex rot weiß Größe 39,Nike,80.00,EUR,0,39,https://www.vinted.es/items/10278401171-nike-shox-unisex-rot-weiss-grosse-39,https://images1.vinted.net/t/05_01433_PkzzVUF44tnxzYZNjHZxiwxS/f800/4187afde.webp?s=78cec3a463c2169f449da42821352c036a994264
2026-10-07T11:30:23,10278417689,Alte stallschuhe mit Geruch,Alte stallschuhe mit Geruch,75.00,EUR,2,40.5,https://www.vinted.es/items/10278417689-alte-stallschuhe-mit-geruch,https://images1.vinted.net/t/02_01c90_2PDo3mTDUDA3UgYHsBf88MYX/f800/86de411d.webp?s=0d3b38ffa42be1706cdba659ee55fe6303add1a1
2026-10-07T11:30:23,10278404679,Baskets Adidas SL 72,adidas,80.00,EUR,1,38.5,https://www.vinted.es/items/10278404679-baskets-adidas-sl-72,https://images1.vinted.net/t/02_01bef_qYWfiSbfZXchNcAVyTbGqqrk/f800/847a186d.webp?s=d4a62eb99a68833b32194aade22914ee854aed9f
2026-10-07T11:30:23,10275879080,adidas Samba Patent Snakeskin Silver Metallic 38,adidas,79.90,EUR,1,38,https://www.vinted.es/items/10275879080-adidas-samba-patent-snakeskin-silver-metallic-38,https://images1.vinted.net/t/04_026c7_AjZtwDroBaBFgrB4fF8JF5jm/f800/2a702fc9.webp?s=c828516e748955c1590d577cd635ef98d8f7886e
2026-10-07T11:30:23,10278410587,Baskets new balance 9060,New Balance,150.00,EUR,0,38.5,https://www.vinted.es/items/10278410587-baskets-new-balance-9060,https://images1.vinted.net/t/02_01e36_5B8VSV9tZ3aXqbUpANmsPUVe/f800/6df81335.webp?s=447bfeba5e21a430baf96958e2da932cdd63a7aa
2026-10-07T11:30:23,10278413363,Hidnander 41,Hidnander,99.00,EUR,0,41,https://www.vinted.es/items/10278413363-hidnander-41,https://images1.vinted.net/t/02_01951_hCKkBf9TCUfMiUAsVJ1eFeCU/f800/5753f4a2.webp?s=4bdf93f2ea71d08c49cce8b2d44710e24251a97e
2026-10-07T11:30:23,10278378138,Salomon XT6 Wren Kangoroo Vanilla Ice Beige Brown - Pointure 40 EU,Salomon,87.50,EUR,24,40,https://www.vinted.es/items/10278378138-salomon-xt6-wren-kangoroo-vanilla-ice-beige-brown-pointure-40-eu,https://images1.vinted.net/t/06_002d1_uLzcWKyonRCDvgEfdEEWrkGE/f800/a5b2a200.webp?s=357e0e220749ba9d0f03bcdb35813cffc9cfa4bc
2026-10-07T11:30:23,10278401499,New Balance 9060 bruin,New Balance,80.00,EUR,9,37.5,https://www.vinted.es/items/10278401499-new-balance-9060-bruin,https://images1.vinted.net/t/02_00c6a_xA9V9UsdhCsTr1nEKPrLSJTb/f800/da8a877d.webp?s=4be5b0f4df24fa2e8a4b86cd153874b42905d7db
2026-10-07T11:30:23,10278409231,Nike P6000 beige,Nike,85.00,EUR,0,39,https://www.vinted.es/items/10278409231-nike-p6000-beige,https://images1.vinted.net/t/06_015d7_y4msk1DizzNKqFbPgZLCuDPw/f800/951d57b1.webp?s=aa61fbd432fce71ef7b3b394c8d03cccd58dd7b2
2026-10-07T11:30:23,10278394891,Asics gel-sekiran orange,Asics,100.00,EUR,1,42,https://www.vinted.es/items/10278394891-asics-gel-sekiran-orange,https://images1.vinted.net/t/05_005bd_PbQUsm6DMeMCHBciF1ifJVV3/f800/81520f0f.webp?s=b7d1fcb68d013332a2d734be9bfbef0252a26120
2026-10-07T11:30:23,10278403210,Nike Shox TL schwarz,Nike,95.00,EUR,0,39,https://www.vinted.es/items/10278403210-nike-shox-tl-schwarz,https://images1.vinted.net/t/06_01932_aSVD9aBT6JfAX5C9YT1iHW9T/f800/7d2488f6.webp?s=fd41a10f1b6c825c60010c2ba8568866a6dea747
2026-10-07T11:30:23,10278405703,Nike rift 2. Size 42,Nike,150.00,EUR,0,42,https://www.vinted.es/items/10278405703-nike-rift-2-size-42,https://images1.vinted.net/t/05_003a3_JxqyZSzUq1gBr9Tgaw6pHUHD/f800/e2aaead0.webp?s=072283ad4b1382b6348f9440ac48022c78415ea6
2026-10-07T11:30:23,10278400895,ASICS x Cecilie Bahnsen,Asics,150.00,EUR,1,38,https://www.vinted.es/items/10278400895-asics-x-cecilie-bahnsen,https://images1.vinted.net/t/06_01c4d_CeCndnfxVWWhfbYkFWERBPx9/f800/39d98f74.webp?s=96f0d788e4dc4783ce50ed10889cf5c8b1009e73
2026-10-07T11:30:23,10278308745,Saucony 39,Saucony,70.00,EUR,0,39,https://www.vinted.es/items/10278308745-saucony-39,https://images1.vinted.net/t/02_02415_xh29XG63KftMGKAb6YpSVSL6/f800/43e12951.webp?s=6d76940cd71b91646f6e9ef8b65defbbc3ee17e9
2026-10-07T11:30:23,10278370879,ASICS sport style GEL-NYC unisex cream/cloud grey 39,Asics,100.00,EUR,2,39,https://www.vinted.es/items/10278370879-asics-sport-style-gel-nyc-unisex-creamcloud-grey-39,https://images1.vinted.net/t/05_00eca_JaoBNptMkZDDMBChwa1NBaPS/f800/616c1efd.webp?s=92c30d4b6e48e541c8bf5299872c57fcc509dcf7
2026-10-07T11:30:23,10278365751,Nike Air Force,Nike,70.00,EUR,0,38.5,https://www.vinted.es/items/10278365751-nike-air-force,https://images1.vinted.net/t/02_0201e_nxbhrB5vVfVqKEPxttKLabi2/f800/5a18ac21.webp?s=7f593b826951601344360bc0fdb0a028a521a9bc
2026-10-07T11:30:23,10278369527,Chloe Sneaker,Chloé,120.00,EUR,4,39,https://www.vinted.es/items/10278369527-chloe-sneaker,https://images1.vinted.net/t/02_021e5_DqmfZAgrjkaLQ6Q62x2oLX5B/f800/4f4ab6c1.webp?s=1c403d203d4d444c885df0f3822e42122a20ae48
2026-10-07T11:30:23,10278356917,Nike Air Max 1 Jacquemus rouge taille 36.5,Nike,120.00,EUR,2,36.5,https://www.vinted.es/items/10278356917-nike-air-max-1-jacquemus-rouge-taille-365,https://images1.vinted.net/t/02_00ffc_5aTTkqJfdYrtLC3mTNBYDhVr/f800/e63986da.webp?s=049d28fb00b3827cb2b09717527ceb71a0558d15
2026-10-07T11:30:23,10278365751,Nike Air Force,Nike,70.00,EUR,0,38.5,https://www.vinted.es/items/10278365751-nike-air-force,https://images1.vinted.net/t/02_0201e_nxbhrB5vVfVqKEPxttKLabi2/f800/5a18ac21.webp?s=7f593b826951601344360bc0fdb0a028a521a9bc
2026-10-07T11:30:23,10277017562,Salomon XT6 khaki turtledove talla 39 1/3,Salomon,89.90,EUR,37,39,https://www.vinted.es/items/10277017562-salomon-xt6-khaki-turtledove-talla-39-13,https://images1.vinted.net/t/05_02210_if3gVmVfdkEuyXc5LttLkFMa/f800/f63e3841.webp?s=f334cc078c784ce3278da87bb203e6501a63b4cb
2026-10-07T11:30:23,10278393831,Nike Free Metcon 7 mujer,Nike,110.00,EUR,0,36,https://www.vinted.es/items/10278393831-nike-free-metcon-7-mujer,https://images1.vinted.net/t/06_00ff5_h5jmSJx26SGB4hnazHFYQbTf/f800/e7d22c89.webp?s=8d0a0e741a6b81d001ee900064e35894bb4ce926
2026-10-07T11:30:23,10278394622,Baskets femme,Loewe,1000.00,EUR,0,36,https://www.vinted.es/items/10278394622-baskets-femme,https://images1.vinted.net/t/01_013c9_yUGcCpg6q7N6uUz9dTqcAxdD/f800/7b7ef2c7.webp?s=a5cab4e3bfddefce01e72a206b18c9d34bbf4843
2026-10-07T11:30:23,10278280270,Chaussures asics,Asics,80.50,EUR,0,38,https://www.vinted.es/items/10278280270-chaussures-asics,https://images1.vinted.net/t/05_02538_dQ3DpeE3aV2PGetf9BkSFJBi/f800/03a7c46d.webp?s=ef51935487e3857a71f32c21334011b676072007
2026-10-07T11:30:23,10278369527,Chloe Sneaker,Chloé,120.00,EUR,4,39,https://www.vinted.es/items/10278369527-chloe-sneaker,https://images1.vinted.net/t/02_021e5_DqmfZAgrjkaLQ6Q62x2oLX5B/f800/4f4ab6c1.webp?s=1c403d203d4d444c885df0f3822e42122a20ae48
2026-10-07T11:30:23,10278353565,"Nike Air Force “White Roses""",Nike,120.00,EUR,1,40,https://www.vinted.es/items/10278353565-nike-air-force-white-roses,https://images1.vinted.net/t/02_00ba0_nnppoV3paWWvpxojEwojVScA/f800/74d637fd.webp?s=1ec487fe6b8563ffda0602c30c2bf8b478650536
2026-10-07T11:30:23,10278391485,HOFF Bridge Nappa Chocolate,HOFF,145.00,EUR,0,40,https://www.vinted.es/items/10278391485-hoff-bridge-nappa-chocolate,https://images1.vinted.net/t/05_01dbc_QsuULAqf5heyBGHnvjXhZQ9x/f800/e7da0505.webp?s=86ba789f784b5554a70d46ea09f32ed554873a6b
2026-10-07T11:30:23,10278356669,Neue Wildling Nebula Barfußschuhe,Wildling,95.00,EUR,0,43,https://www.vinted.es/items/10278356669-neue-wildling-nebula-barfussschuhe,https://images1.vinted.net/t/06_0183f_VUnBLwqKuHNzKGUsbmmyn5J5/f800/d7984664.webp?s=4bec7cb8680ba50234e282cba0c1b775bb38d355
2026-10-07T11:30:23,10278356477,Golden Goose Superstar blanches étoile dorée paillettes,Golden Goose,150.00,EUR,18,37,https://www.vinted.es/items/10278356477-golden-goose-superstar-blanches-etoile-doree-paillettes,https://images1.vinted.net/t/01_01447_iGqiMkc6jmrmeXvujz8w9Tri/f800/86e0a659.webp?s=4123cd51324cf4fe16d3c10f309cdcd66a5d777e
2026-10-07T11:30:23,10273669891,Sneakers running Le Coq Sportif taille 41 neuves,Le Coq Sportif,95.00,EUR,0,41,https://www.vinted.es/items/10273669891-sneakers-running-le-coq-sportif-taille-41-neuves,https://images1.vinted.net/t/05_011fd_5PBbsxcdhDVLVSSuAcDVKz9j/f800/e40d2697.webp?s=d49e077f45d2ad18fbca1a5b74faf6698410fdfc
2026-10-07T11:30:23,10278380516,Chaussure Van’s excellent état,Vans,80.00,EUR,0,36,https://www.vinted.es/items/10278380516-chaussure-vans-excellent-etat,https://images1.vinted.net/t/05_015f5_rffBPdA8SZtLFrpQ1ahyeaEP/f800/3310ec63.webp?s=bb216c531cd9239c89348d0111fcf6f84dd68563
2026-10-07T11:30:23,10278376994,Adidas temper run 2 W,adidas,85.00,EUR,0,41.5,https://www.vinted.es/items/10278376994-adidas-temper-run-2-w,https://images1.vinted.net/t/05_01616_sr7f8n4pad17GxQ4qNFvTvPF/f800/88f23641.webp?s=e6d2ca5fbb9cbbb8f6ab2456a1f2130dd3f98f3b
2026-10-07T11:30:23,10273855896,Sneakers running Le Coq Sportif taille 41 neuves,Le Coq Sportif,93.00,EUR,0,41,https://www.vinted.es/items/10273855896-sneakers-running-le-coq-sportif-taille-41-neuves,https://images1.vinted.net/t/04_016fb_svnHzdxGA4BjWqZrHXKBHrJz/f800/d4b160f1.webp?s=e8a7c5daa860492337c37707eacf7a9cd9587c5c
2026-10-07T11:30:23,10278378370,New Balance 9060,New Balance,79.00,EUR,3,Autre,https://www.vinted.es/items/10278378370-new-balance-9060,https://images1.vinted.net/t/01_021eb_ATK8qoDKwwP2trQFH1QXe138/f800/aa38e62c.webp?s=e19c2bfc3f029751a090ad47cd86207bc94c0893
2026-10-07T11:30:23,10278372694,Zapatillas karl Lagerfeld,Karl Lagerfeld,75.00,EUR,0,38.5,https://www.vinted.es/items/10278372694-zapatillas-karl-lagerfeld,https://images1.vinted.net/t/01_00f6a_mL3iBbeoXcaSkvfkF5b8zixX/f800/948f929a.webp?s=70e9aab79e44c2b589df46d8d938e8f2ba6fb1f3
2026-10-07T11:30:23,10278378472,Nike Air Max 270 Weiß / Schwarz – Gr. 40.5 – NEU & Ungetragen im Karton,Nike,95.00,EUR,0,40.5,https://www.vinted.es/items/10278378472-nike-air-max-270-weiss-schwarz-gr-405-neu-ungetragen-im-karton,https://images1.vinted.net/t/06_023d1_PV6QPSQzdEM1xLAFESnvYfoy/f800/4f1ef8d4.webp?s=67244cc50657f76a8bf475e38fc222cb7585fad2
2026-10-07T11:30:23,10278377196,Versace Couture Schuhe gr.37,Versace Jeans Couture,75.00,EUR,0,37,https://www.vinted.es/items/10278377196-versace-couture-schuhe-gr37,https://images1.vinted.net/t/06_00b17_nCfEjF49zJtyqBC5xnrvZAnu/f800/202941f9.webp?s=b92b5013139437785c7c6336b9776f8e40796544
2026-10-07T11:30:23,10278366846,New Balance XC-72 Schwarze Unisex Sneakers,New Balance,85.00,EUR,0,40.5,https://www.vinted.es/items/10278366846-new-balance-xc-72-schwarze-unisex-sneakers,https://images1.vinted.net/t/01_0062b_64TL8vAB5zor8fsWvSdAd3tn/f800/8f742fc7.webp?s=2490607c6c3b11a1e624aee4e0f6458d1029f0d3
2026-10-07T11:30:23,10278353513,Nike air max moto 2K maat 40,Nike,80.00,EUR,1,40,https://www.vinted.es/items/10278353513-nike-air-max-moto-2k-maat-40,https://images1.vinted.net/t/05_01326_7s1xsCRbDJrdyHpHPLSnziGw/f800/12a45275.webp?s=5de962caaef6486b4ffb50c734a32c8478b46a23
2026-10-07T11:30:23,10278362153,New balance 530,New Balance,85.00,EUR,0,41.5,https://www.vinted.es/items/10278362153-new-balance-530,https://images1.vinted.net/t/02_024fd_nskBEyqMU63hNYQQ5pRVRQrw/f800/00247656.webp?s=2fe0e6b9b02c4ffed5254ea83f9aaf8ca4b31b32
2026-10-07T11:30:23,10278364614,Asics Gel-Cumulus 16,Asics,99.99,EUR,0,36,https://www.vinted.es/items/10278364614-asics-gel-cumulus-16,https://images1.vinted.net/t/02_01b59_kdgbwTv433Gr7ve2pMXEjtrK/f800/7f50a368.webp?s=00c68ed6cd49aae497d57aeab31e012851d9bc87
2026-10-07T11:30:23,10278366020,Basket,Yeezy,70.00,EUR,0,39,https://www.vinted.es/items/10278366020-basket,https://images1.vinted.net/t/04_00e1b_JYzRsuHE4z6wrXLz4TShEWaB/f800/2b04ac3d.webp?s=ea3b7f6f03914a04fc7f34e83942a109c0c37616
2026-10-07T11:30:23,10276417115,"Baskets Golden Goose Superstar, finition vintage paillettes",Golden Rose,130.55,EUR,21,40,https://www.vinted.es/items/10276417115-baskets-golden-goose-superstar-finition-vintage-paillettes,https://images1.vinted.net/t/02_01614_DDGwkwMNAmR2jULxhzcDrwyA/f800/2bd1a1d2.webp?s=9e39dc9cf3bf5671d2f8b7ea7ab97cec04c324d9
2026-10-07T11:30:23,10278353446,Asics sneakers,Asics,75.00,EUR,0,40.5,https://www.vinted.es/items/10278353446-asics-sneakers,https://images1.vinted.net/t/06_006dc_waRFrYm7w7wBgo41i9nqJifL/f800/6d028f7a.webp?s=7fcc57f724260e3df01ae6677de9b629514361ee
2026-10-07T11:30:23,10278359909,New Balance 9060 Green Olivine,New Balance,180.00,EUR,1,38,https://www.vinted.es/items/10278359909-new-balance-9060-green-olivine,https://images1.vinted.net/t/02_006f0_6f5zzYFc3FQfMhyw6pWjDiiK/f800/61734186.webp?s=69f1f7ecfd2746a1874868fd4d64e24dcb92e219
2026-10-07T11:30:23,10277888402,New balance 9060,New Balance,105.00,EUR,0,39.5,https://www.vinted.es/items/10277888402-new-balance-9060,https://images1.vinted.net/t/05_00d5c_sb5rfpWwaPHxQwetH1ajHYu7/f800/000bdd7e.webp?s=3d01889fc5d0fb693f0b5b6ab837c488a33295b4
2026-10-07T11:30:23,10278348435,Faguo - Lumbo Suede,FAGUO,70.00,EUR,0,38,https://www.vinted.es/items/10278348435-faguo-lumbo-suede,https://images1.vinted.net/t/06_0069b_mE7SmDTPX6diLgaaonV5ghvV/f800/00d4347b.webp?s=534c93ee6bf6fc4d82ca8ace8594646d30222996
2026-10-07T11:30:23,10278356764,Nike Schuhe,Nike,80.00,EUR,12,40.5,https://www.vinted.es/items/10278356764-nike-schuhe,https://images1.vinted.net/t/04_002e5_eFCKDqvPMqVkVFtjHJVPVorw/f800/49788ba5.webp?s=efcfdc56ef3c105a6cfd65151314f7676bdbc7f0
2026-10-07T11:30:23,10278351860,👟 Nike Air Force 1 Low ’07 sail Fir Green,Nike,79.00,EUR,0,38.5,https://www.vinted.es/items/10278351860-nike-air-force-1-low-07-sail-fir-green,https://images1.vinted.net/t/05_00655_Xx7wHWHe2Y9Z8Dz4RcvvkX3y/f800/668b0afb.webp?s=7e626bb34378e9bd7c39b9f1f16e29a9cbdd3340
2026-10-07T11:30:23,10271088124,Samba OG Brown,adidas,80.00,EUR,44,38.5,https://www.vinted.es/items/10271088124-samba-og-brown,https://images1.vinted.net/t/02_01f3c_ctG6WbZ4UCptYHcozHPoVns5/f800/13a4b57e.webp?s=763ed9831ec34d37a612c753e39c9899a40a0192
2026-10-07T11:30:23,10278331034,New balance phantom/sea salt 40,New Balance,70.00,EUR,0,40,https://www.vinted.es/items/10278331034-new-balance-phantomsea-salt-40,https://images1.vinted.net/t/01_0171a_8dzJNqJ5HBWmxrAaWQhxRAYC/f800/0da18fea.webp?s=a09dde128ad18b4fd99ae14375217d6ace7c5d28
2026-10-07T11:30:23,10278354663,Scarpe con lacci crime london,Crime London,80.00,EUR,2,37,https://www.vinted.es/items/10278354663-scarpe-con-lacci-crime-london,https://images1.vinted.net/t/05_00a67_17NxKqNeLmfbmmRdvE6CZzAn/f800/8c6c080e.webp?s=7e13e783c376d0f7d023ed43beb19dc3eb4faa6c
2026-10-07T11:30:23,10278335037,ASICS Gel-Cumulus 16,Asics,90.00,EUR,1,40,https://www.vinted.es/items/10278335037-asics-gel-cumulus-16,https://images1.vinted.net/t/02_000c7_CTZBvjniP9ZfLXUMjfrwmRk2/f800/eab433f0.webp?s=43be575eea5ed05aa2f1520fd632c0675e98d63c
2026-10-07T11:30:23,10278343929,Vintage Prada 39,Prada,100.00,EUR,7,39,https://www.vinted.es/items/10278343929-vintage-prada-39,https://images1.vinted.net/t/06_023ce_PKGzh4pkMk9nQ53boXHBWxsS/f800/ae5fe0d4.webp?s=3fcf00d743a8f6a3af04fb0ac644180a2610dadc
2026-10-07T11:30:23,10278355117,"New Balance 9060 U90608AP Driftwood Timberwolf 38,5",New Balance,279.00,EUR,1,38.5,https://www.vinted.es/items/10278355117-new-balance-9060-u90608ap-driftwood-timberwolf-385,https://images1.vinted.net/t/02_00214_Qy9eHtMGUzR3D8pwXawfWmog/f800/a9fee06c.webp?s=2b28378f5eba34ee6a49075a87ac969b42060cea
2026-10-07T11:30:23,10278335470,samba blache,adidas,80.00,EUR,0,42,https://www.vinted.es/items/10278335470-samba-blache,https://images1.vinted.net/t/05_0196a_FeD3xwZTNKobtYvd5iT3ZpmW/f800/b745388b.webp?s=fc9b1d4cbc9465b4737a8ccc760134ebced5bc44
2026-10-07T11:30:23,10278346558,Nike Zoom Air Fire Damen Sneaker,Nike,75.00,EUR,0,38.5,https://www.vinted.es/items/10278346558-nike-zoom-air-fire-damen-sneaker,https://images1.vinted.net/t/02_01bd0_Lbq72WMeXSFDyMTanGvcTgdq/f800/ca43edaa.webp?s=0db81a67f819b8074309f22bad52ecd91d9429c5
2026-10-07T11:30:23,10278341825,• Adidas Sambae Liberty London Floral Embroidery 38 2/3,adidas,85.00,EUR,1,38.5,https://www.vinted.es/items/10278341825-adidas-sambae-liberty-london-floral-embroidery-38-23,https://images1.vinted.net/t/02_00111_w1zXaRPDjjEQebmfyargpF1c/f800/b8a017af.webp?s=bde634b64810b9ef9facdae0b597bf0ef61891a8
2026-10-07T11:30:23,10278306697,New balance 327 floral,New Balance,70.00,EUR,2,40,https://www.vinted.es/items/10278306697-new-balance-327-floral,https://images1.vinted.net/t/01_00408_Ai5w34WpxAmnz9gYXAPdiQgN/f800/0599f634.webp?s=9fd63e7ccdef3bc039f119341fd7d6a7ed0f2d66
2026-10-07T11:30:23,10273672115,Adidas spézial handball,adidas,75.00,EUR,4,39.5,https://www.vinted.es/items/10273672115-adidas-spezial-handball,https://images1.vinted.net/t/02_00b54_iMo6FdfJ2hvzdK2H5yScsZ9N/f800/ed0ba5ef.webp?s=9748dd7c3655e6cd70ac1592da5ffceb56770642
2026-10-07T11:30:23,10278338363,Chunky sneakers,Zara,100.00,EUR,0,38,https://www.vinted.es/items/10278338363-chunky-sneakers,https://images1.vinted.net/t/05_00d32_p35fuFQkcu51KGGD2yoEDddq/f800/b7976234.webp?s=ae5c4330470a5ad0c2f2353beb6abb4d0c3d4929
2026-10-07T11:30:23,10278332021,Basket,Alexander McQueen,110.00,EUR,0,39,https://www.vinted.es/items/10278332021-basket,https://images1.vinted.net/t/02_01727_TJLLsoK1oLj2oHqezX9Z3xds/f800/04c864d0.webp?s=61e28bacec12f574ac5e63e8cb8a36067c82a89e
2026-10-07T11:30:23,10278342652,"CLAE Bradley x Petites Luxures, 40",Clae,100.00,EUR,0,40,https://www.vinted.es/items/10278342652-clae-bradley-x-petites-luxures-40,https://images1.vinted.net/t/02_00bf2_THcqAobQQsnoyiCaUR8fsSco/f800/1060de43.webp?s=fdd5d03e7ed42788e95b8903552a24e112df0c63
2026-10-07T11:30:23,10278267879,Basket On neuve,On Cloud,90.00,EUR,1,36,https://www.vinted.es/items/10278267879-basket-on-neuve,https://images1.vinted.net/t/05_023cf_LURswELv5N9u8zVeGmR8AvCi/f800/80a2e828.webp?s=f066c25ab0bbadce8ad75b1b8aa7add188ff3213
2026-10-07T11:30:23,10278338098,Nike Initiator Sneaker,Nike,100.00,EUR,0,40.5,https://www.vinted.es/items/10278338098-nike-initiator-sneaker,https://images1.vinted.net/t/06_018f2_WfgrgicX7oFg6p7tndKemfCy/f800/01837905.webp?s=1f6ebaa4d4ccb260d4357a09af5d1e886ddd643b
2026-10-07T11:30:23,10278320545,New Balance sneakers,New Balance,75.00,EUR,0,41.5,https://www.vinted.es/items/10278320545-new-balance-sneakers,https://images1.vinted.net/t/06_00482_MRMzZNtQwMCyHnSrcJwe1hG3/f800/cc88272c.webp?s=a3108a64207b36d32bf55870cde4888ac63081e3
2026-10-07T11:30:23,10276307286,On baskets femme,On Cloud,86.00,EUR,11,38.5,https://www.vinted.es/items/10276307286-on-baskets-femme,https://images1.vinted.net/t/05_00352_qYpvWd7nP6NsqZbEY3JW3H8j/f800/33223cd2.webp?s=034993764190704df0862f041ffb95f586a17774
2026-10-07T11:30:23,10278257420,Baskets Asics,Asics,75.00,EUR,0,42,https://www.vinted.es/items/10278257420-baskets-asics,https://images1.vinted.net/t/05_00b86_imdXZBSevZDYRkkRgp7sq6Ws/f800/05e37514.webp?s=5dbe66e14e4189bfe317e264593a1811ff73fd41
2026-10-07T11:30:23,10278335539,Nike shox TL,Nike,80.00,EUR,1,35,https://www.vinted.es/items/10278335539-nike-shox-tl,https://images1.vinted.net/t/05_0166a_oiYL91Jj3frYBFypzQhYpG9s/f800/e2122c14.webp?s=994f913fe497acca952af755fcf9c4291a417573
2026-10-07T11:30:23,10273668561,Nike Air Force 1 '07 Next Nature,Nike,70.00,EUR,0,37.5,https://www.vinted.es/items/10273668561-nike-air-force-1-07-next-nature,https://images1.vinted.net/t/06_00ee6_cwUWvNKjVjervc1N3GuNcZLx/f800/1f4a72f4.webp?s=bf66bcedbaadff26192d3dd14bff89f994f86eae
2026-10-07T11:30:23,10276624021,baskets new balance,New Balance,70.00,EUR,9,39.5,https://www.vinted.es/items/10276624021-baskets-new-balance,https://images1.vinted.net/t/05_006ca_xgHQDCMA4uviHA9DVepGrwTZ/f800/c7117ecd.webp?s=8da1db22d9068556cca0f672fe2e375f2bb6ca1c
2026-10-07T11:30:23,10272523761,Ugg basket,UGG,80.00,EUR,33,37,https://www.vinted.es/items/10272523761-ugg-basket,https://images1.vinted.net/t/01_00c75_BJMVsiL7h1psmcXP65zoEQWU/f800/d4f5f998.webp?s=19dd8c425e471e9d81c38c5c0c2c91f4e42a97a0
2026-10-07T11:30:23,10273637662,Adidas Campus vertes,adidas,75.00,EUR,0,37.5,https://www.vinted.es/items/10273637662-adidas-campus-vertes,https://images1.vinted.net/t/06_01d5f_QvD6HT5xE7e4tgLjMvDzeW5i/f800/5f26420b.webp?s=8e2c9c4a8ddf19937c4a56d12f75972a4d3dd312
2026-10-07T11:30:23,10278331094,Basket,GUESS,70.00,EUR,0,35,https://www.vinted.es/items/10278331094-basket,https://images1.vinted.net/t/06_00304_DaetLRajwS37AoREHHQBjNK6/f800/f3c3b0b7.webp?s=b638c4aae625ed2d39afa55bf590eeedde416e1b
2026-10-07T11:30:23,10278325138,Nike Air Max 270,Nike,85.00,EUR,0,37.5,https://www.vinted.es/items/10278325138-nike-air-max-270,https://images1.vinted.net/t/05_01402_cKjtup2sbLwvAPivEsYsj9FE/f800/12214a29.webp?s=e731ae017e6a460a27067da4e055aa13c33dffd9
2026-10-07T11:30:23,10278324112,sneaker cult nuove con cartellino,Cult,85.00,EUR,0,39,https://www.vinted.es/items/10278324112-sneaker-cult-nuove-con-cartellino,https://images1.vinted.net/t/05_01ace_FwoNx4fX6fZtWZDpwoc8sCic/f800/e4b4d88d.webp?s=cbd2827340d21db9e2d5a38d06b68ff33edc7183
2026-10-07T11:30:23,10278323274,Converse Chuck Taylor Extreme Ox Blanche 40 Neuves low basse,Converse,79.00,EUR,2,40,https://www.vinted.es/items/10278323274-converse-chuck-taylor-extreme-ox-blanche-40-neuves-low-basse,https://images1.vinted.net/t/02_00dc9_3JYoCH93iZLxaBaX169LKg1y/f800/76cf2fc9.webp?s=103b3c4c2f170d0dd279205f2bf443d54f1b1bbc
2026-10-07T11:30:23,10278274676,Asics,Asics,95.00,EUR,1,38,https://www.vinted.es/items/10278274676-asics,https://images1.vinted.net/t/05_006ff_wTz27eCfudALmPShkiV3Wi4r/f800/f7fd0a2c.webp?s=3b940c084464b2a135d67a633adaec197992ee17
2026-10-07T11:30:23,10278317106,Adidas gazelle lo pro maculate taglia 38 2/3,adidas,95.00,EUR,0,38.5,https://www.vinted.es/items/10278317106-adidas-gazelle-lo-pro-maculate-taglia-38-23,https://images1.vinted.net/t/06_01721_t4JFPLo5s3VcaHDGeDPEZNP7/f800/908f5915.webp?s=cc68f3647cc7e165b171876fdc5f6cdd09200ac0
2026-10-07T11:30:23,10276438748,"ON Cloud Gr.39,fliederfarbig,Neuwertig",On Cloud,85.00,EUR,9,39,https://www.vinted.es/items/10276438748-on-cloud-gr39fliederfarbigneuwertig,https://images1.vinted.net/t/01_01512_ziLDECw1tsfeFN9Y6TZXyHrx/f800/474d0f60.webp?s=73caff4b7b00c0d7151c2e0f34125571bec3f196
2026-10-07T11:30:23,10278316185,Jordan 11,Jordan,100.00,EUR,0,38,https://www.vinted.es/items/10278316185-jordan-11,https://images1.vinted.net/t/02_01dc0_wDqZ8WsG27J6m14J55Z7Ae18/f800/0f3672d8.webp?s=4c246731e84738e67f5213887716cdcdc73e0b82
2026-10-07T11:30:23,10278316697,Nike Air Force 1 ’07 LX Happy Pineapple Vert Pastel – CZ0268-300,Nike,109.00,EUR,0,42.5,https://www.vinted.es/items/10278316697-nike-air-force-1-07-lx-happy-pineapple-vert-pastel-cz0268-300,https://images1.vinted.net/t/06_007e1_5AbVzJNDAuJaQGNmVYrw3vnB/f800/d4138814.webp?s=739adf39c56acfb6ef8377e1e6fa7af59662a504
2026-10-07T11:30:23,10278184072,Asics Gel-Kayano 14 Fjord / taille 39,Asics,88.00,EUR,4,39,https://www.vinted.es/items/10278184072-asics-gel-kayano-14-fjord-taille-39,https://images1.vinted.net/t/06_0251a_YNqHbHWLBiVioJspojQMt4NN/f800/194524c7.webp?s=0d9c4d767356defa36fe9239abbca81d288a8d95
2026-10-07T11:30:23,10276706229,Samba,adidas,90.00,EUR,8,36.5,https://www.vinted.es/items/10276706229-samba,https://images1.vinted.net/t/03_01cd6_8byVKBLzHBZYYkmpVYx1Dfb1/f800/d6cfd45a.webp?s=46501065340c8b0e61bfcfdcc15eef5cc73d2fec
2026-10-07T11:30:23,10278314383,Ténis Versace Chain Reaction,Versace,100.00,EUR,1,35,https://www.vinted.es/items/10278314383-tenis-versace-chain-reaction,https://images1.vinted.net/t/02_018d8_oAkTGFiMKfFmPNe23sV7dTjV/f800/ca46e7bb.webp?s=7756da344259becf592c976c84a519a6498f7e1d
2026-10-07T11:30:23,10278316081,"Converse Chuck Taylor All Star Ox basses, coloris noir/blanc",Converse,79.00,EUR,0,42,https://www.vinted.es/items/10278316081-converse-chuck-taylor-all-star-ox-basses-coloris-noirblanc,https://images1.vinted.net/t/06_00be3_FsrHfPbpGFUYo1wYckFbQE18/f800/5fd03301.webp?s=d843e7313db090f117a6490299280fa97af41eee
2026-10-07T11:30:23,10278294473,Adidas forum low,adidas,80.00,EUR,0,38,https://www.vinted.es/items/10278294473-adidas-forum-low,https://images1.vinted.net/t/01_01dee_1NK7KJEsci8CB6SNN9f8ZZ5H/f800/23f24be0.webp?s=239e0d9b55b3e26f4ced55aa751b0add56c3676b
2026-10-07T11:30:23,10278307769,Lanvin Curb,Lanvin,115.00,EUR,2,38,https://www.vinted.es/items/10278307769-lanvin-curb,https://images1.vinted.net/t/05_00e2b_7bwfNa35BE8fxvALZBKGiyYF/f800/609109b4.webp?s=e816e386f97733d1722588040ce83be19263ef82
2026-10-07T11:30:23,10278275932,hoka mafate 40 2/3,Hoka,90.00,EUR,0,40.5,https://www.vinted.es/items/10278275932-hoka-mafate-40-23,https://images1.vinted.net/t/04_0118b_2kbCvVkA3PjVo5XRfhMeSonY/f800/b6f43d5c.webp?s=2e50aaab25854f0bb9a52b51c8c0873820a524bd
2026-10-07T11:30:23,10278310707,Converse Platform Il Maltese Lab borchiate n.35 pari al nuovo,Converse,80.00,EUR,0,35,https://www.vinted.es/items/10278310707-converse-platform-il-maltese-lab-borchiate-n35-pari-al-nuovo,https://images1.vinted.net/t/06_01dcf_X4ZkPLm6nX8ukV5M1i2ZKtZ5/f800/9b820e6e.webp?s=b8c4597a9c2b66c4b3624cf76ac56db0f9a2add0
2026-10-07T11:30:23,10278213841,Asics,Asics,75.00,EUR,1,37,https://www.vinted.es/items/10278213841-asics,https://images1.vinted.net/t/04_01204_ViPENT9mAhh7hLqHxqMHGFeQ/f800/e84551d9.webp?s=d7d3314e1dec80b26df7a82a1b2c7837e3b6b013
2026-10-07T11:30:23,10278290786,Nike Airforce sneaker custom minion unisex,Nike,80.00,EUR,1,39,https://www.vinted.es/items/10278290786-nike-airforce-sneaker-custom-minion-unisex,https://images1.vinted.net/t/06_01b34_Miek4nEXUmYeV4kA9qz94BHf/f800/3a7a1ee8.webp?s=668476e8f71068d85727fd8fb7e0f5af26eb4fd9
2026-10-07T11:30:23,10278293878,Sneakers Crime neuves paillettes violettes,Crime London,95.00,EUR,1,37,https://www.vinted.es/items/10278293878-sneakers-crime-neuves-paillettes-violettes,https://images1.vinted.net/t/02_01da6_RPBVafUNpobx1pfQDNXsQuqW/f800/41c53e6e.webp?s=79d199b23e251872d23669e0e4a71db3349bc3f1
2026-10-07T11:30:23,10278264775,Basket flamme Sandro édition limitée,Sandro,75.00,EUR,0,36,https://www.vinted.es/items/10278264775-basket-flamme-sandro-edition-limitee,https://images1.vinted.net/t/06_00f1a_nuWifxtzEA5rPAJnhgF3uyQB/f800/039ba320.webp?s=af40b1a8f4da4d96623be5ade0900ede320cc55f
2026-10-07T11:30:23,10278297582,Puma Speedcats,Puma,79.00,EUR,4,40,https://www.vinted.es/items/10278297582-puma-speedcats,https://images1.vinted.net/t/05_016da_xTCG629cmbHPmYgCUSAiUiM4/f800/554fa23b.webp?s=33a21f9faca2534cbb4876721c3e87c0bd3b9716
2026-10-07T11:30:23,10273629182,New balance 550,New Balance,70.00,EUR,0,39,https://www.vinted.es/items/10273629182-new-balance-550,https://images1.vinted.net/t/02_00bf9_6KotRhck6uBm89nWsB3FjmnM/f800/727a5869.webp?s=02ed1888dab3a603d05c42d4379685d9a26b27b8
2026-10-07T11:30:23,10273638622,Scarpe samba,adidas,80.00,EUR,0,35.5,https://www.vinted.es/items/10273638622-scarpe-samba,https://images1.vinted.net/t/02_02589_q7ZNUroTCKkwRyVZ5N365adi/f800/d5752394.webp?s=a788275ba71ad98d7fe23de0c93aec07fa470d2e
2026-10-07T11:30:23,10278294299,"Sneakers donna New balance 9060 n .38,5",New Balance,140.00,EUR,1,38.5,https://www.vinted.es/items/10278294299-sneakers-donna-new-balance-9060-n-385,https://images1.vinted.net/t/06_02222_ffxFcfP5QVhsdWLpjeRWtoG8/f800/41ce009b.webp?s=e0e2a54d8b9244ab70e893200889d365629a7ed1
2026-10-07T11:30:23,10278270860,Air Jordan 1 Low SE Sky J Orange – New / Never Worn,Nike,80.00,EUR,0,38.5,https://www.vinted.es/items/10278270860-air-jordan-1-low-se-sky-j-orange-new-never-worn,https://images1.vinted.net/t/02_015fe_969nkzRKx7XwX41568bgmHDd/f800/ea98d5a5.webp?s=004c8cb73a2c6c6e2a6629f8d3d2f58818889c6a
2026-10-07T11:30:23,10278284167,Asics,Asics,75.00,EUR,0,40,https://www.vinted.es/items/10278284167-asics,https://images1.vinted.net/t/06_0007a_gDazrgaUjRyGcNYicqABAf56/f800/44a3edb5.webp?s=00d92d6be92427a8e18bf6a9f29f225901ae49fa
2026-10-07T11:30:23,10278278008,Sneaker Nero Giardini donna,Nero Giardini,80.00,EUR,0,39,https://www.vinted.es/items/10278278008-sneaker-nero-giardini-donna,https://images1.vinted.net/t/05_01dfc_98wH18keaSTMRFS9pTVQgCqb/f800/0f7ee351.webp?s=138de33dbab7937505f0b6bcc59e8b496ec0a567
2026-10-07T11:30:23,10273560596,Samba Og Léopard,adidas,80.00,EUR,2,39,https://www.vinted.es/items/10273560596-samba-og-leopard,https://images1.vinted.net/t/06_007ec_2TZyvXUo4hXbEq663HRnS5hE/f800/d9c86f3a.webp?s=e1961a9a107378fa6d1ddb28740bef230c40a695
2026-10-07T11:30:23,10278292861,Alte stallschuhe mit Geruch,Alte stallschuhe mit Geruch,75.00,EUR,5,40,https://www.vinted.es/items/10278292861-alte-stallschuhe-mit-geruch,https://images1.vinted.net/t/05_0200f_hEonih2B3jE2CaDpfoGrQAK5/f800/ddcd4892.webp?s=fa7578bfedda1a93005512f019747cc38c32a77a
2026-10-07T11:30:23,10278287373,Basket Numeris Océan unisexe | taille 40 | Neuf,Numeriś,149.99,EUR,0,40,https://www.vinted.es/items/10278287373-basket-numeris-ocean-unisexe-taille-40-neuf,https://images1.vinted.net/t/03_00946_SAhzF9mK5bkt2eo9UvkyEggr/f800/e10f66fe.webp?s=e7e2058e3e907da557b79dfa926eed660f105c8c
2026-10-07T11:30:23,10277227746,Onitsuka tigers kill bill,Onitsuka Tiger,75.00,EUR,7,40,https://www.vinted.es/items/10277227746-onitsuka-tigers-kill-bill,https://images1.vinted.net/t/05_008c7_LFvtVXEcyei8327iqkgeUDNF/f800/07bf9c04.webp?s=173132ec7ff64ba8a7bdc44fc84ce4d0f8defa4a
2026-10-07T11:30:23,10273622788,Zapatillas adidas,adidas,85.00,EUR,0,41,https://www.vinted.es/items/10273622788-zapatillas-adidas,https://images1.vinted.net/t/01_00b06_u96cAhSETn9FZPk2gm7QbtLu/f800/60b30620.webp?s=75113c531612ebb0731a0e340f1421c3eb2ec84a
2026-10-07T11:30:23,10278253395,Basket gazelle bold,adidas,80.00,EUR,2,38,https://www.vinted.es/items/10278253395-basket-gazelle-bold,https://images1.vinted.net/t/02_0002a_bwH82YjQszdtA5fwV1iXEr5x/f800/3e47248e.webp?s=827a768f0f0ecc6744e6639d46ab74534618dba0
2026-10-07T11:30:23,10278277305,Sapatilhas Coach,Coach,90.00,EUR,1,36.5,https://www.vinted.es/items/10278277305-sapatilhas-coach,https://images1.vinted.net/t/05_00714_pudBbK6tmjkbCryV8Hb1wcvp/f800/40117e12.webp?s=b7a129959af2310075f8d60fbb718707b052498c
2026-10-07T11:30:23,10278268693,Asics,Asics,75.00,EUR,0,39,https://www.vinted.es/items/10278268693-asics,https://images1.vinted.net/t/04_000b8_gS3wxMEoosQ3oBV8kYvHtKV9/f800/afe33830.webp?s=d7b03843501bafe37e9396dfab57916c32023484
2026-10-07T11:30:23,10278268796,"New Balance 9060 Speaker Größe 38,5 grün",New Balance,100.00,EUR,0,38.5,https://www.vinted.es/items/10278268796-new-balance-9060-speaker-grosse-385-grun,https://images1.vinted.net/t/01_0260a_3bLEJjKGPvWrLNWKTd3FBbiG/f800/d556af38.webp?s=79bc0d7483dc86c64775f48685c0e6ed482e3505
2026-10-07T11:30:23,10278270618,Schöne virale braune herbstliche Sneaker Spezial von Adidas,adidas,90.00,EUR,4,38.5,https://www.vinted.es/items/10278270618-schone-virale-braune-herbstliche-sneaker-spezial-von-adidas,https://images1.vinted.net/t/05_01bb8_HUCvwfCRNjC8oSdhLUTipW7f/f800/257f1d7f.webp?s=e1b86c1d6f480628635e319519984bb341938e26
2026-10-07T11:30:23,10278275593,Gucci run sneakers,Gucci,175.00,EUR,1,36.5,https://www.vinted.es/items/10278275593-gucci-run-sneakers,https://images1.vinted.net/t/02_019de_t7FxhF3Q7ZjQXHw1iAfKze44/f800/ba6637a6.webp?s=c8e382a00d58674d001c86c29efc6fc768f825ae
2026-10-07T11:30:23,10278184063,Mizuno sneakers,MIZUNO,80.00,EUR,0,38,https://www.vinted.es/items/10278184063-mizuno-sneakers,https://images1.vinted.net/t/05_0146c_EUvDJPqvs6UovTGmqdAXUKpY/f800/ebd14860.webp?s=cd139191bb7b64a399ecbf5daa76ade90076b7c9
2026-10-07T11:30:23,10278275486,Vomero 5 Chrome,Nike,90.00,EUR,0,36.5,https://www.vinted.es/items/10278275486-vomero-5-chrome,https://images1.vinted.net/t/06_0139f_vT66Pa6FyUfiKBDkK1iejHRo/f800/bbaad6d8.webp?s=eadd3c6c9c29aea27e6ea8a0a7bcea2741037cf2
2026-10-07T11:30:23,10278267686,Nike Airforce spongebob custom sneaker Unikat selten,Nike,80.00,EUR,3,39,https://www.vinted.es/items/10278267686-nike-airforce-spongebob-custom-sneaker-unikat-selten,https://images1.vinted.net/t/05_018ee_rSSm3reUWDwkddn7HrMHhsGc/f800/173f740c.webp?s=3178d90f8c3b0e712a34284ed515eaa74a226c41
